[2026-09-03 12:55:29] Scan Complete. Preserved: 1 files. Purged Bloat: 0 files (0 KB freed).
[2026-09-03 13:02:49] HITL Purge Denied by Operator. Files retained.
[2026-09-03 13:04:48] Purge Denied by Operator. Files retained.
[2026-09-03 13:06:23] Purge Denied by Operator. Files retained.
[2026-09-03 13:07:54] Purged jaiss_core_package.bin [Category: Large Binary Blob]
[2026-09-03 13:07:54] Purged 881a1edf0c9afb0e768dffa039c97252d5c294 [Category: Orphaned Hash Cache]
[2026-09-03 13:07:54] Purged 531961840f3f4c85f0c456a9bc3f326c4e3523 [Category: Orphaned Hash Cache]
[2026-09-03 13:07:54] Purged c25e61a2857f3c3e286c61ccbbdadb315157bb [Category: Orphaned Hash Cache]
[2026-09-03 13:07:54] Purged 4e2eb32cd42bb98c6acae6b69e21abd7ae6810 [Category: Orphaned Hash Cache]
[2026-09-03 13:07:54] Purged ecb7c373b1704c9bfb403c07e6b857e29d8804 [Category: Orphaned Hash Cache]
[2026-09-03 13:07:54] Purged 6676e50215de47531310d473962acb78c31b98 [Category: Orphaned Hash Cache]
[2026-09-03 13:07:54] Purged 604ea5b892fab1148abea389a3c7cca590a09a [Category: Orphaned Hash Cache]
[2026-09-03 13:07:54] Purged 2a7b2103c53b06f0eb8069f3411f412f333e54 [Category: Orphaned Hash Cache]
[2026-09-03 13:07:54] Purged 9e4ea7a21ad5cd22c18e001ccf849f60c94d4f [Category: Orphaned Hash Cache]
[2026-09-03 13:07:54] Purged aaec1015a5cd59f56f8d00845e1875876c0b63 [Category: Orphaned Hash Cache]
[2026-09-03 13:07:54] Purged 14a2b5495215a662a06fe037db297b5f8556fa [Category: Orphaned Hash Cache]
[2026-09-03 13:07:54] Purged 06710fcb8314843c4d5d8f57990186c257d8dc [Category: Orphaned Hash Cache]
[2026-09-03 13:07:54] Purged 46ae4d4bbacef528174729d2113bef03aa7fa3 [Category: Orphaned Hash Cache]
[2026-09-03 13:07:54] Purged 73d695d015b2b933a408d8de6f9dcb2269594e [Category: Orphaned Hash Cache]
[2026-09-03 13:07:54] Purged 84aeaf157464ead17ed633973fb4876c2848ea [Category: Orphaned Hash Cache]
[2026-09-03 13:07:54] Purged 8c300af6b99aec25ec244adab876c5a98bd5d4 [Category: Orphaned Hash Cache]
[2026-09-03 13:07:54] Purged 3374c62311f7ceed1438e114630dde531c07e4 [Category: Orphaned Hash Cache]
[2026-09-03 13:07:54] Purged 163f8ca198c2d26426b740714d773c4b0f562e [Category: Orphaned Hash Cache]
[2026-09-03 13:07:54] Purged d6b2d405f5c58a7d2b04eea8c31ac6ea7866fb [Category: Orphaned Hash Cache]
[2026-09-03 13:07:54] Purged 146ece5e811aa218f6f6128c539ba9eb5f87e4 [Category: Orphaned Hash Cache]
[2026-09-03 13:07:54] Purged 6020a09350eb4a85cf0c156111bb9ec67d5017 [Category: Orphaned Hash Cache]
[2026-09-03 13:07:54] Purged 1aeb8ac3a1b6d479fa3959051db21a2f60d72c [Category: Orphaned Hash Cache]
[2026-09-03 13:07:54] Purged c37a9891d814ab9ac73e3061717fa3ebf27c0b [Category: Orphaned Hash Cache]
[2026-09-03 13:07:54] Purged 5a16cd326bf05fa1b3af0f43a907dea0f06d03 [Category: Orphaned Hash Cache]
[2026-09-03 13:07:54] Purged c2ce7f18f5648b74600fa98896de05c23b8573 [Category: Orphaned Hash Cache]
[2026-09-03 13:07:54] Purged cd388f16579db456f0173e630f7049d574abf4 [Category: Orphaned Hash Cache]
[2026-09-03 13:07:54] Purged e36c66a4059ce887fbf9f7f4f0b93b97ac9f14 [Category: Orphaned Hash Cache]
[2026-09-03 13:07:54] Purged 3bce5bbc8694afce2cf8ff1b09c273bcf6035c [Category: Orphaned Hash Cache]
[2026-09-03 13:07:54] Purged b0d1bd3c2aa16ddcfc44dbddf46b551aa0f955 [Category: Orphaned Hash Cache]
[2026-09-03 13:07:54] Purged c13049cae64cc6598a47f13d73e335a0fd598b [Category: Orphaned Hash Cache]
[2026-09-03 13:07:54] Purged 71a99b7328a85d50d55b53e41434e9357bbf1e [Category: Orphaned Hash Cache]
[2026-09-03 13:07:54] Purged 2fdb696c17c521d789653b00d572ce9b5ce1c7 [Category: Orphaned Hash Cache]
[2026-09-03 13:07:54] Purged 62795007f89aa9de867ad7a88a4d2e81dc7fcb [Category: Orphaned Hash Cache]
[2026-09-03 13:07:54] Purged 02a173a5b75bcb24f9bb16320856a073fc2459 [Category: Orphaned Hash Cache]
[2026-09-03 13:07:54] Purged 5e3f8f8429fa8fcf4394f0c05b4599e4c90e13 [Category: Orphaned Hash Cache]
[2026-09-03 13:07:54] Purged d4708f94d4696f36eb66366c18ccf8c489bd5c [Category: Orphaned Hash Cache]
[2026-09-03 13:07:54] Purged ca47e6821df0b235fc953e56556a2280bab221 [Category: Orphaned Hash Cache]
[2026-09-03 13:07:54] Purged tmp_obj_7RvfeG [Category: Temporary Artifact]
[2026-09-03 13:07:54] Purged tmp_obj_hIVvnB [Category: Temporary Artifact]
[2026-09-03 13:07:54] Purged 693bc8eaccea8f16f7efadacad8189fa062628 [Category: Orphaned Hash Cache]
[2026-09-03 13:07:54] Purged 1e59cd636513e06d11ee6cee91b28002ea3bba [Category: Orphaned Hash Cache]
[2026-09-03 13:07:54] Purged 495b7923dafacff59825eaa6c3d884ba921ac2 [Category: Orphaned Hash Cache]
[2026-09-03 13:07:54] Purged 6b224d99d20f11d286937265ac8508c223698a [Category: Orphaned Hash Cache]
[2026-09-03 13:07:54] Purged 1c957c26614c4b128503c64179cf9cb6771cdb [Category: Orphaned Hash Cache]
[2026-09-03 13:07:54] Purged 603da93e27902ec2244dd381064e09a36b3c99 [Category: Orphaned Hash Cache]
[2026-09-03 13:07:54] Purged 46f85fd763201b301eca56126c5457b460477d [Category: Orphaned Hash Cache]
[2026-09-03 13:07:54] Purged dca13667d9558cecc18efcaa5673242d1210ff [Category: Orphaned Hash Cache]
[2026-09-03 13:07:54] Purged ef271450a02d2d0f4f4c7d3767fa3920d8b8a7 [Category: Orphaned Hash Cache]
[2026-09-03 13:07:54] Purged 36848277646f2b2f1c4028aa81dd3446d59c41 [Category: Orphaned Hash Cache]
[2026-09-03 13:07:54] Purged b0a3d41361900dd907cc1c3f2047b7f07c2b5e [Category: Orphaned Hash Cache]
[2026-09-03 13:07:54] Purged ceeee0fe69de9d604f57dc14574a850e39f6df [Category: Orphaned Hash Cache]
[2026-09-03 13:07:54] Purged c9daf8b752a1bc0cc83edf1293d06611026f7a [Category: Orphaned Hash Cache]
[2026-09-03 13:07:54] Purged 775322d34e217cbeec2f98e16541581f5dab60 [Category: Orphaned Hash Cache]
[2026-09-03 13:07:54] Purged 9ca91b4c9d72e245e54ccf89c401e1ed28fab3 [Category: Orphaned Hash Cache]
[2026-09-03 13:07:54] Purged 20237c00b794b663731f92d10433007da8cfea [Category: Orphaned Hash Cache]
[2026-09-03 13:07:54] Purged 40695508a2e5e68680dfbc861d94bdc4bab8d6 [Category: Orphaned Hash Cache]
[2026-09-03 13:07:54] Purged f120f824baea1210bf3d24726dbd99e3374c93 [Category: Orphaned Hash Cache]
[2026-09-03 13:07:54] Purged 852d2eaf1467c9374442d1c4e42006ce538b46 [Category: Orphaned Hash Cache]
[2026-09-03 13:07:54] Purged 3e93d22dc3160c6985593aad3973988ffe99d0 [Category: Orphaned Hash Cache]
[2026-09-03 13:07:54] Purged 743babfb17f13fb925f7310b798b6cf3e48413 [Category: Orphaned Hash Cache]
[2026-09-03 13:07:54] Purged 6b99116eabb7fd8727458a0257334bde941070 [Category: Orphaned Hash Cache]
[2026-09-03 13:07:54] Purged 3bd0e7bde39bbe9aa298e104892ca46b93eebc [Category: Orphaned Hash Cache]
[2026-09-03 13:07:54] Purged a196bf0b8f9fd173114a1dc6d021942efe73a6 [Category: Orphaned Hash Cache]
[2026-09-03 13:07:54] Purged 881a1edf0c9afb0e768dffa039c97252d5c294 [Category: Orphaned Hash Cache]
[2026-09-03 13:07:54] Purged 531961840f3f4c85f0c456a9bc3f326c4e3523 [Category: Orphaned Hash Cache]
[2026-09-03 13:07:54] Purged c25e61a2857f3c3e286c61ccbbdadb315157bb [Category: Orphaned Hash Cache]
[2026-09-03 13:07:54] Purged 4e2eb32cd42bb98c6acae6b69e21abd7ae6810 [Category: Orphaned Hash Cache]
[2026-09-03 13:07:54] Purged ecb7c373b1704c9bfb403c07e6b857e29d8804 [Category: Orphaned Hash Cache]
[2026-09-03 13:07:54] Purged 6676e50215de47531310d473962acb78c31b98 [Category: Orphaned Hash Cache]
[2026-09-03 13:07:54] Purged 604ea5b892fab1148abea389a3c7cca590a09a [Category: Orphaned Hash Cache]
[2026-09-03 13:07:54] Purged 2a7b2103c53b06f0eb8069f3411f412f333e54 [Category: Orphaned Hash Cache]
[2026-09-03 13:07:54] Purged 9e4ea7a21ad5cd22c18e001ccf849f60c94d4f [Category: Orphaned Hash Cache]
[2026-09-03 13:07:54] Purged aaec1015a5cd59f56f8d00845e1875876c0b63 [Category: Orphaned Hash Cache]
[2026-09-03 13:07:54] Purged 14a2b5495215a662a06fe037db297b5f8556fa [Category: Orphaned Hash Cache]
[2026-09-03 13:07:54] Purged 06710fcb8314843c4d5d8f57990186c257d8dc [Category: Orphaned Hash Cache]
[2026-09-03 13:07:54] Purged 46ae4d4bbacef528174729d2113bef03aa7fa3 [Category: Orphaned Hash Cache]
[2026-09-03 13:07:54] Purged 73d695d015b2b933a408d8de6f9dcb2269594e [Category: Orphaned Hash Cache]
[2026-09-03 13:07:54] Purged 84aeaf157464ead17ed633973fb4876c2848ea [Category: Orphaned Hash Cache]
[2026-09-03 13:07:54] Purged 8c300af6b99aec25ec244adab876c5a98bd5d4 [Category: Orphaned Hash Cache]
[2026-09-03 13:07:54] Purged 3374c62311f7ceed1438e114630dde531c07e4 [Category: Orphaned Hash Cache]
[2026-09-03 13:07:54] Purged 163f8ca198c2d26426b740714d773c4b0f562e [Category: Orphaned Hash Cache]
[2026-09-03 13:07:54] Purged d6b2d405f5c58a7d2b04eea8c31ac6ea7866fb [Category: Orphaned Hash Cache]
[2026-09-03 13:07:54] Purged 146ece5e811aa218f6f6128c539ba9eb5f87e4 [Category: Orphaned Hash Cache]
[2026-09-03 13:07:54] Purged 6020a09350eb4a85cf0c156111bb9ec67d5017 [Category: Orphaned Hash Cache]
[2026-09-03 13:07:54] Purged 1aeb8ac3a1b6d479fa3959051db21a2f60d72c [Category: Orphaned Hash Cache]
[2026-09-03 13:07:54] Purged c37a9891d814ab9ac73e3061717fa3ebf27c0b [Category: Orphaned Hash Cache]
[2026-09-03 13:07:54] Purged 5a16cd326bf05fa1b3af0f43a907dea0f06d03 [Category: Orphaned Hash Cache]
[2026-09-03 13:07:54] Purged c2ce7f18f5648b74600fa98896de05c23b8573 [Category: Orphaned Hash Cache]
[2026-09-03 13:07:54] Purged cd388f16579db456f0173e630f7049d574abf4 [Category: Orphaned Hash Cache]
[2026-09-03 13:07:54] Purged e36c66a4059ce887fbf9f7f4f0b93b97ac9f14 [Category: Orphaned Hash Cache]
[2026-09-03 13:07:54] Purged 3bce5bbc8694afce2cf8ff1b09c273bcf6035c [Category: Orphaned Hash Cache]
[2026-09-03 13:07:54] Purged b0d1bd3c2aa16ddcfc44dbddf46b551aa0f955 [Category: Orphaned Hash Cache]
[2026-09-03 13:07:54] Purged c13049cae64cc6598a47f13d73e335a0fd598b [Category: Orphaned Hash Cache]
[2026-09-03 13:07:54] Purged 71a99b7328a85d50d55b53e41434e9357bbf1e [Category: Orphaned Hash Cache]
[2026-09-03 13:07:54] Purged 2fdb696c17c521d789653b00d572ce9b5ce1c7 [Category: Orphaned Hash Cache]
[2026-09-03 13:07:54] Purged 62795007f89aa9de867ad7a88a4d2e81dc7fcb [Category: Orphaned Hash Cache]
[2026-09-03 13:07:54] Purged 02a173a5b75bcb24f9bb16320856a073fc2459 [Category: Orphaned Hash Cache]
[2026-09-03 13:07:54] Purged 5e3f8f8429fa8fcf4394f0c05b4599e4c90e13 [Category: Orphaned Hash Cache]
[2026-09-03 13:07:54] Purged d4708f94d4696f36eb66366c18ccf8c489bd5c [Category: Orphaned Hash Cache]
[2026-09-03 13:07:54] Purged ca47e6821df0b235fc953e56556a2280bab221 [Category: Orphaned Hash Cache]
[2026-09-03 13:07:54] Purged tmp_obj_7RvfeG [Category: Temporary Artifact]
[2026-09-03 13:07:54] Purged tmp_obj_hIVvnB [Category: Temporary Artifact]
[2026-09-03 13:07:54] Purged 693bc8eaccea8f16f7efadacad8189fa062628 [Category: Orphaned Hash Cache]
[2026-09-03 13:07:54] Purged 1e59cd636513e06d11ee6cee91b28002ea3bba [Category: Orphaned Hash Cache]
[2026-09-03 13:07:54] Purged 495b7923dafacff59825eaa6c3d884ba921ac2 [Category: Orphaned Hash Cache]
[2026-09-03 13:07:54] Purged 6b224d99d20f11d286937265ac8508c223698a [Category: Orphaned Hash Cache]
[2026-09-03 13:07:54] Purged 1c957c26614c4b128503c64179cf9cb6771cdb [Category: Orphaned Hash Cache]
[2026-09-03 13:07:54] Purged 603da93e27902ec2244dd381064e09a36b3c99 [Category: Orphaned Hash Cache]
[2026-09-03 13:07:54] Purged 46f85fd763201b301eca56126c5457b460477d [Category: Orphaned Hash Cache]
[2026-09-03 13:07:54] Purged dca13667d9558cecc18efcaa5673242d1210ff [Category: Orphaned Hash Cache]
[2026-09-03 13:07:54] Purged ef271450a02d2d0f4f4c7d3767fa3920d8b8a7 [Category: Orphaned Hash Cache]
[2026-09-03 13:07:54] Purged 36848277646f2b2f1c4028aa81dd3446d59c41 [Category: Orphaned Hash Cache]
[2026-09-03 13:07:54] Purged b0a3d41361900dd907cc1c3f2047b7f07c2b5e [Category: Orphaned Hash Cache]
[2026-09-03 13:07:54] Purged ceeee0fe69de9d604f57dc14574a850e39f6df [Category: Orphaned Hash Cache]
[2026-09-03 13:07:54] Purged c9daf8b752a1bc0cc83edf1293d06611026f7a [Category: Orphaned Hash Cache]
[2026-09-03 13:07:54] Purged 775322d34e217cbeec2f98e16541581f5dab60 [Category: Orphaned Hash Cache]
[2026-09-03 13:07:54] Purged 9ca91b4c9d72e245e54ccf89c401e1ed28fab3 [Category: Orphaned Hash Cache]
[2026-09-03 13:07:54] Purged 20237c00b794b663731f92d10433007da8cfea [Category: Orphaned Hash Cache]
[2026-09-03 13:07:54] Purged 40695508a2e5e68680dfbc861d94bdc4bab8d6 [Category: Orphaned Hash Cache]
[2026-09-03 13:07:54] Purged f120f824baea1210bf3d24726dbd99e3374c93 [Category: Orphaned Hash Cache]
[2026-09-03 13:07:54] Purged 852d2eaf1467c9374442d1c4e42006ce538b46 [Category: Orphaned Hash Cache]
[2026-09-03 13:07:54] Purged 3e93d22dc3160c6985593aad3973988ffe99d0 [Category: Orphaned Hash Cache]
[2026-09-03 13:07:54] Purged 743babfb17f13fb925f7310b798b6cf3e48413 [Category: Orphaned Hash Cache]
[2026-09-03 13:07:54] Purged 6b99116eabb7fd8727458a0257334bde941070 [Category: Orphaned Hash Cache]
[2026-09-03 13:07:54] Purged 3bd0e7bde39bbe9aa298e104892ca46b93eebc [Category: Orphaned Hash Cache]
[2026-09-03 13:07:54] Purged a196bf0b8f9fd173114a1dc6d021942efe73a6 [Category: Orphaned Hash Cache]
[2026-09-03 13:07:54] Purged 881a1edf0c9afb0e768dffa039c97252d5c294 [Category: Orphaned Hash Cache]
[2026-09-03 13:07:54] Purged 531961840f3f4c85f0c456a9bc3f326c4e3523 [Category: Orphaned Hash Cache]
[2026-09-03 13:07:54] Purged c25e61a2857f3c3e286c61ccbbdadb315157bb [Category: Orphaned Hash Cache]
[2026-09-03 13:07:54] Purged 4e2eb32cd42bb98c6acae6b69e21abd7ae6810 [Category: Orphaned Hash Cache]
[2026-09-03 13:07:54] Purged ecb7c373b1704c9bfb403c07e6b857e29d8804 [Category: Orphaned Hash Cache]
[2026-09-03 13:07:54] Purged 6676e50215de47531310d473962acb78c31b98 [Category: Orphaned Hash Cache]
[2026-09-03 13:07:54] Purged 604ea5b892fab1148abea389a3c7cca590a09a [Category: Orphaned Hash Cache]
[2026-09-03 13:07:54] Purged 2a7b2103c53b06f0eb8069f3411f412f333e54 [Category: Orphaned Hash Cache]
[2026-09-03 13:07:54] Purged 9e4ea7a21ad5cd22c18e001ccf849f60c94d4f [Category: Orphaned Hash Cache]
[2026-09-03 13:07:54] Purged aaec1015a5cd59f56f8d00845e1875876c0b63 [Category: Orphaned Hash Cache]
[2026-09-03 13:07:54] Purged 14a2b5495215a662a06fe037db297b5f8556fa [Category: Orphaned Hash Cache]
[2026-09-03 13:07:54] Purged 06710fcb8314843c4d5d8f57990186c257d8dc [Category: Orphaned Hash Cache]
[2026-09-03 13:07:54] Purged 46ae4d4bbacef528174729d2113bef03aa7fa3 [Category: Orphaned Hash Cache]
[2026-09-03 13:07:54] Purged 73d695d015b2b933a408d8de6f9dcb2269594e [Category: Orphaned Hash Cache]
[2026-09-03 13:07:54] Purged 84aeaf157464ead17ed633973fb4876c2848ea [Category: Orphaned Hash Cache]
[2026-09-03 13:07:54] Purged 8c300af6b99aec25ec244adab876c5a98bd5d4 [Category: Orphaned Hash Cache]
[2026-09-03 13:07:54] Purged 3374c62311f7ceed1438e114630dde531c07e4 [Category: Orphaned Hash Cache]
[2026-09-03 13:07:54] Purged 163f8ca198c2d26426b740714d773c4b0f562e [Category: Orphaned Hash Cache]
[2026-09-03 13:07:54] Purged d6b2d405f5c58a7d2b04eea8c31ac6ea7866fb [Category: Orphaned Hash Cache]
[2026-09-03 13:07:54] Purged 146ece5e811aa218f6f6128c539ba9eb5f87e4 [Category: Orphaned Hash Cache]
[2026-09-03 13:07:54] Purged 6020a09350eb4a85cf0c156111bb9ec67d5017 [Category: Orphaned Hash Cache]
[2026-09-03 13:07:54] Purged 1aeb8ac3a1b6d479fa3959051db21a2f60d72c [Category: Orphaned Hash Cache]
[2026-09-03 13:07:54] Purged c37a9891d814ab9ac73e3061717fa3ebf27c0b [Category: Orphaned Hash Cache]
[2026-09-03 13:07:54] Purged 5a16cd326bf05fa1b3af0f43a907dea0f06d03 [Category: Orphaned Hash Cache]
[2026-09-03 13:07:54] Purged c2ce7f18f5648b74600fa98896de05c23b8573 [Category: Orphaned Hash Cache]
[2026-09-03 13:07:54] Purged cd388f16579db456f0173e630f7049d574abf4 [Category: Orphaned Hash Cache]
[2026-09-03 13:07:54] Purged e36c66a4059ce887fbf9f7f4f0b93b97ac9f14 [Category: Orphaned Hash Cache]
[2026-09-03 13:07:54] Purged 3bce5bbc8694afce2cf8ff1b09c273bcf6035c [Category: Orphaned Hash Cache]
[2026-09-03 13:07:54] Purged b0d1bd3c2aa16ddcfc44dbddf46b551aa0f955 [Category: Orphaned Hash Cache]
[2026-09-03 13:07:54] Purged c13049cae64cc6598a47f13d73e335a0fd598b [Category: Orphaned Hash Cache]
[2026-09-03 13:07:54] Purged 71a99b7328a85d50d55b53e41434e9357bbf1e [Category: Orphaned Hash Cache]
[2026-09-03 13:07:54] Purged 2fdb696c17c521d789653b00d572ce9b5ce1c7 [Category: Orphaned Hash Cache]
[2026-09-03 13:07:54] Purged 62795007f89aa9de867ad7a88a4d2e81dc7fcb [Category: Orphaned Hash Cache]
[2026-09-03 13:07:54] Purged 02a173a5b75bcb24f9bb16320856a073fc2459 [Category: Orphaned Hash Cache]
[2026-09-03 13:07:54] Purged 5e3f8f8429fa8fcf4394f0c05b4599e4c90e13 [Category: Orphaned Hash Cache]
[2026-09-03 13:07:54] Purged d4708f94d4696f36eb66366c18ccf8c489bd5c [Category: Orphaned Hash Cache]
[2026-09-03 13:07:54] Purged ca47e6821df0b235fc953e56556a2280bab221 [Category: Orphaned Hash Cache]
[2026-09-03 13:07:54] Purged tmp_obj_7RvfeG [Category: Temporary Artifact]
[2026-09-03 13:07:54] Purged tmp_obj_hIVvnB [Category: Temporary Artifact]
[2026-09-03 13:07:54] Purged 693bc8eaccea8f16f7efadacad8189fa062628 [Category: Orphaned Hash Cache]
[2026-09-03 13:07:54] Purged 1e59cd636513e06d11ee6cee91b28002ea3bba [Category: Orphaned Hash Cache]
[2026-09-03 13:07:54] Purged 495b7923dafacff59825eaa6c3d884ba921ac2 [Category: Orphaned Hash Cache]
[2026-09-03 13:07:54] Purged 6b224d99d20f11d286937265ac8508c223698a [Category: Orphaned Hash Cache]
[2026-09-03 13:07:54] Purged 1c957c26614c4b128503c64179cf9cb6771cdb [Category: Orphaned Hash Cache]
[2026-09-03 13:07:54] Purged 603da93e27902ec2244dd381064e09a36b3c99 [Category: Orphaned Hash Cache]
[2026-09-03 13:07:54] Purged 46f85fd763201b301eca56126c5457b460477d [Category: Orphaned Hash Cache]
[2026-09-03 13:07:54] Purged dca13667d9558cecc18efcaa5673242d1210ff [Category: Orphaned Hash Cache]
[2026-09-03 13:07:54] Purged ef271450a02d2d0f4f4c7d3767fa3920d8b8a7 [Category: Orphaned Hash Cache]
[2026-09-03 13:07:54] Purged 36848277646f2b2f1c4028aa81dd3446d59c41 [Category: Orphaned Hash Cache]
[2026-09-03 13:07:54] Purged b0a3d41361900dd907cc1c3f2047b7f07c2b5e [Category: Orphaned Hash Cache]
[2026-09-03 13:07:54] Purged ceeee0fe69de9d604f57dc14574a850e39f6df [Category: Orphaned Hash Cache]
[2026-09-03 13:07:54] Purged c9daf8b752a1bc0cc83edf1293d06611026f7a [Category: Orphaned Hash Cache]
[2026-09-03 13:07:54] Purged 775322d34e217cbeec2f98e16541581f5dab60 [Category: Orphaned Hash Cache]
[2026-09-03 13:07:54] Purged 9ca91b4c9d72e245e54ccf89c401e1ed28fab3 [Category: Orphaned Hash Cache]
[2026-09-03 13:07:54] Purged 20237c00b794b663731f92d10433007da8cfea [Category: Orphaned Hash Cache]
[2026-09-03 13:07:54] Purged 40695508a2e5e68680dfbc861d94bdc4bab8d6 [Category: Orphaned Hash Cache]
[2026-09-03 13:07:54] Purged f120f824baea1210bf3d24726dbd99e3374c93 [Category: Orphaned Hash Cache]
[2026-09-03 13:07:54] Purged 852d2eaf1467c9374442d1c4e42006ce538b46 [Category: Orphaned Hash Cache]
[2026-09-03 13:07:54] Purged 3e93d22dc3160c6985593aad3973988ffe99d0 [Category: Orphaned Hash Cache]
[2026-09-03 13:07:54] Purged 743babfb17f13fb925f7310b798b6cf3e48413 [Category: Orphaned Hash Cache]
[2026-09-03 13:07:54] Purged 6b99116eabb7fd8727458a0257334bde941070 [Category: Orphaned Hash Cache]
[2026-09-03 13:07:54] Purged 3bd0e7bde39bbe9aa298e104892ca46b93eebc [Category: Orphaned Hash Cache]
[2026-09-03 13:07:54] Purged a196bf0b8f9fd173114a1dc6d021942efe73a6 [Category: Orphaned Hash Cache]
[2026-09-03 13:07:54] Purged en_US-amy-medium.onnx [Category: Large Binary Blob]
[2026-09-03 13:07:54] Purged 881a1edf0c9afb0e768dffa039c97252d5c294 [Category: Orphaned Hash Cache]
[2026-09-03 13:07:54] Purged 531961840f3f4c85f0c456a9bc3f326c4e3523 [Category: Orphaned Hash Cache]
[2026-09-03 13:07:54] Purged c25e61a2857f3c3e286c61ccbbdadb315157bb [Category: Orphaned Hash Cache]
[2026-09-03 13:07:54] Purged 4e2eb32cd42bb98c6acae6b69e21abd7ae6810 [Category: Orphaned Hash Cache]
[2026-09-03 13:07:54] Purged ecb7c373b1704c9bfb403c07e6b857e29d8804 [Category: Orphaned Hash Cache]
[2026-09-03 13:07:54] Purged 6676e50215de47531310d473962acb78c31b98 [Category: Orphaned Hash Cache]
[2026-09-03 13:07:54] Purged 604ea5b892fab1148abea389a3c7cca590a09a [Category: Orphaned Hash Cache]
[2026-09-03 13:07:54] Purged 2a7b2103c53b06f0eb8069f3411f412f333e54 [Category: Orphaned Hash Cache]
[2026-09-03 13:07:54] Purged 9e4ea7a21ad5cd22c18e001ccf849f60c94d4f [Category: Orphaned Hash Cache]
[2026-09-03 13:07:54] Purged aaec1015a5cd59f56f8d00845e1875876c0b63 [Category: Orphaned Hash Cache]
[2026-09-03 13:07:54] Purged 14a2b5495215a662a06fe037db297b5f8556fa [Category: Orphaned Hash Cache]
[2026-09-03 13:07:54] Purged 06710fcb8314843c4d5d8f57990186c257d8dc [Category: Orphaned Hash Cache]
[2026-09-03 13:07:54] Purged 46ae4d4bbacef528174729d2113bef03aa7fa3 [Category: Orphaned Hash Cache]
[2026-09-03 13:07:54] Purged 73d695d015b2b933a408d8de6f9dcb2269594e [Category: Orphaned Hash Cache]
[2026-09-03 13:07:54] Purged 84aeaf157464ead17ed633973fb4876c2848ea [Category: Orphaned Hash Cache]
[2026-09-03 13:07:54] Purged 8c300af6b99aec25ec244adab876c5a98bd5d4 [Category: Orphaned Hash Cache]
[2026-09-03 13:07:54] Purged 3374c62311f7ceed1438e114630dde531c07e4 [Category: Orphaned Hash Cache]
[2026-09-03 13:07:54] Purged 163f8ca198c2d26426b740714d773c4b0f562e [Category: Orphaned Hash Cache]
[2026-09-03 13:07:54] Purged d6b2d405f5c58a7d2b04eea8c31ac6ea7866fb [Category: Orphaned Hash Cache]
[2026-09-03 13:07:54] Purged 146ece5e811aa218f6f6128c539ba9eb5f87e4 [Category: Orphaned Hash Cache]
[2026-09-03 13:07:54] Purged 6020a09350eb4a85cf0c156111bb9ec67d5017 [Category: Orphaned Hash Cache]
[2026-09-03 13:07:54] Purged 1aeb8ac3a1b6d479fa3959051db21a2f60d72c [Category: Orphaned Hash Cache]
[2026-09-03 13:07:54] Purged c37a9891d814ab9ac73e3061717fa3ebf27c0b [Category: Orphaned Hash Cache]
[2026-09-03 13:07:54] Purged 5a16cd326bf05fa1b3af0f43a907dea0f06d03 [Category: Orphaned Hash Cache]
[2026-09-03 13:07:54] Purged c2ce7f18f5648b74600fa98896de05c23b8573 [Category: Orphaned Hash Cache]
[2026-09-03 13:07:54] Purged cd388f16579db456f0173e630f7049d574abf4 [Category: Orphaned Hash Cache]
[2026-09-03 13:07:54] Purged e36c66a4059ce887fbf9f7f4f0b93b97ac9f14 [Category: Orphaned Hash Cache]
[2026-09-03 13:07:54] Purged 3bce5bbc8694afce2cf8ff1b09c273bcf6035c [Category: Orphaned Hash Cache]
[2026-09-03 13:07:54] Purged b0d1bd3c2aa16ddcfc44dbddf46b551aa0f955 [Category: Orphaned Hash Cache]
[2026-09-03 13:07:54] Purged c13049cae64cc6598a47f13d73e335a0fd598b [Category: Orphaned Hash Cache]
[2026-09-03 13:07:54] Purged 71a99b7328a85d50d55b53e41434e9357bbf1e [Category: Orphaned Hash Cache]
[2026-09-03 13:07:54] Purged 2fdb696c17c521d789653b00d572ce9b5ce1c7 [Category: Orphaned Hash Cache]
[2026-09-03 13:07:54] Purged 62795007f89aa9de867ad7a88a4d2e81dc7fcb [Category: Orphaned Hash Cache]
[2026-09-03 13:07:54] Purged 02a173a5b75bcb24f9bb16320856a073fc2459 [Category: Orphaned Hash Cache]
[2026-09-03 13:07:54] Purged 5e3f8f8429fa8fcf4394f0c05b4599e4c90e13 [Category: Orphaned Hash Cache]
[2026-09-03 13:07:54] Purged d4708f94d4696f36eb66366c18ccf8c489bd5c [Category: Orphaned Hash Cache]
[2026-09-03 13:07:54] Purged ca47e6821df0b235fc953e56556a2280bab221 [Category: Orphaned Hash Cache]
[2026-09-03 13:07:54] Purged tmp_obj_7RvfeG [Category: Temporary Artifact]
[2026-09-03 13:07:54] Purged tmp_obj_hIVvnB [Category: Temporary Artifact]
[2026-09-03 13:07:54] Purged 693bc8eaccea8f16f7efadacad8189fa062628 [Category: Orphaned Hash Cache]
[2026-09-03 13:07:54] Purged 1e59cd636513e06d11ee6cee91b28002ea3bba [Category: Orphaned Hash Cache]
[2026-09-03 13:07:54] Purged 495b7923dafacff59825eaa6c3d884ba921ac2 [Category: Orphaned Hash Cache]
[2026-09-03 13:07:54] Purged 6b224d99d20f11d286937265ac8508c223698a [Category: Orphaned Hash Cache]
[2026-09-03 13:07:54] Purged 1c957c26614c4b128503c64179cf9cb6771cdb [Category: Orphaned Hash Cache]
[2026-09-03 13:07:54] Purged 603da93e27902ec2244dd381064e09a36b3c99 [Category: Orphaned Hash Cache]
[2026-09-03 13:07:54] Purged 46f85fd763201b301eca56126c5457b460477d [Category: Orphaned Hash Cache]
[2026-09-03 13:07:54] Purged dca13667d9558cecc18efcaa5673242d1210ff [Category: Orphaned Hash Cache]
[2026-09-03 13:07:54] Purged ef271450a02d2d0f4f4c7d3767fa3920d8b8a7 [Category: Orphaned Hash Cache]
[2026-09-03 13:07:54] Purged 36848277646f2b2f1c4028aa81dd3446d59c41 [Category: Orphaned Hash Cache]
[2026-09-03 13:07:54] Purged b0a3d41361900dd907cc1c3f2047b7f07c2b5e [Category: Orphaned Hash Cache]
[2026-09-03 13:07:54] Purged ceeee0fe69de9d604f57dc14574a850e39f6df [Category: Orphaned Hash Cache]
[2026-09-03 13:07:54] Purged c9daf8b752a1bc0cc83edf1293d06611026f7a [Category: Orphaned Hash Cache]
[2026-09-03 13:07:54] Purged 775322d34e217cbeec2f98e16541581f5dab60 [Category: Orphaned Hash Cache]
[2026-09-03 13:07:54] Purged 9ca91b4c9d72e245e54ccf89c401e1ed28fab3 [Category: Orphaned Hash Cache]
[2026-09-03 13:07:54] Purged 20237c00b794b663731f92d10433007da8cfea [Category: Orphaned Hash Cache]
[2026-09-03 13:07:54] Purged 40695508a2e5e68680dfbc861d94bdc4bab8d6 [Category: Orphaned Hash Cache]
[2026-09-03 13:07:54] Purged f120f824baea1210bf3d24726dbd99e3374c93 [Category: Orphaned Hash Cache]
[2026-09-03 13:07:54] Purged 852d2eaf1467c9374442d1c4e42006ce538b46 [Category: Orphaned Hash Cache]
[2026-09-03 13:07:54] Purged 3e93d22dc3160c6985593aad3973988ffe99d0 [Category: Orphaned Hash Cache]
[2026-09-03 13:07:54] Purged 743babfb17f13fb925f7310b798b6cf3e48413 [Category: Orphaned Hash Cache]
[2026-09-03 13:07:54] Purged 6b99116eabb7fd8727458a0257334bde941070 [Category: Orphaned Hash Cache]
[2026-09-03 13:07:54] Purged 3bd0e7bde39bbe9aa298e104892ca46b93eebc [Category: Orphaned Hash Cache]
[2026-09-03 13:07:54] Purged a196bf0b8f9fd173114a1dc6d021942efe73a6 [Category: Orphaned Hash Cache]
[2026-09-03 13:07:54] Purged 881a1edf0c9afb0e768dffa039c97252d5c294 [Category: Orphaned Hash Cache]
[2026-09-03 13:07:54] Purged 531961840f3f4c85f0c456a9bc3f326c4e3523 [Category: Orphaned Hash Cache]
[2026-09-03 13:07:54] Purged c25e61a2857f3c3e286c61ccbbdadb315157bb [Category: Orphaned Hash Cache]
[2026-09-03 13:07:54] Purged 4e2eb32cd42bb98c6acae6b69e21abd7ae6810 [Category: Orphaned Hash Cache]
[2026-09-03 13:07:54] Purged ecb7c373b1704c9bfb403c07e6b857e29d8804 [Category: Orphaned Hash Cache]
[2026-09-03 13:07:54] Purged 6676e50215de47531310d473962acb78c31b98 [Category: Orphaned Hash Cache]
[2026-09-03 13:07:54] Purged 604ea5b892fab1148abea389a3c7cca590a09a [Category: Orphaned Hash Cache]
[2026-09-03 13:07:54] Purged 2a7b2103c53b06f0eb8069f3411f412f333e54 [Category: Orphaned Hash Cache]
[2026-09-03 13:07:54] Purged 9e4ea7a21ad5cd22c18e001ccf849f60c94d4f [Category: Orphaned Hash Cache]
[2026-09-03 13:07:54] Purged aaec1015a5cd59f56f8d00845e1875876c0b63 [Category: Orphaned Hash Cache]
[2026-09-03 13:07:54] Purged 14a2b5495215a662a06fe037db297b5f8556fa [Category: Orphaned Hash Cache]
[2026-09-03 13:07:54] Purged 06710fcb8314843c4d5d8f57990186c257d8dc [Category: Orphaned Hash Cache]
[2026-09-03 13:07:54] Purged 46ae4d4bbacef528174729d2113bef03aa7fa3 [Category: Orphaned Hash Cache]
[2026-09-03 13:07:54] Purged 73d695d015b2b933a408d8de6f9dcb2269594e [Category: Orphaned Hash Cache]
[2026-09-03 13:07:54] Purged 84aeaf157464ead17ed633973fb4876c2848ea [Category: Orphaned Hash Cache]
[2026-09-03 13:07:54] Purged 8c300af6b99aec25ec244adab876c5a98bd5d4 [Category: Orphaned Hash Cache]
[2026-09-03 13:07:54] Purged 3374c62311f7ceed1438e114630dde531c07e4 [Category: Orphaned Hash Cache]
[2026-09-03 13:07:54] Purged 163f8ca198c2d26426b740714d773c4b0f562e [Category: Orphaned Hash Cache]
[2026-09-03 13:07:54] Purged d6b2d405f5c58a7d2b04eea8c31ac6ea7866fb [Category: Orphaned Hash Cache]
[2026-09-03 13:07:54] Purged 146ece5e811aa218f6f6128c539ba9eb5f87e4 [Category: Orphaned Hash Cache]
[2026-09-03 13:07:54] Purged 6020a09350eb4a85cf0c156111bb9ec67d5017 [Category: Orphaned Hash Cache]
[2026-09-03 13:07:54] Purged 1aeb8ac3a1b6d479fa3959051db21a2f60d72c [Category: Orphaned Hash Cache]
[2026-09-03 13:07:54] Purged c37a9891d814ab9ac73e3061717fa3ebf27c0b [Category: Orphaned Hash Cache]
[2026-09-03 13:07:54] Purged 5a16cd326bf05fa1b3af0f43a907dea0f06d03 [Category: Orphaned Hash Cache]
[2026-09-03 13:07:54] Purged c2ce7f18f5648b74600fa98896de05c23b8573 [Category: Orphaned Hash Cache]
[2026-09-03 13:07:54] Purged cd388f16579db456f0173e630f7049d574abf4 [Category: Orphaned Hash Cache]
[2026-09-03 13:07:54] Purged e36c66a4059ce887fbf9f7f4f0b93b97ac9f14 [Category: Orphaned Hash Cache]
[2026-09-03 13:07:54] Purged 3bce5bbc8694afce2cf8ff1b09c273bcf6035c [Category: Orphaned Hash Cache]
[2026-09-03 13:07:54] Purged b0d1bd3c2aa16ddcfc44dbddf46b551aa0f955 [Category: Orphaned Hash Cache]
[2026-09-03 13:07:54] Purged c13049cae64cc6598a47f13d73e335a0fd598b [Category: Orphaned Hash Cache]
[2026-09-03 13:07:54] Purged 71a99b7328a85d50d55b53e41434e9357bbf1e [Category: Orphaned Hash Cache]
[2026-09-03 13:07:54] Purged 2fdb696c17c521d789653b00d572ce9b5ce1c7 [Category: Orphaned Hash Cache]
[2026-09-03 13:07:54] Purged 62795007f89aa9de867ad7a88a4d2e81dc7fcb [Category: Orphaned Hash Cache]
[2026-09-03 13:07:54] Purged 02a173a5b75bcb24f9bb16320856a073fc2459 [Category: Orphaned Hash Cache]
[2026-09-03 13:07:54] Purged 5e3f8f8429fa8fcf4394f0c05b4599e4c90e13 [Category: Orphaned Hash Cache]
[2026-09-03 13:07:54] Purged d4708f94d4696f36eb66366c18ccf8c489bd5c [Category: Orphaned Hash Cache]
[2026-09-03 13:07:54] Purged ca47e6821df0b235fc953e56556a2280bab221 [Category: Orphaned Hash Cache]
[2026-09-03 13:07:54] Purged tmp_obj_7RvfeG [Category: Temporary Artifact]
[2026-09-03 13:07:54] Purged tmp_obj_hIVvnB [Category: Temporary Artifact]
[2026-09-03 13:07:54] Purged 693bc8eaccea8f16f7efadacad8189fa062628 [Category: Orphaned Hash Cache]
[2026-09-03 13:07:54] Purged 1e59cd636513e06d11ee6cee91b28002ea3bba [Category: Orphaned Hash Cache]
[2026-09-03 13:07:54] Purged 495b7923dafacff59825eaa6c3d884ba921ac2 [Category: Orphaned Hash Cache]
[2026-09-03 13:07:54] Purged 6b224d99d20f11d286937265ac8508c223698a [Category: Orphaned Hash Cache]
[2026-09-03 13:07:54] Purged 1c957c26614c4b128503c64179cf9cb6771cdb [Category: Orphaned Hash Cache]
[2026-09-03 13:07:54] Purged 603da93e27902ec2244dd381064e09a36b3c99 [Category: Orphaned Hash Cache]
[2026-09-03 13:07:54] Purged 46f85fd763201b301eca56126c5457b460477d [Category: Orphaned Hash Cache]
[2026-09-03 13:07:54] Purged dca13667d9558cecc18efcaa5673242d1210ff [Category: Orphaned Hash Cache]
[2026-09-03 13:07:54] Purged ef271450a02d2d0f4f4c7d3767fa3920d8b8a7 [Category: Orphaned Hash Cache]
[2026-09-03 13:07:54] Purged 36848277646f2b2f1c4028aa81dd3446d59c41 [Category: Orphaned Hash Cache]
[2026-09-03 13:07:54] Purged b0a3d41361900dd907cc1c3f2047b7f07c2b5e [Category: Orphaned Hash Cache]
[2026-09-03 13:07:54] Purged ceeee0fe69de9d604f57dc14574a850e39f6df [Category: Orphaned Hash Cache]
[2026-09-03 13:07:54] Purged c9daf8b752a1bc0cc83edf1293d06611026f7a [Category: Orphaned Hash Cache]
[2026-09-03 13:07:54] Purged 775322d34e217cbeec2f98e16541581f5dab60 [Category: Orphaned Hash Cache]
[2026-09-03 13:07:54] Purged 9ca91b4c9d72e245e54ccf89c401e1ed28fab3 [Category: Orphaned Hash Cache]
[2026-09-03 13:07:54] Purged 20237c00b794b663731f92d10433007da8cfea [Category: Orphaned Hash Cache]
[2026-09-03 13:07:54] Purged 40695508a2e5e68680dfbc861d94bdc4bab8d6 [Category: Orphaned Hash Cache]
[2026-09-03 13:07:54] Purged f120f824baea1210bf3d24726dbd99e3374c93 [Category: Orphaned Hash Cache]
[2026-09-03 13:07:54] Purged 852d2eaf1467c9374442d1c4e42006ce538b46 [Category: Orphaned Hash Cache]
[2026-09-03 13:07:54] Purged 3e93d22dc3160c6985593aad3973988ffe99d0 [Category: Orphaned Hash Cache]
[2026-09-03 13:07:54] Purged 743babfb17f13fb925f7310b798b6cf3e48413 [Category: Orphaned Hash Cache]
[2026-09-03 13:07:54] Purged 6b99116eabb7fd8727458a0257334bde941070 [Category: Orphaned Hash Cache]
[2026-09-03 13:07:54] Purged 3bd0e7bde39bbe9aa298e104892ca46b93eebc [Category: Orphaned Hash Cache]
[2026-09-03 13:07:54] Purged a196bf0b8f9fd173114a1dc6d021942efe73a6 [Category: Orphaned Hash Cache]
[2026-09-03 13:07:54] Purged 881a1edf0c9afb0e768dffa039c97252d5c294 [Category: Orphaned Hash Cache]
[2026-09-03 13:07:54] Purged 531961840f3f4c85f0c456a9bc3f326c4e3523 [Category: Orphaned Hash Cache]
[2026-09-03 13:07:54] Purged c25e61a2857f3c3e286c61ccbbdadb315157bb [Category: Orphaned Hash Cache]
[2026-09-03 13:07:54] Purged 4e2eb32cd42bb98c6acae6b69e21abd7ae6810 [Category: Orphaned Hash Cache]
[2026-09-03 13:07:54] Purged ecb7c373b1704c9bfb403c07e6b857e29d8804 [Category: Orphaned Hash Cache]
[2026-09-03 13:07:54] Purged 6676e50215de47531310d473962acb78c31b98 [Category: Orphaned Hash Cache]
[2026-09-03 13:07:54] Purged 604ea5b892fab1148abea389a3c7cca590a09a [Category: Orphaned Hash Cache]
[2026-09-03 13:07:54] Purged 2a7b2103c53b06f0eb8069f3411f412f333e54 [Category: Orphaned Hash Cache]
[2026-09-03 13:07:54] Purged 9e4ea7a21ad5cd22c18e001ccf849f60c94d4f [Category: Orphaned Hash Cache]
[2026-09-03 13:07:54] Purged aaec1015a5cd59f56f8d00845e1875876c0b63 [Category: Orphaned Hash Cache]
[2026-09-03 13:07:54] Purged 14a2b5495215a662a06fe037db297b5f8556fa [Category: Orphaned Hash Cache]
[2026-09-03 13:07:54] Purged 06710fcb8314843c4d5d8f57990186c257d8dc [Category: Orphaned Hash Cache]
[2026-09-03 13:07:54] Purged 46ae4d4bbacef528174729d2113bef03aa7fa3 [Category: Orphaned Hash Cache]
[2026-09-03 13:07:54] Purged 73d695d015b2b933a408d8de6f9dcb2269594e [Category: Orphaned Hash Cache]
[2026-09-03 13:07:54] Purged 84aeaf157464ead17ed633973fb4876c2848ea [Category: Orphaned Hash Cache]
[2026-09-03 13:07:54] Purged 8c300af6b99aec25ec244adab876c5a98bd5d4 [Category: Orphaned Hash Cache]
[2026-09-03 13:07:54] Purged 3374c62311f7ceed1438e114630dde531c07e4 [Category: Orphaned Hash Cache]
[2026-09-03 13:07:54] Purged 163f8ca198c2d26426b740714d773c4b0f562e [Category: Orphaned Hash Cache]
[2026-09-03 13:07:54] Purged d6b2d405f5c58a7d2b04eea8c31ac6ea7866fb [Category: Orphaned Hash Cache]
[2026-09-03 13:07:54] Purged 146ece5e811aa218f6f6128c539ba9eb5f87e4 [Category: Orphaned Hash Cache]
[2026-09-03 13:07:54] Purged 6020a09350eb4a85cf0c156111bb9ec67d5017 [Category: Orphaned Hash Cache]
[2026-09-03 13:07:54] Purged 1aeb8ac3a1b6d479fa3959051db21a2f60d72c [Category: Orphaned Hash Cache]
[2026-09-03 13:07:54] Purged c37a9891d814ab9ac73e3061717fa3ebf27c0b [Category: Orphaned Hash Cache]
[2026-09-03 13:07:54] Purged 5a16cd326bf05fa1b3af0f43a907dea0f06d03 [Category: Orphaned Hash Cache]
[2026-09-03 13:07:54] Purged c2ce7f18f5648b74600fa98896de05c23b8573 [Category: Orphaned Hash Cache]
[2026-09-03 13:07:54] Purged cd388f16579db456f0173e630f7049d574abf4 [Category: Orphaned Hash Cache]
[2026-09-03 13:07:54] Purged e36c66a4059ce887fbf9f7f4f0b93b97ac9f14 [Category: Orphaned Hash Cache]
[2026-09-03 13:07:54] Purged 3bce5bbc8694afce2cf8ff1b09c273bcf6035c [Category: Orphaned Hash Cache]
[2026-09-03 13:07:54] Purged b0d1bd3c2aa16ddcfc44dbddf46b551aa0f955 [Category: Orphaned Hash Cache]
[2026-09-03 13:07:54] Purged c13049cae64cc6598a47f13d73e335a0fd598b [Category: Orphaned Hash Cache]
[2026-09-03 13:07:54] Purged 71a99b7328a85d50d55b53e41434e9357bbf1e [Category: Orphaned Hash Cache]
[2026-09-03 13:07:54] Purged 2fdb696c17c521d789653b00d572ce9b5ce1c7 [Category: Orphaned Hash Cache]
[2026-09-03 13:07:54] Purged 62795007f89aa9de867ad7a88a4d2e81dc7fcb [Category: Orphaned Hash Cache]
[2026-09-03 13:07:54] Purged 02a173a5b75bcb24f9bb16320856a073fc2459 [Category: Orphaned Hash Cache]
[2026-09-03 13:07:54] Purged 5e3f8f8429fa8fcf4394f0c05b4599e4c90e13 [Category: Orphaned Hash Cache]
[2026-09-03 13:07:54] Purged d4708f94d4696f36eb66366c18ccf8c489bd5c [Category: Orphaned Hash Cache]
[2026-09-03 13:07:54] Purged ca47e6821df0b235fc953e56556a2280bab221 [Category: Orphaned Hash Cache]
[2026-09-03 13:07:54] Purged tmp_obj_7RvfeG [Category: Temporary Artifact]
[2026-09-03 13:07:54] Purged tmp_obj_hIVvnB [Category: Temporary Artifact]
[2026-09-03 13:07:54] Purged 693bc8eaccea8f16f7efadacad8189fa062628 [Category: Orphaned Hash Cache]
[2026-09-03 13:07:54] Purged 1e59cd636513e06d11ee6cee91b28002ea3bba [Category: Orphaned Hash Cache]
[2026-09-03 13:07:54] Purged 495b7923dafacff59825eaa6c3d884ba921ac2 [Category: Orphaned Hash Cache]
[2026-09-03 13:07:54] Purged 6b224d99d20f11d286937265ac8508c223698a [Category: Orphaned Hash Cache]
[2026-09-03 13:07:54] Purged 1c957c26614c4b128503c64179cf9cb6771cdb [Category: Orphaned Hash Cache]
[2026-09-03 13:07:54] Purged 603da93e27902ec2244dd381064e09a36b3c99 [Category: Orphaned Hash Cache]
[2026-09-03 13:07:54] Purged 46f85fd763201b301eca56126c5457b460477d [Category: Orphaned Hash Cache]
[2026-09-03 13:07:54] Purged dca13667d9558cecc18efcaa5673242d1210ff [Category: Orphaned Hash Cache]
[2026-09-03 13:07:54] Purged ef271450a02d2d0f4f4c7d3767fa3920d8b8a7 [Category: Orphaned Hash Cache]
[2026-09-03 13:07:54] Purged 36848277646f2b2f1c4028aa81dd3446d59c41 [Category: Orphaned Hash Cache]
[2026-09-03 13:07:54] Purged b0a3d41361900dd907cc1c3f2047b7f07c2b5e [Category: Orphaned Hash Cache]
[2026-09-03 13:07:54] Purged ceeee0fe69de9d604f57dc14574a850e39f6df [Category: Orphaned Hash Cache]
[2026-09-03 13:07:54] Purged c9daf8b752a1bc0cc83edf1293d06611026f7a [Category: Orphaned Hash Cache]
[2026-09-03 13:07:54] Purged 775322d34e217cbeec2f98e16541581f5dab60 [Category: Orphaned Hash Cache]
[2026-09-03 13:07:54] Purged 9ca91b4c9d72e245e54ccf89c401e1ed28fab3 [Category: Orphaned Hash Cache]
[2026-09-03 13:07:54] Purged 20237c00b794b663731f92d10433007da8cfea [Category: Orphaned Hash Cache]
[2026-09-03 13:07:54] Purged 40695508a2e5e68680dfbc861d94bdc4bab8d6 [Category: Orphaned Hash Cache]
[2026-09-03 13:07:54] Purged f120f824baea1210bf3d24726dbd99e3374c93 [Category: Orphaned Hash Cache]
[2026-09-03 13:07:54] Purged 852d2eaf1467c9374442d1c4e42006ce538b46 [Category: Orphaned Hash Cache]
[2026-09-03 13:07:54] Purged 3e93d22dc3160c6985593aad3973988ffe99d0 [Category: Orphaned Hash Cache]
[2026-09-03 13:07:54] Purged 743babfb17f13fb925f7310b798b6cf3e48413 [Category: Orphaned Hash Cache]
[2026-09-03 13:07:54] Purged 6b99116eabb7fd8727458a0257334bde941070 [Category: Orphaned Hash Cache]
[2026-09-03 13:07:54] Purged 3bd0e7bde39bbe9aa298e104892ca46b93eebc [Category: Orphaned Hash Cache]
[2026-09-03 13:07:54] Purged a196bf0b8f9fd173114a1dc6d021942efe73a6 [Category: Orphaned Hash Cache]
[2026-09-03 13:07:54] Purged en_US-amy-medium.onnx [Category: Large Binary Blob]
[2026-09-03 13:07:54] Purged 881a1edf0c9afb0e768dffa039c97252d5c294 [Category: Orphaned Hash Cache]
[2026-09-03 13:07:54] Purged 531961840f3f4c85f0c456a9bc3f326c4e3523 [Category: Orphaned Hash Cache]
[2026-09-03 13:07:54] Purged c25e61a2857f3c3e286c61ccbbdadb315157bb [Category: Orphaned Hash Cache]
[2026-09-03 13:07:54] Purged 4e2eb32cd42bb98c6acae6b69e21abd7ae6810 [Category: Orphaned Hash Cache]
[2026-09-03 13:07:54] Purged ecb7c373b1704c9bfb403c07e6b857e29d8804 [Category: Orphaned Hash Cache]
[2026-09-03 13:07:54] Purged 6676e50215de47531310d473962acb78c31b98 [Category: Orphaned Hash Cache]
[2026-09-03 13:07:54] Purged 604ea5b892fab1148abea389a3c7cca590a09a [Category: Orphaned Hash Cache]
[2026-09-03 13:07:54] Purged 2a7b2103c53b06f0eb8069f3411f412f333e54 [Category: Orphaned Hash Cache]
[2026-09-03 13:07:54] Purged 9e4ea7a21ad5cd22c18e001ccf849f60c94d4f [Category: Orphaned Hash Cache]
[2026-09-03 13:07:54] Purged aaec1015a5cd59f56f8d00845e1875876c0b63 [Category: Orphaned Hash Cache]
[2026-09-03 13:07:54] Purged 14a2b5495215a662a06fe037db297b5f8556fa [Category: Orphaned Hash Cache]
[2026-09-03 13:07:54] Purged 06710fcb8314843c4d5d8f57990186c257d8dc [Category: Orphaned Hash Cache]
[2026-09-03 13:07:54] Purged 46ae4d4bbacef528174729d2113bef03aa7fa3 [Category: Orphaned Hash Cache]
[2026-09-03 13:07:54] Purged 73d695d015b2b933a408d8de6f9dcb2269594e [Category: Orphaned Hash Cache]
[2026-09-03 13:07:54] Purged 84aeaf157464ead17ed633973fb4876c2848ea [Category: Orphaned Hash Cache]
[2026-09-03 13:07:54] Purged 8c300af6b99aec25ec244adab876c5a98bd5d4 [Category: Orphaned Hash Cache]
[2026-09-03 13:07:54] Purged 3374c62311f7ceed1438e114630dde531c07e4 [Category: Orphaned Hash Cache]
[2026-09-03 13:07:54] Purged 163f8ca198c2d26426b740714d773c4b0f562e [Category: Orphaned Hash Cache]
[2026-09-03 13:07:54] Purged d6b2d405f5c58a7d2b04eea8c31ac6ea7866fb [Category: Orphaned Hash Cache]
[2026-09-03 13:07:54] Purged 146ece5e811aa218f6f6128c539ba9eb5f87e4 [Category: Orphaned Hash Cache]
[2026-09-03 13:07:54] Purged 6020a09350eb4a85cf0c156111bb9ec67d5017 [Category: Orphaned Hash Cache]
[2026-09-03 13:07:54] Purged 1aeb8ac3a1b6d479fa3959051db21a2f60d72c [Category: Orphaned Hash Cache]
[2026-09-03 13:07:54] Purged c37a9891d814ab9ac73e3061717fa3ebf27c0b [Category: Orphaned Hash Cache]
[2026-09-03 13:07:54] Purged 5a16cd326bf05fa1b3af0f43a907dea0f06d03 [Category: Orphaned Hash Cache]
[2026-09-03 13:07:54] Purged c2ce7f18f5648b74600fa98896de05c23b8573 [Category: Orphaned Hash Cache]
[2026-09-03 13:07:54] Purged cd388f16579db456f0173e630f7049d574abf4 [Category: Orphaned Hash Cache]
[2026-09-03 13:07:54] Purged e36c66a4059ce887fbf9f7f4f0b93b97ac9f14 [Category: Orphaned Hash Cache]
[2026-09-03 13:07:54] Purged 3bce5bbc8694afce2cf8ff1b09c273bcf6035c [Category: Orphaned Hash Cache]
[2026-09-03 13:07:54] Purged b0d1bd3c2aa16ddcfc44dbddf46b551aa0f955 [Category: Orphaned Hash Cache]
[2026-09-03 13:07:54] Purged c13049cae64cc6598a47f13d73e335a0fd598b [Category: Orphaned Hash Cache]
[2026-09-03 13:07:54] Purged 71a99b7328a85d50d55b53e41434e9357bbf1e [Category: Orphaned Hash Cache]
[2026-09-03 13:07:54] Purged 2fdb696c17c521d789653b00d572ce9b5ce1c7 [Category: Orphaned Hash Cache]
[2026-09-03 13:07:54] Purged 62795007f89aa9de867ad7a88a4d2e81dc7fcb [Category: Orphaned Hash Cache]
[2026-09-03 13:07:54] Purged 02a173a5b75bcb24f9bb16320856a073fc2459 [Category: Orphaned Hash Cache]
[2026-09-03 13:07:54] Purged 5e3f8f8429fa8fcf4394f0c05b4599e4c90e13 [Category: Orphaned Hash Cache]
[2026-09-03 13:07:54] Purged d4708f94d4696f36eb66366c18ccf8c489bd5c [Category: Orphaned Hash Cache]
[2026-09-03 13:07:54] Purged ca47e6821df0b235fc953e56556a2280bab221 [Category: Orphaned Hash Cache]
[2026-09-03 13:07:54] Purged tmp_obj_7RvfeG [Category: Temporary Artifact]
[2026-09-03 13:07:54] Purged tmp_obj_hIVvnB [Category: Temporary Artifact]
[2026-09-03 13:07:54] Purged 693bc8eaccea8f16f7efadacad8189fa062628 [Category: Orphaned Hash Cache]
[2026-09-03 13:07:54] Purged 1e59cd636513e06d11ee6cee91b28002ea3bba [Category: Orphaned Hash Cache]
[2026-09-03 13:07:54] Purged 495b7923dafacff59825eaa6c3d884ba921ac2 [Category: Orphaned Hash Cache]
[2026-09-03 13:07:54] Purged 6b224d99d20f11d286937265ac8508c223698a [Category: Orphaned Hash Cache]
[2026-09-03 13:07:54] Purged 1c957c26614c4b128503c64179cf9cb6771cdb [Category: Orphaned Hash Cache]
[2026-09-03 13:07:54] Purged 603da93e27902ec2244dd381064e09a36b3c99 [Category: Orphaned Hash Cache]
[2026-09-03 13:07:54] Purged 46f85fd763201b301eca56126c5457b460477d [Category: Orphaned Hash Cache]
[2026-09-03 13:07:54] Purged dca13667d9558cecc18efcaa5673242d1210ff [Category: Orphaned Hash Cache]
[2026-09-03 13:07:54] Purged ef271450a02d2d0f4f4c7d3767fa3920d8b8a7 [Category: Orphaned Hash Cache]
[2026-09-03 13:07:54] Purged 36848277646f2b2f1c4028aa81dd3446d59c41 [Category: Orphaned Hash Cache]
[2026-09-03 13:07:54] Purged b0a3d41361900dd907cc1c3f2047b7f07c2b5e [Category: Orphaned Hash Cache]
[2026-09-03 13:07:54] Purged ceeee0fe69de9d604f57dc14574a850e39f6df [Category: Orphaned Hash Cache]
[2026-09-03 13:07:54] Purged c9daf8b752a1bc0cc83edf1293d06611026f7a [Category: Orphaned Hash Cache]
[2026-09-03 13:07:54] Purged 775322d34e217cbeec2f98e16541581f5dab60 [Category: Orphaned Hash Cache]
[2026-09-03 13:07:54] Purged 9ca91b4c9d72e245e54ccf89c401e1ed28fab3 [Category: Orphaned Hash Cache]
[2026-09-03 13:07:54] Purged 20237c00b794b663731f92d10433007da8cfea [Category: Orphaned Hash Cache]
[2026-09-03 13:07:54] Purged 40695508a2e5e68680dfbc861d94bdc4bab8d6 [Category: Orphaned Hash Cache]
[2026-09-03 13:07:54] Purged f120f824baea1210bf3d24726dbd99e3374c93 [Category: Orphaned Hash Cache]
[2026-09-03 13:07:54] Purged 852d2eaf1467c9374442d1c4e42006ce538b46 [Category: Orphaned Hash Cache]
[2026-09-03 13:07:54] Purged 3e93d22dc3160c6985593aad3973988ffe99d0 [Category: Orphaned Hash Cache]
[2026-09-03 13:07:54] Purged 743babfb17f13fb925f7310b798b6cf3e48413 [Category: Orphaned Hash Cache]
[2026-09-03 13:07:54] Purged 6b99116eabb7fd8727458a0257334bde941070 [Category: Orphaned Hash Cache]
[2026-09-03 13:07:54] Purged 3bd0e7bde39bbe9aa298e104892ca46b93eebc [Category: Orphaned Hash Cache]
[2026-09-03 13:07:54] Purged a196bf0b8f9fd173114a1dc6d021942efe73a6 [Category: Orphaned Hash Cache]
[2026-09-03 13:07:54] Purged 881a1edf0c9afb0e768dffa039c97252d5c294 [Category: Orphaned Hash Cache]
[2026-09-03 13:07:54] Purged 531961840f3f4c85f0c456a9bc3f326c4e3523 [Category: Orphaned Hash Cache]
[2026-09-03 13:07:54] Purged c25e61a2857f3c3e286c61ccbbdadb315157bb [Category: Orphaned Hash Cache]
[2026-09-03 13:07:54] Purged 4e2eb32cd42bb98c6acae6b69e21abd7ae6810 [Category: Orphaned Hash Cache]
[2026-09-03 13:07:54] Purged ecb7c373b1704c9bfb403c07e6b857e29d8804 [Category: Orphaned Hash Cache]
[2026-09-03 13:07:54] Purged 6676e50215de47531310d473962acb78c31b98 [Category: Orphaned Hash Cache]
[2026-09-03 13:07:54] Purged 604ea5b892fab1148abea389a3c7cca590a09a [Category: Orphaned Hash Cache]
[2026-09-03 13:07:54] Purged 2a7b2103c53b06f0eb8069f3411f412f333e54 [Category: Orphaned Hash Cache]
[2026-09-03 13:07:54] Purged 9e4ea7a21ad5cd22c18e001ccf849f60c94d4f [Category: Orphaned Hash Cache]
[2026-09-03 13:07:54] Purged aaec1015a5cd59f56f8d00845e1875876c0b63 [Category: Orphaned Hash Cache]
[2026-09-03 13:07:54] Purged 14a2b5495215a662a06fe037db297b5f8556fa [Category: Orphaned Hash Cache]
[2026-09-03 13:07:54] Purged 06710fcb8314843c4d5d8f57990186c257d8dc [Category: Orphaned Hash Cache]
[2026-09-03 13:07:54] Purged 46ae4d4bbacef528174729d2113bef03aa7fa3 [Category: Orphaned Hash Cache]
[2026-09-03 13:07:54] Purged 73d695d015b2b933a408d8de6f9dcb2269594e [Category: Orphaned Hash Cache]
[2026-09-03 13:07:54] Purged 84aeaf157464ead17ed633973fb4876c2848ea [Category: Orphaned Hash Cache]
[2026-09-03 13:07:54] Purged 8c300af6b99aec25ec244adab876c5a98bd5d4 [Category: Orphaned Hash Cache]
[2026-09-03 13:07:54] Purged 3374c62311f7ceed1438e114630dde531c07e4 [Category: Orphaned Hash Cache]
[2026-09-03 13:07:54] Purged 163f8ca198c2d26426b740714d773c4b0f562e [Category: Orphaned Hash Cache]
[2026-09-03 13:07:54] Purged d6b2d405f5c58a7d2b04eea8c31ac6ea7866fb [Category: Orphaned Hash Cache]
[2026-09-03 13:07:54] Purged 146ece5e811aa218f6f6128c539ba9eb5f87e4 [Category: Orphaned Hash Cache]
[2026-09-03 13:07:54] Purged 6020a09350eb4a85cf0c156111bb9ec67d5017 [Category: Orphaned Hash Cache]
[2026-09-03 13:07:54] Purged 1aeb8ac3a1b6d479fa3959051db21a2f60d72c [Category: Orphaned Hash Cache]
[2026-09-03 13:07:54] Purged c37a9891d814ab9ac73e3061717fa3ebf27c0b [Category: Orphaned Hash Cache]
[2026-09-03 13:07:54] Purged 5a16cd326bf05fa1b3af0f43a907dea0f06d03 [Category: Orphaned Hash Cache]
[2026-09-03 13:07:54] Purged c2ce7f18f5648b74600fa98896de05c23b8573 [Category: Orphaned Hash Cache]
[2026-09-03 13:07:54] Purged cd388f16579db456f0173e630f7049d574abf4 [Category: Orphaned Hash Cache]
[2026-09-03 13:07:54] Purged e36c66a4059ce887fbf9f7f4f0b93b97ac9f14 [Category: Orphaned Hash Cache]
[2026-09-03 13:07:54] Purged 3bce5bbc8694afce2cf8ff1b09c273bcf6035c [Category: Orphaned Hash Cache]
[2026-09-03 13:07:54] Purged b0d1bd3c2aa16ddcfc44dbddf46b551aa0f955 [Category: Orphaned Hash Cache]
[2026-09-03 13:07:54] Purged c13049cae64cc6598a47f13d73e335a0fd598b [Category: Orphaned Hash Cache]
[2026-09-03 13:07:54] Purged 71a99b7328a85d50d55b53e41434e9357bbf1e [Category: Orphaned Hash Cache]
[2026-09-03 13:07:54] Purged 2fdb696c17c521d789653b00d572ce9b5ce1c7 [Category: Orphaned Hash Cache]
[2026-09-03 13:07:54] Purged 62795007f89aa9de867ad7a88a4d2e81dc7fcb [Category: Orphaned Hash Cache]
[2026-09-03 13:07:54] Purged 02a173a5b75bcb24f9bb16320856a073fc2459 [Category: Orphaned Hash Cache]
[2026-09-03 13:07:54] Purged 5e3f8f8429fa8fcf4394f0c05b4599e4c90e13 [Category: Orphaned Hash Cache]
[2026-09-03 13:07:54] Purged d4708f94d4696f36eb66366c18ccf8c489bd5c [Category: Orphaned Hash Cache]
[2026-09-03 13:07:54] Purged ca47e6821df0b235fc953e56556a2280bab221 [Category: Orphaned Hash Cache]
[2026-09-03 13:07:54] Purged tmp_obj_7RvfeG [Category: Temporary Artifact]
[2026-09-03 13:07:54] Purged tmp_obj_hIVvnB [Category: Temporary Artifact]
[2026-09-03 13:07:54] Purged 693bc8eaccea8f16f7efadacad8189fa062628 [Category: Orphaned Hash Cache]
[2026-09-03 13:07:54] Purged 1e59cd636513e06d11ee6cee91b28002ea3bba [Category: Orphaned Hash Cache]
[2026-09-03 13:07:54] Purged 495b7923dafacff59825eaa6c3d884ba921ac2 [Category: Orphaned Hash Cache]
[2026-09-03 13:07:54] Purged 6b224d99d20f11d286937265ac8508c223698a [Category: Orphaned Hash Cache]
[2026-09-03 13:07:54] Purged 1c957c26614c4b128503c64179cf9cb6771cdb [Category: Orphaned Hash Cache]
[2026-09-03 13:07:54] Purged 603da93e27902ec2244dd381064e09a36b3c99 [Category: Orphaned Hash Cache]
[2026-09-03 13:07:54] Purged 46f85fd763201b301eca56126c5457b460477d [Category: Orphaned Hash Cache]
[2026-09-03 13:07:54] Purged dca13667d9558cecc18efcaa5673242d1210ff [Category: Orphaned Hash Cache]
[2026-09-03 13:07:54] Purged ef271450a02d2d0f4f4c7d3767fa3920d8b8a7 [Category: Orphaned Hash Cache]
[2026-09-03 13:07:54] Purged 36848277646f2b2f1c4028aa81dd3446d59c41 [Category: Orphaned Hash Cache]
[2026-09-03 13:07:54] Purged b0a3d41361900dd907cc1c3f2047b7f07c2b5e [Category: Orphaned Hash Cache]
[2026-09-03 13:07:54] Purged ceeee0fe69de9d604f57dc14574a850e39f6df [Category: Orphaned Hash Cache]
[2026-09-03 13:07:54] Purged c9daf8b752a1bc0cc83edf1293d06611026f7a [Category: Orphaned Hash Cache]
[2026-09-03 13:07:54] Purged 775322d34e217cbeec2f98e16541581f5dab60 [Category: Orphaned Hash Cache]
[2026-09-03 13:07:54] Purged 9ca91b4c9d72e245e54ccf89c401e1ed28fab3 [Category: Orphaned Hash Cache]
[2026-09-03 13:07:54] Purged 20237c00b794b663731f92d10433007da8cfea [Category: Orphaned Hash Cache]
[2026-09-03 13:07:54] Purged 40695508a2e5e68680dfbc861d94bdc4bab8d6 [Category: Orphaned Hash Cache]
[2026-09-03 13:07:54] Purged f120f824baea1210bf3d24726dbd99e3374c93 [Category: Orphaned Hash Cache]
[2026-09-03 13:07:54] Purged 852d2eaf1467c9374442d1c4e42006ce538b46 [Category: Orphaned Hash Cache]
[2026-09-03 13:07:54] Purged 3e93d22dc3160c6985593aad3973988ffe99d0 [Category: Orphaned Hash Cache]
[2026-09-03 13:07:54] Purged 743babfb17f13fb925f7310b798b6cf3e48413 [Category: Orphaned Hash Cache]
[2026-09-03 13:07:54] Purged 6b99116eabb7fd8727458a0257334bde941070 [Category: Orphaned Hash Cache]
[2026-09-03 13:07:54] Purged 3bd0e7bde39bbe9aa298e104892ca46b93eebc [Category: Orphaned Hash Cache]
[2026-09-03 13:07:54] Purged a196bf0b8f9fd173114a1dc6d021942efe73a6 [Category: Orphaned Hash Cache]
[2026-09-03 13:07:54] Purged 881a1edf0c9afb0e768dffa039c97252d5c294 [Category: Orphaned Hash Cache]
[2026-09-03 13:07:54] Purged 531961840f3f4c85f0c456a9bc3f326c4e3523 [Category: Orphaned Hash Cache]
[2026-09-03 13:07:54] Purged c25e61a2857f3c3e286c61ccbbdadb315157bb [Category: Orphaned Hash Cache]
[2026-09-03 13:07:54] Purged 4e2eb32cd42bb98c6acae6b69e21abd7ae6810 [Category: Orphaned Hash Cache]
[2026-09-03 13:07:54] Purged ecb7c373b1704c9bfb403c07e6b857e29d8804 [Category: Orphaned Hash Cache]
[2026-09-03 13:07:54] Purged 6676e50215de47531310d473962acb78c31b98 [Category: Orphaned Hash Cache]
[2026-09-03 13:07:54] Purged 604ea5b892fab1148abea389a3c7cca590a09a [Category: Orphaned Hash Cache]
[2026-09-03 13:07:54] Purged 2a7b2103c53b06f0eb8069f3411f412f333e54 [Category: Orphaned Hash Cache]
[2026-09-03 13:07:54] Purged 9e4ea7a21ad5cd22c18e001ccf849f60c94d4f [Category: Orphaned Hash Cache]
[2026-09-03 13:07:54] Purged aaec1015a5cd59f56f8d00845e1875876c0b63 [Category: Orphaned Hash Cache]
[2026-09-03 13:07:54] Purged 14a2b5495215a662a06fe037db297b5f8556fa [Category: Orphaned Hash Cache]
[2026-09-03 13:07:54] Purged 06710fcb8314843c4d5d8f57990186c257d8dc [Category: Orphaned Hash Cache]
[2026-09-03 13:07:54] Purged 46ae4d4bbacef528174729d2113bef03aa7fa3 [Category: Orphaned Hash Cache]
[2026-09-03 13:07:54] Purged 73d695d015b2b933a408d8de6f9dcb2269594e [Category: Orphaned Hash Cache]
[2026-09-03 13:07:54] Purged 84aeaf157464ead17ed633973fb4876c2848ea [Category: Orphaned Hash Cache]
[2026-09-03 13:07:54] Purged 8c300af6b99aec25ec244adab876c5a98bd5d4 [Category: Orphaned Hash Cache]
[2026-09-03 13:07:54] Purged 3374c62311f7ceed1438e114630dde531c07e4 [Category: Orphaned Hash Cache]
[2026-09-03 13:07:54] Purged 163f8ca198c2d26426b740714d773c4b0f562e [Category: Orphaned Hash Cache]
[2026-09-03 13:07:54] Purged d6b2d405f5c58a7d2b04eea8c31ac6ea7866fb [Category: Orphaned Hash Cache]
[2026-09-03 13:07:54] Purged 146ece5e811aa218f6f6128c539ba9eb5f87e4 [Category: Orphaned Hash Cache]
[2026-09-03 13:07:54] Purged 6020a09350eb4a85cf0c156111bb9ec67d5017 [Category: Orphaned Hash Cache]
[2026-09-03 13:07:54] Purged 1aeb8ac3a1b6d479fa3959051db21a2f60d72c [Category: Orphaned Hash Cache]
[2026-09-03 13:07:54] Purged c37a9891d814ab9ac73e3061717fa3ebf27c0b [Category: Orphaned Hash Cache]
[2026-09-03 13:07:54] Purged 5a16cd326bf05fa1b3af0f43a907dea0f06d03 [Category: Orphaned Hash Cache]
[2026-09-03 13:07:54] Purged c2ce7f18f5648b74600fa98896de05c23b8573 [Category: Orphaned Hash Cache]
[2026-09-03 13:07:54] Purged cd388f16579db456f0173e630f7049d574abf4 [Category: Orphaned Hash Cache]
[2026-09-03 13:07:54] Purged e36c66a4059ce887fbf9f7f4f0b93b97ac9f14 [Category: Orphaned Hash Cache]
[2026-09-03 13:07:54] Purged 3bce5bbc8694afce2cf8ff1b09c273bcf6035c [Category: Orphaned Hash Cache]
[2026-09-03 13:07:54] Purged b0d1bd3c2aa16ddcfc44dbddf46b551aa0f955 [Category: Orphaned Hash Cache]
[2026-09-03 13:07:54] Purged c13049cae64cc6598a47f13d73e335a0fd598b [Category: Orphaned Hash Cache]
[2026-09-03 13:07:54] Purged 71a99b7328a85d50d55b53e41434e9357bbf1e [Category: Orphaned Hash Cache]
[2026-09-03 13:07:54] Purged 2fdb696c17c521d789653b00d572ce9b5ce1c7 [Category: Orphaned Hash Cache]
[2026-09-03 13:07:54] Purged 62795007f89aa9de867ad7a88a4d2e81dc7fcb [Category: Orphaned Hash Cache]
[2026-09-03 13:07:54] Purged 02a173a5b75bcb24f9bb16320856a073fc2459 [Category: Orphaned Hash Cache]
[2026-09-03 13:07:54] Purged 5e3f8f8429fa8fcf4394f0c05b4599e4c90e13 [Category: Orphaned Hash Cache]
[2026-09-03 13:07:54] Purged d4708f94d4696f36eb66366c18ccf8c489bd5c [Category: Orphaned Hash Cache]
[2026-09-03 13:07:54] Purged ca47e6821df0b235fc953e56556a2280bab221 [Category: Orphaned Hash Cache]
[2026-09-03 13:07:54] Purged tmp_obj_7RvfeG [Category: Temporary Artifact]
[2026-09-03 13:07:54] Purged tmp_obj_hIVvnB [Category: Temporary Artifact]
[2026-09-03 13:07:54] Purged 693bc8eaccea8f16f7efadacad8189fa062628 [Category: Orphaned Hash Cache]
[2026-09-03 13:07:54] Purged 1e59cd636513e06d11ee6cee91b28002ea3bba [Category: Orphaned Hash Cache]
[2026-09-03 13:07:54] Purged 495b7923dafacff59825eaa6c3d884ba921ac2 [Category: Orphaned Hash Cache]
[2026-09-03 13:07:54] Purged 6b224d99d20f11d286937265ac8508c223698a [Category: Orphaned Hash Cache]
[2026-09-03 13:07:54] Purged 1c957c26614c4b128503c64179cf9cb6771cdb [Category: Orphaned Hash Cache]
[2026-09-03 13:07:54] Purged 603da93e27902ec2244dd381064e09a36b3c99 [Category: Orphaned Hash Cache]
[2026-09-03 13:07:54] Purged 46f85fd763201b301eca56126c5457b460477d [Category: Orphaned Hash Cache]
[2026-09-03 13:07:54] Purged dca13667d9558cecc18efcaa5673242d1210ff [Category: Orphaned Hash Cache]
[2026-09-03 13:07:54] Purged ef271450a02d2d0f4f4c7d3767fa3920d8b8a7 [Category: Orphaned Hash Cache]
[2026-09-03 13:07:54] Purged 36848277646f2b2f1c4028aa81dd3446d59c41 [Category: Orphaned Hash Cache]
[2026-09-03 13:07:54] Purged b0a3d41361900dd907cc1c3f2047b7f07c2b5e [Category: Orphaned Hash Cache]
[2026-09-03 13:07:54] Purged ceeee0fe69de9d604f57dc14574a850e39f6df [Category: Orphaned Hash Cache]
[2026-09-03 13:07:54] Purged c9daf8b752a1bc0cc83edf1293d06611026f7a [Category: Orphaned Hash Cache]
[2026-09-03 13:07:54] Purged 775322d34e217cbeec2f98e16541581f5dab60 [Category: Orphaned Hash Cache]
[2026-09-03 13:07:54] Purged 9ca91b4c9d72e245e54ccf89c401e1ed28fab3 [Category: Orphaned Hash Cache]
[2026-09-03 13:07:54] Purged 20237c00b794b663731f92d10433007da8cfea [Category: Orphaned Hash Cache]
[2026-09-03 13:07:54] Purged 40695508a2e5e68680dfbc861d94bdc4bab8d6 [Category: Orphaned Hash Cache]
[2026-09-03 13:07:54] Purged f120f824baea1210bf3d24726dbd99e3374c93 [Category: Orphaned Hash Cache]
[2026-09-03 13:07:54] Purged 852d2eaf1467c9374442d1c4e42006ce538b46 [Category: Orphaned Hash Cache]
[2026-09-03 13:07:54] Purged 3e93d22dc3160c6985593aad3973988ffe99d0 [Category: Orphaned Hash Cache]
[2026-09-03 13:07:54] Purged 743babfb17f13fb925f7310b798b6cf3e48413 [Category: Orphaned Hash Cache]
[2026-09-03 13:07:54] Purged 6b99116eabb7fd8727458a0257334bde941070 [Category: Orphaned Hash Cache]
[2026-09-03 13:07:54] Purged 3bd0e7bde39bbe9aa298e104892ca46b93eebc [Category: Orphaned Hash Cache]
[2026-09-03 13:07:54] Purged a196bf0b8f9fd173114a1dc6d021942efe73a6 [Category: Orphaned Hash Cache]
[2026-09-03 13:07:54] Purged en_US-amy-medium.onnx [Category: Large Binary Blob]
[2026-09-03 13:07:54] Purged 881a1edf0c9afb0e768dffa039c97252d5c294 [Category: Orphaned Hash Cache]
[2026-09-03 13:07:54] Purged 531961840f3f4c85f0c456a9bc3f326c4e3523 [Category: Orphaned Hash Cache]
[2026-09-03 13:07:54] Purged c25e61a2857f3c3e286c61ccbbdadb315157bb [Category: Orphaned Hash Cache]
[2026-09-03 13:07:54] Purged 4e2eb32cd42bb98c6acae6b69e21abd7ae6810 [Category: Orphaned Hash Cache]
[2026-09-03 13:07:54] Purged ecb7c373b1704c9bfb403c07e6b857e29d8804 [Category: Orphaned Hash Cache]
[2026-09-03 13:07:54] Purged 6676e50215de47531310d473962acb78c31b98 [Category: Orphaned Hash Cache]
[2026-09-03 13:07:54] Purged 604ea5b892fab1148abea389a3c7cca590a09a [Category: Orphaned Hash Cache]
[2026-09-03 13:07:54] Purged 2a7b2103c53b06f0eb8069f3411f412f333e54 [Category: Orphaned Hash Cache]
[2026-09-03 13:07:54] Purged 9e4ea7a21ad5cd22c18e001ccf849f60c94d4f [Category: Orphaned Hash Cache]
[2026-09-03 13:07:54] Purged aaec1015a5cd59f56f8d00845e1875876c0b63 [Category: Orphaned Hash Cache]
[2026-09-03 13:07:54] Purged 14a2b5495215a662a06fe037db297b5f8556fa [Category: Orphaned Hash Cache]
[2026-09-03 13:07:54] Purged 06710fcb8314843c4d5d8f57990186c257d8dc [Category: Orphaned Hash Cache]
[2026-09-03 13:07:54] Purged 46ae4d4bbacef528174729d2113bef03aa7fa3 [Category: Orphaned Hash Cache]
[2026-09-03 13:07:54] Purged 73d695d015b2b933a408d8de6f9dcb2269594e [Category: Orphaned Hash Cache]
[2026-09-03 13:07:54] Purged 84aeaf157464ead17ed633973fb4876c2848ea [Category: Orphaned Hash Cache]
[2026-09-03 13:07:54] Purged 8c300af6b99aec25ec244adab876c5a98bd5d4 [Category: Orphaned Hash Cache]
[2026-09-03 13:07:54] Purged 3374c62311f7ceed1438e114630dde531c07e4 [Category: Orphaned Hash Cache]
[2026-09-03 13:07:54] Purged 163f8ca198c2d26426b740714d773c4b0f562e [Category: Orphaned Hash Cache]
[2026-09-03 13:07:54] Purged d6b2d405f5c58a7d2b04eea8c31ac6ea7866fb [Category: Orphaned Hash Cache]
[2026-09-03 13:07:54] Purged 146ece5e811aa218f6f6128c539ba9eb5f87e4 [Category: Orphaned Hash Cache]
[2026-09-03 13:07:54] Purged 6020a09350eb4a85cf0c156111bb9ec67d5017 [Category: Orphaned Hash Cache]
[2026-09-03 13:07:54] Purged 1aeb8ac3a1b6d479fa3959051db21a2f60d72c [Category: Orphaned Hash Cache]
[2026-09-03 13:07:54] Purged c37a9891d814ab9ac73e3061717fa3ebf27c0b [Category: Orphaned Hash Cache]
[2026-09-03 13:07:54] Purged 5a16cd326bf05fa1b3af0f43a907dea0f06d03 [Category: Orphaned Hash Cache]
[2026-09-03 13:07:54] Purged c2ce7f18f5648b74600fa98896de05c23b8573 [Category: Orphaned Hash Cache]
[2026-09-03 13:07:54] Purged cd388f16579db456f0173e630f7049d574abf4 [Category: Orphaned Hash Cache]
[2026-09-03 13:07:54] Purged e36c66a4059ce887fbf9f7f4f0b93b97ac9f14 [Category: Orphaned Hash Cache]
[2026-09-03 13:07:54] Purged 3bce5bbc8694afce2cf8ff1b09c273bcf6035c [Category: Orphaned Hash Cache]
[2026-09-03 13:07:54] Purged b0d1bd3c2aa16ddcfc44dbddf46b551aa0f955 [Category: Orphaned Hash Cache]
[2026-09-03 13:07:54] Purged c13049cae64cc6598a47f13d73e335a0fd598b [Category: Orphaned Hash Cache]
[2026-09-03 13:07:54] Purged 71a99b7328a85d50d55b53e41434e9357bbf1e [Category: Orphaned Hash Cache]
[2026-09-03 13:07:54] Purged 2fdb696c17c521d789653b00d572ce9b5ce1c7 [Category: Orphaned Hash Cache]
[2026-09-03 13:07:54] Purged 62795007f89aa9de867ad7a88a4d2e81dc7fcb [Category: Orphaned Hash Cache]
[2026-09-03 13:07:54] Purged 02a173a5b75bcb24f9bb16320856a073fc2459 [Category: Orphaned Hash Cache]
[2026-09-03 13:07:54] Purged 5e3f8f8429fa8fcf4394f0c05b4599e4c90e13 [Category: Orphaned Hash Cache]
[2026-09-03 13:07:54] Purged d4708f94d4696f36eb66366c18ccf8c489bd5c [Category: Orphaned Hash Cache]
[2026-09-03 13:07:54] Purged ca47e6821df0b235fc953e56556a2280bab221 [Category: Orphaned Hash Cache]
[2026-09-03 13:07:54] Purged tmp_obj_7RvfeG [Category: Temporary Artifact]
[2026-09-03 13:07:54] Purged tmp_obj_hIVvnB [Category: Temporary Artifact]
[2026-09-03 13:07:54] Purged 693bc8eaccea8f16f7efadacad8189fa062628 [Category: Orphaned Hash Cache]
[2026-09-03 13:07:54] Purged 1e59cd636513e06d11ee6cee91b28002ea3bba [Category: Orphaned Hash Cache]
[2026-09-03 13:07:54] Purged 495b7923dafacff59825eaa6c3d884ba921ac2 [Category: Orphaned Hash Cache]
[2026-09-03 13:07:54] Purged 6b224d99d20f11d286937265ac8508c223698a [Category: Orphaned Hash Cache]
[2026-09-03 13:07:54] Purged 1c957c26614c4b128503c64179cf9cb6771cdb [Category: Orphaned Hash Cache]
[2026-09-03 13:07:54] Purged 603da93e27902ec2244dd381064e09a36b3c99 [Category: Orphaned Hash Cache]
[2026-09-03 13:07:54] Purged 46f85fd763201b301eca56126c5457b460477d [Category: Orphaned Hash Cache]
[2026-09-03 13:07:54] Purged dca13667d9558cecc18efcaa5673242d1210ff [Category: Orphaned Hash Cache]
[2026-09-03 13:07:54] Purged ef271450a02d2d0f4f4c7d3767fa3920d8b8a7 [Category: Orphaned Hash Cache]
[2026-09-03 13:07:54] Purged 36848277646f2b2f1c4028aa81dd3446d59c41 [Category: Orphaned Hash Cache]
[2026-09-03 13:07:54] Purged b0a3d41361900dd907cc1c3f2047b7f07c2b5e [Category: Orphaned Hash Cache]
[2026-09-03 13:07:54] Purged ceeee0fe69de9d604f57dc14574a850e39f6df [Category: Orphaned Hash Cache]
[2026-09-03 13:07:54] Purged c9daf8b752a1bc0cc83edf1293d06611026f7a [Category: Orphaned Hash Cache]
[2026-09-03 13:07:54] Purged 775322d34e217cbeec2f98e16541581f5dab60 [Category: Orphaned Hash Cache]
[2026-09-03 13:07:54] Purged 9ca91b4c9d72e245e54ccf89c401e1ed28fab3 [Category: Orphaned Hash Cache]
[2026-09-03 13:07:54] Purged 20237c00b794b663731f92d10433007da8cfea [Category: Orphaned Hash Cache]
[2026-09-03 13:07:54] Purged 40695508a2e5e68680dfbc861d94bdc4bab8d6 [Category: Orphaned Hash Cache]
[2026-09-03 13:07:54] Purged f120f824baea1210bf3d24726dbd99e3374c93 [Category: Orphaned Hash Cache]
[2026-09-03 13:07:54] Purged 852d2eaf1467c9374442d1c4e42006ce538b46 [Category: Orphaned Hash Cache]
[2026-09-03 13:07:54] Purged 3e93d22dc3160c6985593aad3973988ffe99d0 [Category: Orphaned Hash Cache]
[2026-09-03 13:07:54] Purged 743babfb17f13fb925f7310b798b6cf3e48413 [Category: Orphaned Hash Cache]
[2026-09-03 13:07:54] Purged 6b99116eabb7fd8727458a0257334bde941070 [Category: Orphaned Hash Cache]
[2026-09-03 13:07:54] Purged 3bd0e7bde39bbe9aa298e104892ca46b93eebc [Category: Orphaned Hash Cache]
[2026-09-03 13:07:54] Purged a196bf0b8f9fd173114a1dc6d021942efe73a6 [Category: Orphaned Hash Cache]
[2026-09-03 13:07:54] Purged 881a1edf0c9afb0e768dffa039c97252d5c294 [Category: Orphaned Hash Cache]
[2026-09-03 13:07:54] Purged 531961840f3f4c85f0c456a9bc3f326c4e3523 [Category: Orphaned Hash Cache]
[2026-09-03 13:07:54] Purged c25e61a2857f3c3e286c61ccbbdadb315157bb [Category: Orphaned Hash Cache]
[2026-09-03 13:07:54] Purged 4e2eb32cd42bb98c6acae6b69e21abd7ae6810 [Category: Orphaned Hash Cache]
[2026-09-03 13:07:54] Purged ecb7c373b1704c9bfb403c07e6b857e29d8804 [Category: Orphaned Hash Cache]
[2026-09-03 13:07:54] Purged 6676e50215de47531310d473962acb78c31b98 [Category: Orphaned Hash Cache]
[2026-09-03 13:07:54] Purged 604ea5b892fab1148abea389a3c7cca590a09a [Category: Orphaned Hash Cache]
[2026-09-03 13:07:54] Purged 2a7b2103c53b06f0eb8069f3411f412f333e54 [Category: Orphaned Hash Cache]
[2026-09-03 13:07:54] Purged 9e4ea7a21ad5cd22c18e001ccf849f60c94d4f [Category: Orphaned Hash Cache]
[2026-09-03 13:07:54] Purged aaec1015a5cd59f56f8d00845e1875876c0b63 [Category: Orphaned Hash Cache]
[2026-09-03 13:07:54] Purged 14a2b5495215a662a06fe037db297b5f8556fa [Category: Orphaned Hash Cache]
[2026-09-03 13:07:54] Purged 06710fcb8314843c4d5d8f57990186c257d8dc [Category: Orphaned Hash Cache]
[2026-09-03 13:07:54] Purged 46ae4d4bbacef528174729d2113bef03aa7fa3 [Category: Orphaned Hash Cache]
[2026-09-03 13:07:54] Purged 73d695d015b2b933a408d8de6f9dcb2269594e [Category: Orphaned Hash Cache]
[2026-09-03 13:07:54] Purged 84aeaf157464ead17ed633973fb4876c2848ea [Category: Orphaned Hash Cache]
[2026-09-03 13:07:54] Purged 8c300af6b99aec25ec244adab876c5a98bd5d4 [Category: Orphaned Hash Cache]
[2026-09-03 13:07:54] Purged 3374c62311f7ceed1438e114630dde531c07e4 [Category: Orphaned Hash Cache]
[2026-09-03 13:07:54] Purged 163f8ca198c2d26426b740714d773c4b0f562e [Category: Orphaned Hash Cache]
[2026-09-03 13:07:54] Purged d6b2d405f5c58a7d2b04eea8c31ac6ea7866fb [Category: Orphaned Hash Cache]
[2026-09-03 13:07:54] Purged 146ece5e811aa218f6f6128c539ba9eb5f87e4 [Category: Orphaned Hash Cache]
[2026-09-03 13:07:54] Purged 6020a09350eb4a85cf0c156111bb9ec67d5017 [Category: Orphaned Hash Cache]
[2026-09-03 13:07:54] Purged 1aeb8ac3a1b6d479fa3959051db21a2f60d72c [Category: Orphaned Hash Cache]
[2026-09-03 13:07:54] Purged c37a9891d814ab9ac73e3061717fa3ebf27c0b [Category: Orphaned Hash Cache]
[2026-09-03 13:07:54] Purged 5a16cd326bf05fa1b3af0f43a907dea0f06d03 [Category: Orphaned Hash Cache]
[2026-09-03 13:07:54] Purged c2ce7f18f5648b74600fa98896de05c23b8573 [Category: Orphaned Hash Cache]
[2026-09-03 13:07:54] Purged cd388f16579db456f0173e630f7049d574abf4 [Category: Orphaned Hash Cache]
[2026-09-03 13:07:54] Purged e36c66a4059ce887fbf9f7f4f0b93b97ac9f14 [Category: Orphaned Hash Cache]
[2026-09-03 13:07:54] Purged 3bce5bbc8694afce2cf8ff1b09c273bcf6035c [Category: Orphaned Hash Cache]
[2026-09-03 13:07:54] Purged b0d1bd3c2aa16ddcfc44dbddf46b551aa0f955 [Category: Orphaned Hash Cache]
[2026-09-03 13:07:54] Purged c13049cae64cc6598a47f13d73e335a0fd598b [Category: Orphaned Hash Cache]
[2026-09-03 13:07:54] Purged 71a99b7328a85d50d55b53e41434e9357bbf1e [Category: Orphaned Hash Cache]
[2026-09-03 13:07:54] Purged 2fdb696c17c521d789653b00d572ce9b5ce1c7 [Category: Orphaned Hash Cache]
[2026-09-03 13:07:54] Purged 62795007f89aa9de867ad7a88a4d2e81dc7fcb [Category: Orphaned Hash Cache]
[2026-09-03 13:07:54] Purged 02a173a5b75bcb24f9bb16320856a073fc2459 [Category: Orphaned Hash Cache]
[2026-09-03 13:07:54] Purged 5e3f8f8429fa8fcf4394f0c05b4599e4c90e13 [Category: Orphaned Hash Cache]
[2026-09-03 13:07:54] Purged d4708f94d4696f36eb66366c18ccf8c489bd5c [Category: Orphaned Hash Cache]
[2026-09-03 13:07:54] Purged ca47e6821df0b235fc953e56556a2280bab221 [Category: Orphaned Hash Cache]
[2026-09-03 13:07:54] Purged tmp_obj_7RvfeG [Category: Temporary Artifact]
[2026-09-03 13:07:54] Purged tmp_obj_hIVvnB [Category: Temporary Artifact]
[2026-09-03 13:07:54] Purged 693bc8eaccea8f16f7efadacad8189fa062628 [Category: Orphaned Hash Cache]
[2026-09-03 13:07:54] Purged 1e59cd636513e06d11ee6cee91b28002ea3bba [Category: Orphaned Hash Cache]
[2026-09-03 13:07:54] Purged 495b7923dafacff59825eaa6c3d884ba921ac2 [Category: Orphaned Hash Cache]
[2026-09-03 13:07:54] Purged 6b224d99d20f11d286937265ac8508c223698a [Category: Orphaned Hash Cache]
[2026-09-03 13:07:54] Purged 1c957c26614c4b128503c64179cf9cb6771cdb [Category: Orphaned Hash Cache]
[2026-09-03 13:07:54] Purged 603da93e27902ec2244dd381064e09a36b3c99 [Category: Orphaned Hash Cache]
[2026-09-03 13:07:54] Purged 46f85fd763201b301eca56126c5457b460477d [Category: Orphaned Hash Cache]
[2026-09-03 13:07:54] Purged dca13667d9558cecc18efcaa5673242d1210ff [Category: Orphaned Hash Cache]
[2026-09-03 13:07:54] Purged ef271450a02d2d0f4f4c7d3767fa3920d8b8a7 [Category: Orphaned Hash Cache]
[2026-09-03 13:07:54] Purged 36848277646f2b2f1c4028aa81dd3446d59c41 [Category: Orphaned Hash Cache]
[2026-09-03 13:07:54] Purged b0a3d41361900dd907cc1c3f2047b7f07c2b5e [Category: Orphaned Hash Cache]
[2026-09-03 13:07:54] Purged ceeee0fe69de9d604f57dc14574a850e39f6df [Category: Orphaned Hash Cache]
[2026-09-03 13:07:54] Purged c9daf8b752a1bc0cc83edf1293d06611026f7a [Category: Orphaned Hash Cache]
[2026-09-03 13:07:54] Purged 775322d34e217cbeec2f98e16541581f5dab60 [Category: Orphaned Hash Cache]
[2026-09-03 13:07:54] Purged 9ca91b4c9d72e245e54ccf89c401e1ed28fab3 [Category: Orphaned Hash Cache]
[2026-09-03 13:07:54] Purged 20237c00b794b663731f92d10433007da8cfea [Category: Orphaned Hash Cache]
[2026-09-03 13:07:54] Purged 40695508a2e5e68680dfbc861d94bdc4bab8d6 [Category: Orphaned Hash Cache]
[2026-09-03 13:07:54] Purged f120f824baea1210bf3d24726dbd99e3374c93 [Category: Orphaned Hash Cache]
[2026-09-03 13:07:54] Purged 852d2eaf1467c9374442d1c4e42006ce538b46 [Category: Orphaned Hash Cache]
[2026-09-03 13:07:54] Purged 3e93d22dc3160c6985593aad3973988ffe99d0 [Category: Orphaned Hash Cache]
[2026-09-03 13:07:54] Purged 743babfb17f13fb925f7310b798b6cf3e48413 [Category: Orphaned Hash Cache]
[2026-09-03 13:07:54] Purged 6b99116eabb7fd8727458a0257334bde941070 [Category: Orphaned Hash Cache]
[2026-09-03 13:07:54] Purged 3bd0e7bde39bbe9aa298e104892ca46b93eebc [Category: Orphaned Hash Cache]
[2026-09-03 13:07:54] Purged a196bf0b8f9fd173114a1dc6d021942efe73a6 [Category: Orphaned Hash Cache]
[2026-09-03 13:07:54] Purged 881a1edf0c9afb0e768dffa039c97252d5c294 [Category: Orphaned Hash Cache]
[2026-09-03 13:07:54] Purged 531961840f3f4c85f0c456a9bc3f326c4e3523 [Category: Orphaned Hash Cache]
[2026-09-03 13:07:54] Purged c25e61a2857f3c3e286c61ccbbdadb315157bb [Category: Orphaned Hash Cache]
[2026-09-03 13:07:54] Purged 4e2eb32cd42bb98c6acae6b69e21abd7ae6810 [Category: Orphaned Hash Cache]
[2026-09-03 13:07:54] Purged ecb7c373b1704c9bfb403c07e6b857e29d8804 [Category: Orphaned Hash Cache]
[2026-09-03 13:07:54] Purged 6676e50215de47531310d473962acb78c31b98 [Category: Orphaned Hash Cache]
[2026-09-03 13:07:54] Purged 604ea5b892fab1148abea389a3c7cca590a09a [Category: Orphaned Hash Cache]
[2026-09-03 13:07:54] Purged 2a7b2103c53b06f0eb8069f3411f412f333e54 [Category: Orphaned Hash Cache]
[2026-09-03 13:07:54] Purged 9e4ea7a21ad5cd22c18e001ccf849f60c94d4f [Category: Orphaned Hash Cache]
[2026-09-03 13:07:54] Purged aaec1015a5cd59f56f8d00845e1875876c0b63 [Category: Orphaned Hash Cache]
[2026-09-03 13:07:54] Purged 14a2b5495215a662a06fe037db297b5f8556fa [Category: Orphaned Hash Cache]
[2026-09-03 13:07:54] Purged 06710fcb8314843c4d5d8f57990186c257d8dc [Category: Orphaned Hash Cache]
[2026-09-03 13:07:54] Purged 46ae4d4bbacef528174729d2113bef03aa7fa3 [Category: Orphaned Hash Cache]
[2026-09-03 13:07:54] Purged 73d695d015b2b933a408d8de6f9dcb2269594e [Category: Orphaned Hash Cache]
[2026-09-03 13:07:54] Purged 84aeaf157464ead17ed633973fb4876c2848ea [Category: Orphaned Hash Cache]
[2026-09-03 13:07:54] Purged 8c300af6b99aec25ec244adab876c5a98bd5d4 [Category: Orphaned Hash Cache]
[2026-09-03 13:07:54] Purged 3374c62311f7ceed1438e114630dde531c07e4 [Category: Orphaned Hash Cache]
[2026-09-03 13:07:54] Purged 163f8ca198c2d26426b740714d773c4b0f562e [Category: Orphaned Hash Cache]
[2026-09-03 13:07:54] Purged d6b2d405f5c58a7d2b04eea8c31ac6ea7866fb [Category: Orphaned Hash Cache]
[2026-09-03 13:07:54] Purged 146ece5e811aa218f6f6128c539ba9eb5f87e4 [Category: Orphaned Hash Cache]
[2026-09-03 13:07:54] Purged 6020a09350eb4a85cf0c156111bb9ec67d5017 [Category: Orphaned Hash Cache]
[2026-09-03 13:07:54] Purged 1aeb8ac3a1b6d479fa3959051db21a2f60d72c [Category: Orphaned Hash Cache]
[2026-09-03 13:07:54] Purged c37a9891d814ab9ac73e3061717fa3ebf27c0b [Category: Orphaned Hash Cache]
[2026-09-03 13:07:54] Purged 5a16cd326bf05fa1b3af0f43a907dea0f06d03 [Category: Orphaned Hash Cache]
[2026-09-03 13:07:54] Purged c2ce7f18f5648b74600fa98896de05c23b8573 [Category: Orphaned Hash Cache]
[2026-09-03 13:07:54] Purged cd388f16579db456f0173e630f7049d574abf4 [Category: Orphaned Hash Cache]
[2026-09-03 13:07:54] Purged e36c66a4059ce887fbf9f7f4f0b93b97ac9f14 [Category: Orphaned Hash Cache]
[2026-09-03 13:07:54] Purged 3bce5bbc8694afce2cf8ff1b09c273bcf6035c [Category: Orphaned Hash Cache]
[2026-09-03 13:07:54] Purged b0d1bd3c2aa16ddcfc44dbddf46b551aa0f955 [Category: Orphaned Hash Cache]
[2026-09-03 13:07:54] Purged c13049cae64cc6598a47f13d73e335a0fd598b [Category: Orphaned Hash Cache]
[2026-09-03 13:07:54] Purged 71a99b7328a85d50d55b53e41434e9357bbf1e [Category: Orphaned Hash Cache]
[2026-09-03 13:07:54] Purged 2fdb696c17c521d789653b00d572ce9b5ce1c7 [Category: Orphaned Hash Cache]
[2026-09-03 13:07:54] Purged 62795007f89aa9de867ad7a88a4d2e81dc7fcb [Category: Orphaned Hash Cache]
[2026-09-03 13:07:54] Purged 02a173a5b75bcb24f9bb16320856a073fc2459 [Category: Orphaned Hash Cache]
[2026-09-03 13:07:54] Purged 5e3f8f8429fa8fcf4394f0c05b4599e4c90e13 [Category: Orphaned Hash Cache]
[2026-09-03 13:07:54] Purged d4708f94d4696f36eb66366c18ccf8c489bd5c [Category: Orphaned Hash Cache]
[2026-09-03 13:07:54] Purged ca47e6821df0b235fc953e56556a2280bab221 [Category: Orphaned Hash Cache]
[2026-09-03 13:07:54] Purged tmp_obj_7RvfeG [Category: Temporary Artifact]
[2026-09-03 13:07:54] Purged tmp_obj_hIVvnB [Category: Temporary Artifact]
[2026-09-03 13:07:54] Purged 693bc8eaccea8f16f7efadacad8189fa062628 [Category: Orphaned Hash Cache]
[2026-09-03 13:07:54] Purged 1e59cd636513e06d11ee6cee91b28002ea3bba [Category: Orphaned Hash Cache]
[2026-09-03 13:07:54] Purged 495b7923dafacff59825eaa6c3d884ba921ac2 [Category: Orphaned Hash Cache]
[2026-09-03 13:07:54] Purged 6b224d99d20f11d286937265ac8508c223698a [Category: Orphaned Hash Cache]
[2026-09-03 13:07:54] Purged 1c957c26614c4b128503c64179cf9cb6771cdb [Category: Orphaned Hash Cache]
[2026-09-03 13:07:54] Purged 603da93e27902ec2244dd381064e09a36b3c99 [Category: Orphaned Hash Cache]
[2026-09-03 13:07:54] Purged 46f85fd763201b301eca56126c5457b460477d [Category: Orphaned Hash Cache]
[2026-09-03 13:07:54] Purged dca13667d9558cecc18efcaa5673242d1210ff [Category: Orphaned Hash Cache]
[2026-09-03 13:07:54] Purged ef271450a02d2d0f4f4c7d3767fa3920d8b8a7 [Category: Orphaned Hash Cache]
[2026-09-03 13:07:54] Purged 36848277646f2b2f1c4028aa81dd3446d59c41 [Category: Orphaned Hash Cache]
[2026-09-03 13:07:54] Purged b0a3d41361900dd907cc1c3f2047b7f07c2b5e [Category: Orphaned Hash Cache]
[2026-09-03 13:07:54] Purged ceeee0fe69de9d604f57dc14574a850e39f6df [Category: Orphaned Hash Cache]
[2026-09-03 13:07:54] Purged c9daf8b752a1bc0cc83edf1293d06611026f7a [Category: Orphaned Hash Cache]
[2026-09-03 13:07:54] Purged 775322d34e217cbeec2f98e16541581f5dab60 [Category: Orphaned Hash Cache]
[2026-09-03 13:07:54] Purged 9ca91b4c9d72e245e54ccf89c401e1ed28fab3 [Category: Orphaned Hash Cache]
[2026-09-03 13:07:54] Purged 20237c00b794b663731f92d10433007da8cfea [Category: Orphaned Hash Cache]
[2026-09-03 13:07:54] Purged 40695508a2e5e68680dfbc861d94bdc4bab8d6 [Category: Orphaned Hash Cache]
[2026-09-03 13:07:54] Purged f120f824baea1210bf3d24726dbd99e3374c93 [Category: Orphaned Hash Cache]
[2026-09-03 13:07:54] Purged 852d2eaf1467c9374442d1c4e42006ce538b46 [Category: Orphaned Hash Cache]
[2026-09-03 13:07:54] Purged 3e93d22dc3160c6985593aad3973988ffe99d0 [Category: Orphaned Hash Cache]
[2026-09-03 13:07:54] Purged 743babfb17f13fb925f7310b798b6cf3e48413 [Category: Orphaned Hash Cache]
[2026-09-03 13:07:54] Purged 6b99116eabb7fd8727458a0257334bde941070 [Category: Orphaned Hash Cache]
[2026-09-03 13:07:54] Purged 3bd0e7bde39bbe9aa298e104892ca46b93eebc [Category: Orphaned Hash Cache]
[2026-09-03 13:07:54] Purged a196bf0b8f9fd173114a1dc6d021942efe73a6 [Category: Orphaned Hash Cache]
[2026-09-03 13:07:54] Purged en_US-amy-medium.onnx [Category: Large Binary Blob]
[2026-09-03 13:07:54] Purged 881a1edf0c9afb0e768dffa039c97252d5c294 [Category: Orphaned Hash Cache]
[2026-09-03 13:07:54] Purged 531961840f3f4c85f0c456a9bc3f326c4e3523 [Category: Orphaned Hash Cache]
[2026-09-03 13:07:54] Purged c25e61a2857f3c3e286c61ccbbdadb315157bb [Category: Orphaned Hash Cache]
[2026-09-03 13:07:54] Purged 4e2eb32cd42bb98c6acae6b69e21abd7ae6810 [Category: Orphaned Hash Cache]
[2026-09-03 13:07:54] Purged ecb7c373b1704c9bfb403c07e6b857e29d8804 [Category: Orphaned Hash Cache]
[2026-09-03 13:07:54] Purged 6676e50215de47531310d473962acb78c31b98 [Category: Orphaned Hash Cache]
[2026-09-03 13:07:54] Purged 604ea5b892fab1148abea389a3c7cca590a09a [Category: Orphaned Hash Cache]
[2026-09-03 13:07:54] Purged 2a7b2103c53b06f0eb8069f3411f412f333e54 [Category: Orphaned Hash Cache]
[2026-09-03 13:07:54] Purged 9e4ea7a21ad5cd22c18e001ccf849f60c94d4f [Category: Orphaned Hash Cache]
[2026-09-03 13:07:54] Purged aaec1015a5cd59f56f8d00845e1875876c0b63 [Category: Orphaned Hash Cache]
[2026-09-03 13:07:54] Purged 14a2b5495215a662a06fe037db297b5f8556fa [Category: Orphaned Hash Cache]
[2026-09-03 13:07:54] Purged 06710fcb8314843c4d5d8f57990186c257d8dc [Category: Orphaned Hash Cache]
[2026-09-03 13:07:54] Purged 46ae4d4bbacef528174729d2113bef03aa7fa3 [Category: Orphaned Hash Cache]
[2026-09-03 13:07:54] Purged 73d695d015b2b933a408d8de6f9dcb2269594e [Category: Orphaned Hash Cache]
[2026-09-03 13:07:54] Purged 84aeaf157464ead17ed633973fb4876c2848ea [Category: Orphaned Hash Cache]
[2026-09-03 13:07:54] Purged 8c300af6b99aec25ec244adab876c5a98bd5d4 [Category: Orphaned Hash Cache]
[2026-09-03 13:07:54] Purged 3374c62311f7ceed1438e114630dde531c07e4 [Category: Orphaned Hash Cache]
[2026-09-03 13:07:54] Purged 163f8ca198c2d26426b740714d773c4b0f562e [Category: Orphaned Hash Cache]
[2026-09-03 13:07:54] Purged d6b2d405f5c58a7d2b04eea8c31ac6ea7866fb [Category: Orphaned Hash Cache]
[2026-09-03 13:07:54] Purged 146ece5e811aa218f6f6128c539ba9eb5f87e4 [Category: Orphaned Hash Cache]
[2026-09-03 13:07:54] Purged 6020a09350eb4a85cf0c156111bb9ec67d5017 [Category: Orphaned Hash Cache]
[2026-09-03 13:07:54] Purged 1aeb8ac3a1b6d479fa3959051db21a2f60d72c [Category: Orphaned Hash Cache]
[2026-09-03 13:07:54] Purged c37a9891d814ab9ac73e3061717fa3ebf27c0b [Category: Orphaned Hash Cache]
[2026-09-03 13:07:54] Purged 5a16cd326bf05fa1b3af0f43a907dea0f06d03 [Category: Orphaned Hash Cache]
[2026-09-03 13:07:54] Purged c2ce7f18f5648b74600fa98896de05c23b8573 [Category: Orphaned Hash Cache]
[2026-09-03 13:07:54] Purged cd388f16579db456f0173e630f7049d574abf4 [Category: Orphaned Hash Cache]
[2026-09-03 13:07:54] Purged e36c66a4059ce887fbf9f7f4f0b93b97ac9f14 [Category: Orphaned Hash Cache]
[2026-09-03 13:07:54] Purged 3bce5bbc8694afce2cf8ff1b09c273bcf6035c [Category: Orphaned Hash Cache]
[2026-09-03 13:07:54] Purged b0d1bd3c2aa16ddcfc44dbddf46b551aa0f955 [Category: Orphaned Hash Cache]
[2026-09-03 13:07:54] Purged c13049cae64cc6598a47f13d73e335a0fd598b [Category: Orphaned Hash Cache]
[2026-09-03 13:07:54] Purged 71a99b7328a85d50d55b53e41434e9357bbf1e [Category: Orphaned Hash Cache]
[2026-09-03 13:07:54] Purged 2fdb696c17c521d789653b00d572ce9b5ce1c7 [Category: Orphaned Hash Cache]
[2026-09-03 13:07:54] Purged 62795007f89aa9de867ad7a88a4d2e81dc7fcb [Category: Orphaned Hash Cache]
[2026-09-03 13:07:54] Purged 02a173a5b75bcb24f9bb16320856a073fc2459 [Category: Orphaned Hash Cache]
[2026-09-03 13:07:54] Purged 5e3f8f8429fa8fcf4394f0c05b4599e4c90e13 [Category: Orphaned Hash Cache]
[2026-09-03 13:07:54] Purged d4708f94d4696f36eb66366c18ccf8c489bd5c [Category: Orphaned Hash Cache]
[2026-09-03 13:07:54] Purged ca47e6821df0b235fc953e56556a2280bab221 [Category: Orphaned Hash Cache]
[2026-09-03 13:07:54] Purged tmp_obj_7RvfeG [Category: Temporary Artifact]
[2026-09-03 13:07:54] Purged tmp_obj_hIVvnB [Category: Temporary Artifact]
[2026-09-03 13:07:54] Purged 693bc8eaccea8f16f7efadacad8189fa062628 [Category: Orphaned Hash Cache]
[2026-09-03 13:07:54] Purged 1e59cd636513e06d11ee6cee91b28002ea3bba [Category: Orphaned Hash Cache]
[2026-09-03 13:07:54] Purged 495b7923dafacff59825eaa6c3d884ba921ac2 [Category: Orphaned Hash Cache]
[2026-09-03 13:07:54] Purged 6b224d99d20f11d286937265ac8508c223698a [Category: Orphaned Hash Cache]
[2026-09-03 13:07:54] Purged 1c957c26614c4b128503c64179cf9cb6771cdb [Category: Orphaned Hash Cache]
[2026-09-03 13:07:54] Purged 603da93e27902ec2244dd381064e09a36b3c99 [Category: Orphaned Hash Cache]
[2026-09-03 13:07:54] Purged 46f85fd763201b301eca56126c5457b460477d [Category: Orphaned Hash Cache]
[2026-09-03 13:07:54] Purged dca13667d9558cecc18efcaa5673242d1210ff [Category: Orphaned Hash Cache]
[2026-09-03 13:07:54] Purged ef271450a02d2d0f4f4c7d3767fa3920d8b8a7 [Category: Orphaned Hash Cache]
[2026-09-03 13:07:54] Purged 36848277646f2b2f1c4028aa81dd3446d59c41 [Category: Orphaned Hash Cache]
[2026-09-03 13:07:54] Purged b0a3d41361900dd907cc1c3f2047b7f07c2b5e [Category: Orphaned Hash Cache]
[2026-09-03 13:07:54] Purged ceeee0fe69de9d604f57dc14574a850e39f6df [Category: Orphaned Hash Cache]
[2026-09-03 13:07:54] Purged c9daf8b752a1bc0cc83edf1293d06611026f7a [Category: Orphaned Hash Cache]
[2026-09-03 13:07:54] Purged 775322d34e217cbeec2f98e16541581f5dab60 [Category: Orphaned Hash Cache]
[2026-09-03 13:07:54] Purged 9ca91b4c9d72e245e54ccf89c401e1ed28fab3 [Category: Orphaned Hash Cache]
[2026-09-03 13:07:54] Purged 20237c00b794b663731f92d10433007da8cfea [Category: Orphaned Hash Cache]
[2026-09-03 13:07:54] Purged 40695508a2e5e68680dfbc861d94bdc4bab8d6 [Category: Orphaned Hash Cache]
[2026-09-03 13:07:54] Purged f120f824baea1210bf3d24726dbd99e3374c93 [Category: Orphaned Hash Cache]
[2026-09-03 13:07:54] Purged 852d2eaf1467c9374442d1c4e42006ce538b46 [Category: Orphaned Hash Cache]
[2026-09-03 13:07:54] Purged 3e93d22dc3160c6985593aad3973988ffe99d0 [Category: Orphaned Hash Cache]
[2026-09-03 13:07:54] Purged 743babfb17f13fb925f7310b798b6cf3e48413 [Category: Orphaned Hash Cache]
[2026-09-03 13:07:54] Purged 6b99116eabb7fd8727458a0257334bde941070 [Category: Orphaned Hash Cache]
[2026-09-03 13:07:54] Purged 3bd0e7bde39bbe9aa298e104892ca46b93eebc [Category: Orphaned Hash Cache]
[2026-09-03 13:07:54] Purged a196bf0b8f9fd173114a1dc6d021942efe73a6 [Category: Orphaned Hash Cache]
[2026-09-03 13:07:54] Purged 881a1edf0c9afb0e768dffa039c97252d5c294 [Category: Orphaned Hash Cache]
[2026-09-03 13:07:54] Purged 531961840f3f4c85f0c456a9bc3f326c4e3523 [Category: Orphaned Hash Cache]
[2026-09-03 13:07:54] Purged c25e61a2857f3c3e286c61ccbbdadb315157bb [Category: Orphaned Hash Cache]
[2026-09-03 13:07:54] Purged 4e2eb32cd42bb98c6acae6b69e21abd7ae6810 [Category: Orphaned Hash Cache]
[2026-09-03 13:07:54] Purged ecb7c373b1704c9bfb403c07e6b857e29d8804 [Category: Orphaned Hash Cache]
[2026-09-03 13:07:54] Purged 6676e50215de47531310d473962acb78c31b98 [Category: Orphaned Hash Cache]
[2026-09-03 13:07:54] Purged 604ea5b892fab1148abea389a3c7cca590a09a [Category: Orphaned Hash Cache]
[2026-09-03 13:07:54] Purged 2a7b2103c53b06f0eb8069f3411f412f333e54 [Category: Orphaned Hash Cache]
[2026-09-03 13:07:54] Purged 9e4ea7a21ad5cd22c18e001ccf849f60c94d4f [Category: Orphaned Hash Cache]
[2026-09-03 13:07:54] Purged aaec1015a5cd59f56f8d00845e1875876c0b63 [Category: Orphaned Hash Cache]
[2026-09-03 13:07:54] Purged 14a2b5495215a662a06fe037db297b5f8556fa [Category: Orphaned Hash Cache]
[2026-09-03 13:07:54] Purged 06710fcb8314843c4d5d8f57990186c257d8dc [Category: Orphaned Hash Cache]
[2026-09-03 13:07:54] Purged 46ae4d4bbacef528174729d2113bef03aa7fa3 [Category: Orphaned Hash Cache]
[2026-09-03 13:07:54] Purged 73d695d015b2b933a408d8de6f9dcb2269594e [Category: Orphaned Hash Cache]
[2026-09-03 13:07:54] Purged 84aeaf157464ead17ed633973fb4876c2848ea [Category: Orphaned Hash Cache]
[2026-09-03 13:07:54] Purged 8c300af6b99aec25ec244adab876c5a98bd5d4 [Category: Orphaned Hash Cache]
[2026-09-03 13:07:54] Purged 3374c62311f7ceed1438e114630dde531c07e4 [Category: Orphaned Hash Cache]
[2026-09-03 13:07:54] Purged 163f8ca198c2d26426b740714d773c4b0f562e [Category: Orphaned Hash Cache]
[2026-09-03 13:07:54] Purged d6b2d405f5c58a7d2b04eea8c31ac6ea7866fb [Category: Orphaned Hash Cache]
[2026-09-03 13:07:54] Purged 146ece5e811aa218f6f6128c539ba9eb5f87e4 [Category: Orphaned Hash Cache]
[2026-09-03 13:07:54] Purged 6020a09350eb4a85cf0c156111bb9ec67d5017 [Category: Orphaned Hash Cache]
[2026-09-03 13:07:54] Purged 1aeb8ac3a1b6d479fa3959051db21a2f60d72c [Category: Orphaned Hash Cache]
[2026-09-03 13:07:54] Purged c37a9891d814ab9ac73e3061717fa3ebf27c0b [Category: Orphaned Hash Cache]
[2026-09-03 13:07:54] Purged 5a16cd326bf05fa1b3af0f43a907dea0f06d03 [Category: Orphaned Hash Cache]
[2026-09-03 13:07:54] Purged c2ce7f18f5648b74600fa98896de05c23b8573 [Category: Orphaned Hash Cache]
[2026-09-03 13:07:54] Purged cd388f16579db456f0173e630f7049d574abf4 [Category: Orphaned Hash Cache]
[2026-09-03 13:07:54] Purged e36c66a4059ce887fbf9f7f4f0b93b97ac9f14 [Category: Orphaned Hash Cache]
[2026-09-03 13:07:54] Purged 3bce5bbc8694afce2cf8ff1b09c273bcf6035c [Category: Orphaned Hash Cache]
[2026-09-03 13:07:54] Purged b0d1bd3c2aa16ddcfc44dbddf46b551aa0f955 [Category: Orphaned Hash Cache]
[2026-09-03 13:07:54] Purged c13049cae64cc6598a47f13d73e335a0fd598b [Category: Orphaned Hash Cache]
[2026-09-03 13:07:54] Purged 71a99b7328a85d50d55b53e41434e9357bbf1e [Category: Orphaned Hash Cache]
[2026-09-03 13:07:54] Purged 2fdb696c17c521d789653b00d572ce9b5ce1c7 [Category: Orphaned Hash Cache]
[2026-09-03 13:07:54] Purged 62795007f89aa9de867ad7a88a4d2e81dc7fcb [Category: Orphaned Hash Cache]
[2026-09-03 13:07:54] Purged 02a173a5b75bcb24f9bb16320856a073fc2459 [Category: Orphaned Hash Cache]
[2026-09-03 13:07:54] Purged 5e3f8f8429fa8fcf4394f0c05b4599e4c90e13 [Category: Orphaned Hash Cache]
[2026-09-03 13:07:54] Purged d4708f94d4696f36eb66366c18ccf8c489bd5c [Category: Orphaned Hash Cache]
[2026-09-03 13:07:54] Purged ca47e6821df0b235fc953e56556a2280bab221 [Category: Orphaned Hash Cache]
[2026-09-03 13:07:54] Purged tmp_obj_7RvfeG [Category: Temporary Artifact]
[2026-09-03 13:07:54] Purged tmp_obj_hIVvnB [Category: Temporary Artifact]
[2026-09-03 13:07:54] Purged 693bc8eaccea8f16f7efadacad8189fa062628 [Category: Orphaned Hash Cache]
[2026-09-03 13:07:54] Purged 1e59cd636513e06d11ee6cee91b28002ea3bba [Category: Orphaned Hash Cache]
[2026-09-03 13:07:54] Purged 495b7923dafacff59825eaa6c3d884ba921ac2 [Category: Orphaned Hash Cache]
[2026-09-03 13:07:54] Purged 6b224d99d20f11d286937265ac8508c223698a [Category: Orphaned Hash Cache]
[2026-09-03 13:07:54] Purged 1c957c26614c4b128503c64179cf9cb6771cdb [Category: Orphaned Hash Cache]
[2026-09-03 13:07:54] Purged 603da93e27902ec2244dd381064e09a36b3c99 [Category: Orphaned Hash Cache]
[2026-09-03 13:07:54] Purged 46f85fd763201b301eca56126c5457b460477d [Category: Orphaned Hash Cache]
[2026-09-03 13:07:54] Purged dca13667d9558cecc18efcaa5673242d1210ff [Category: Orphaned Hash Cache]
[2026-09-03 13:07:54] Purged ef271450a02d2d0f4f4c7d3767fa3920d8b8a7 [Category: Orphaned Hash Cache]
[2026-09-03 13:07:54] Purged 36848277646f2b2f1c4028aa81dd3446d59c41 [Category: Orphaned Hash Cache]
[2026-09-03 13:07:54] Purged b0a3d41361900dd907cc1c3f2047b7f07c2b5e [Category: Orphaned Hash Cache]
[2026-09-03 13:07:54] Purged ceeee0fe69de9d604f57dc14574a850e39f6df [Category: Orphaned Hash Cache]
[2026-09-03 13:07:54] Purged c9daf8b752a1bc0cc83edf1293d06611026f7a [Category: Orphaned Hash Cache]
[2026-09-03 13:07:54] Purged 775322d34e217cbeec2f98e16541581f5dab60 [Category: Orphaned Hash Cache]
[2026-09-03 13:07:54] Purged 9ca91b4c9d72e245e54ccf89c401e1ed28fab3 [Category: Orphaned Hash Cache]
[2026-09-03 13:07:54] Purged 20237c00b794b663731f92d10433007da8cfea [Category: Orphaned Hash Cache]
[2026-09-03 13:07:54] Purged 40695508a2e5e68680dfbc861d94bdc4bab8d6 [Category: Orphaned Hash Cache]
[2026-09-03 13:07:54] Purged f120f824baea1210bf3d24726dbd99e3374c93 [Category: Orphaned Hash Cache]
[2026-09-03 13:07:54] Purged 852d2eaf1467c9374442d1c4e42006ce538b46 [Category: Orphaned Hash Cache]
[2026-09-03 13:07:54] Purged 3e93d22dc3160c6985593aad3973988ffe99d0 [Category: Orphaned Hash Cache]
[2026-09-03 13:07:54] Purged 743babfb17f13fb925f7310b798b6cf3e48413 [Category: Orphaned Hash Cache]
[2026-09-03 13:07:54] Purged 6b99116eabb7fd8727458a0257334bde941070 [Category: Orphaned Hash Cache]
[2026-09-03 13:07:54] Purged 3bd0e7bde39bbe9aa298e104892ca46b93eebc [Category: Orphaned Hash Cache]
[2026-09-03 13:07:54] Purged a196bf0b8f9fd173114a1dc6d021942efe73a6 [Category: Orphaned Hash Cache]
[2026-09-03 13:07:54] Purged 881a1edf0c9afb0e768dffa039c97252d5c294 [Category: Orphaned Hash Cache]
[2026-09-03 13:07:54] Purged 531961840f3f4c85f0c456a9bc3f326c4e3523 [Category: Orphaned Hash Cache]
[2026-09-03 13:07:54] Purged c25e61a2857f3c3e286c61ccbbdadb315157bb [Category: Orphaned Hash Cache]
[2026-09-03 13:07:54] Purged 4e2eb32cd42bb98c6acae6b69e21abd7ae6810 [Category: Orphaned Hash Cache]
[2026-09-03 13:07:54] Purged ecb7c373b1704c9bfb403c07e6b857e29d8804 [Category: Orphaned Hash Cache]
[2026-09-03 13:07:54] Purged 6676e50215de47531310d473962acb78c31b98 [Category: Orphaned Hash Cache]
[2026-09-03 13:07:54] Purged 604ea5b892fab1148abea389a3c7cca590a09a [Category: Orphaned Hash Cache]
[2026-09-03 13:07:54] Purged 2a7b2103c53b06f0eb8069f3411f412f333e54 [Category: Orphaned Hash Cache]
[2026-09-03 13:07:54] Purged 9e4ea7a21ad5cd22c18e001ccf849f60c94d4f [Category: Orphaned Hash Cache]
[2026-09-03 13:07:54] Purged aaec1015a5cd59f56f8d00845e1875876c0b63 [Category: Orphaned Hash Cache]
[2026-09-03 13:07:54] Purged 14a2b5495215a662a06fe037db297b5f8556fa [Category: Orphaned Hash Cache]
[2026-09-03 13:07:54] Purged 06710fcb8314843c4d5d8f57990186c257d8dc [Category: Orphaned Hash Cache]
[2026-09-03 13:07:54] Purged 46ae4d4bbacef528174729d2113bef03aa7fa3 [Category: Orphaned Hash Cache]
[2026-09-03 13:07:54] Purged 73d695d015b2b933a408d8de6f9dcb2269594e [Category: Orphaned Hash Cache]
[2026-09-03 13:07:54] Purged 84aeaf157464ead17ed633973fb4876c2848ea [Category: Orphaned Hash Cache]
[2026-09-03 13:07:54] Purged 8c300af6b99aec25ec244adab876c5a98bd5d4 [Category: Orphaned Hash Cache]
[2026-09-03 13:07:54] Purged 3374c62311f7ceed1438e114630dde531c07e4 [Category: Orphaned Hash Cache]
[2026-09-03 13:07:54] Purged 163f8ca198c2d26426b740714d773c4b0f562e [Category: Orphaned Hash Cache]
[2026-09-03 13:07:54] Purged d6b2d405f5c58a7d2b04eea8c31ac6ea7866fb [Category: Orphaned Hash Cache]
[2026-09-03 13:07:54] Purged 146ece5e811aa218f6f6128c539ba9eb5f87e4 [Category: Orphaned Hash Cache]
[2026-09-03 13:07:54] Purged 6020a09350eb4a85cf0c156111bb9ec67d5017 [Category: Orphaned Hash Cache]
[2026-09-03 13:07:54] Purged 1aeb8ac3a1b6d479fa3959051db21a2f60d72c [Category: Orphaned Hash Cache]
[2026-09-03 13:07:54] Purged c37a9891d814ab9ac73e3061717fa3ebf27c0b [Category: Orphaned Hash Cache]
[2026-09-03 13:07:54] Purged 5a16cd326bf05fa1b3af0f43a907dea0f06d03 [Category: Orphaned Hash Cache]
[2026-09-03 13:07:54] Purged c2ce7f18f5648b74600fa98896de05c23b8573 [Category: Orphaned Hash Cache]
[2026-09-03 13:07:54] Purged cd388f16579db456f0173e630f7049d574abf4 [Category: Orphaned Hash Cache]
[2026-09-03 13:07:54] Purged e36c66a4059ce887fbf9f7f4f0b93b97ac9f14 [Category: Orphaned Hash Cache]
[2026-09-03 13:07:54] Purged 3bce5bbc8694afce2cf8ff1b09c273bcf6035c [Category: Orphaned Hash Cache]
[2026-09-03 13:07:54] Purged b0d1bd3c2aa16ddcfc44dbddf46b551aa0f955 [Category: Orphaned Hash Cache]
[2026-09-03 13:07:54] Purged c13049cae64cc6598a47f13d73e335a0fd598b [Category: Orphaned Hash Cache]
[2026-09-03 13:07:54] Purged 71a99b7328a85d50d55b53e41434e9357bbf1e [Category: Orphaned Hash Cache]
[2026-09-03 13:07:54] Purged 2fdb696c17c521d789653b00d572ce9b5ce1c7 [Category: Orphaned Hash Cache]
[2026-09-03 13:07:54] Purged 62795007f89aa9de867ad7a88a4d2e81dc7fcb [Category: Orphaned Hash Cache]
[2026-09-03 13:07:54] Purged 02a173a5b75bcb24f9bb16320856a073fc2459 [Category: Orphaned Hash Cache]
[2026-09-03 13:07:54] Purged 5e3f8f8429fa8fcf4394f0c05b4599e4c90e13 [Category: Orphaned Hash Cache]
[2026-09-03 13:07:54] Purged d4708f94d4696f36eb66366c18ccf8c489bd5c [Category: Orphaned Hash Cache]
[2026-09-03 13:07:54] Purged ca47e6821df0b235fc953e56556a2280bab221 [Category: Orphaned Hash Cache]
[2026-09-03 13:07:54] Purged tmp_obj_7RvfeG [Category: Temporary Artifact]
[2026-09-03 13:07:54] Purged tmp_obj_hIVvnB [Category: Temporary Artifact]
[2026-09-03 13:07:54] Purged 693bc8eaccea8f16f7efadacad8189fa062628 [Category: Orphaned Hash Cache]
[2026-09-03 13:07:54] Purged 1e59cd636513e06d11ee6cee91b28002ea3bba [Category: Orphaned Hash Cache]
[2026-09-03 13:07:54] Purged 495b7923dafacff59825eaa6c3d884ba921ac2 [Category: Orphaned Hash Cache]
[2026-09-03 13:07:54] Purged 6b224d99d20f11d286937265ac8508c223698a [Category: Orphaned Hash Cache]
[2026-09-03 13:07:54] Purged 1c957c26614c4b128503c64179cf9cb6771cdb [Category: Orphaned Hash Cache]
[2026-09-03 13:07:54] Purged 603da93e27902ec2244dd381064e09a36b3c99 [Category: Orphaned Hash Cache]
[2026-09-03 13:07:54] Purged 46f85fd763201b301eca56126c5457b460477d [Category: Orphaned Hash Cache]
[2026-09-03 13:07:54] Purged dca13667d9558cecc18efcaa5673242d1210ff [Category: Orphaned Hash Cache]
[2026-09-03 13:07:54] Purged ef271450a02d2d0f4f4c7d3767fa3920d8b8a7 [Category: Orphaned Hash Cache]
[2026-09-03 13:07:54] Purged 36848277646f2b2f1c4028aa81dd3446d59c41 [Category: Orphaned Hash Cache]
[2026-09-03 13:07:54] Purged b0a3d41361900dd907cc1c3f2047b7f07c2b5e [Category: Orphaned Hash Cache]
[2026-09-03 13:07:54] Purged ceeee0fe69de9d604f57dc14574a850e39f6df [Category: Orphaned Hash Cache]
[2026-09-03 13:07:54] Purged c9daf8b752a1bc0cc83edf1293d06611026f7a [Category: Orphaned Hash Cache]
[2026-09-03 13:07:54] Purged 775322d34e217cbeec2f98e16541581f5dab60 [Category: Orphaned Hash Cache]
[2026-09-03 13:07:54] Purged 9ca91b4c9d72e245e54ccf89c401e1ed28fab3 [Category: Orphaned Hash Cache]
[2026-09-03 13:07:54] Purged 20237c00b794b663731f92d10433007da8cfea [Category: Orphaned Hash Cache]
[2026-09-03 13:07:54] Purged 40695508a2e5e68680dfbc861d94bdc4bab8d6 [Category: Orphaned Hash Cache]
[2026-09-03 13:07:54] Purged f120f824baea1210bf3d24726dbd99e3374c93 [Category: Orphaned Hash Cache]
[2026-09-03 13:07:54] Purged 852d2eaf1467c9374442d1c4e42006ce538b46 [Category: Orphaned Hash Cache]
[2026-09-03 13:07:54] Purged 3e93d22dc3160c6985593aad3973988ffe99d0 [Category: Orphaned Hash Cache]
[2026-09-03 13:07:54] Purged 743babfb17f13fb925f7310b798b6cf3e48413 [Category: Orphaned Hash Cache]
[2026-09-03 13:07:54] Purged 6b99116eabb7fd8727458a0257334bde941070 [Category: Orphaned Hash Cache]
[2026-09-03 13:07:54] Purged 3bd0e7bde39bbe9aa298e104892ca46b93eebc [Category: Orphaned Hash Cache]
[2026-09-03 13:07:54] Purged a196bf0b8f9fd173114a1dc6d021942efe73a6 [Category: Orphaned Hash Cache]
[2026-09-03 13:07:54] Purged en_US-amy-medium.onnx [Category: Large Binary Blob]
[2026-09-03 13:07:54] Purged 881a1edf0c9afb0e768dffa039c97252d5c294 [Category: Orphaned Hash Cache]
[2026-09-03 13:07:54] Purged 531961840f3f4c85f0c456a9bc3f326c4e3523 [Category: Orphaned Hash Cache]
[2026-09-03 13:07:54] Purged c25e61a2857f3c3e286c61ccbbdadb315157bb [Category: Orphaned Hash Cache]
[2026-09-03 13:07:54] Purged 4e2eb32cd42bb98c6acae6b69e21abd7ae6810 [Category: Orphaned Hash Cache]
[2026-09-03 13:07:54] Purged ecb7c373b1704c9bfb403c07e6b857e29d8804 [Category: Orphaned Hash Cache]
[2026-09-03 13:07:54] Purged 6676e50215de47531310d473962acb78c31b98 [Category: Orphaned Hash Cache]
[2026-09-03 13:07:54] Purged 604ea5b892fab1148abea389a3c7cca590a09a [Category: Orphaned Hash Cache]
[2026-09-03 13:07:54] Purged 2a7b2103c53b06f0eb8069f3411f412f333e54 [Category: Orphaned Hash Cache]
[2026-09-03 13:07:54] Purged 9e4ea7a21ad5cd22c18e001ccf849f60c94d4f [Category: Orphaned Hash Cache]
[2026-09-03 13:07:54] Purged aaec1015a5cd59f56f8d00845e1875876c0b63 [Category: Orphaned Hash Cache]
[2026-09-03 13:07:54] Purged 14a2b5495215a662a06fe037db297b5f8556fa [Category: Orphaned Hash Cache]
[2026-09-03 13:07:54] Purged 06710fcb8314843c4d5d8f57990186c257d8dc [Category: Orphaned Hash Cache]
[2026-09-03 13:07:54] Purged 46ae4d4bbacef528174729d2113bef03aa7fa3 [Category: Orphaned Hash Cache]
[2026-09-03 13:07:54] Purged 73d695d015b2b933a408d8de6f9dcb2269594e [Category: Orphaned Hash Cache]
[2026-09-03 13:07:54] Purged 84aeaf157464ead17ed633973fb4876c2848ea [Category: Orphaned Hash Cache]
[2026-09-03 13:07:54] Purged 8c300af6b99aec25ec244adab876c5a98bd5d4 [Category: Orphaned Hash Cache]
[2026-09-03 13:07:54] Purged 3374c62311f7ceed1438e114630dde531c07e4 [Category: Orphaned Hash Cache]
[2026-09-03 13:07:54] Purged 163f8ca198c2d26426b740714d773c4b0f562e [Category: Orphaned Hash Cache]
[2026-09-03 13:07:54] Purged d6b2d405f5c58a7d2b04eea8c31ac6ea7866fb [Category: Orphaned Hash Cache]
[2026-09-03 13:07:54] Purged 146ece5e811aa218f6f6128c539ba9eb5f87e4 [Category: Orphaned Hash Cache]
[2026-09-03 13:07:54] Purged 6020a09350eb4a85cf0c156111bb9ec67d5017 [Category: Orphaned Hash Cache]
[2026-09-03 13:07:54] Purged 1aeb8ac3a1b6d479fa3959051db21a2f60d72c [Category: Orphaned Hash Cache]
[2026-09-03 13:07:54] Purged c37a9891d814ab9ac73e3061717fa3ebf27c0b [Category: Orphaned Hash Cache]
[2026-09-03 13:07:54] Purged 5a16cd326bf05fa1b3af0f43a907dea0f06d03 [Category: Orphaned Hash Cache]
[2026-09-03 13:07:54] Purged c2ce7f18f5648b74600fa98896de05c23b8573 [Category: Orphaned Hash Cache]
[2026-09-03 13:07:54] Purged cd388f16579db456f0173e630f7049d574abf4 [Category: Orphaned Hash Cache]
[2026-09-03 13:07:54] Purged e36c66a4059ce887fbf9f7f4f0b93b97ac9f14 [Category: Orphaned Hash Cache]
[2026-09-03 13:07:54] Purged 3bce5bbc8694afce2cf8ff1b09c273bcf6035c [Category: Orphaned Hash Cache]
[2026-09-03 13:07:54] Purged b0d1bd3c2aa16ddcfc44dbddf46b551aa0f955 [Category: Orphaned Hash Cache]
[2026-09-03 13:07:54] Purged c13049cae64cc6598a47f13d73e335a0fd598b [Category: Orphaned Hash Cache]
[2026-09-03 13:07:54] Purged 71a99b7328a85d50d55b53e41434e9357bbf1e [Category: Orphaned Hash Cache]
[2026-09-03 13:07:54] Purged 2fdb696c17c521d789653b00d572ce9b5ce1c7 [Category: Orphaned Hash Cache]
[2026-09-03 13:07:54] Purged 62795007f89aa9de867ad7a88a4d2e81dc7fcb [Category: Orphaned Hash Cache]
[2026-09-03 13:07:54] Purged 02a173a5b75bcb24f9bb16320856a073fc2459 [Category: Orphaned Hash Cache]
[2026-09-03 13:07:54] Purged 5e3f8f8429fa8fcf4394f0c05b4599e4c90e13 [Category: Orphaned Hash Cache]
[2026-09-03 13:07:54] Purged d4708f94d4696f36eb66366c18ccf8c489bd5c [Category: Orphaned Hash Cache]
[2026-09-03 13:07:54] Purged ca47e6821df0b235fc953e56556a2280bab221 [Category: Orphaned Hash Cache]
[2026-09-03 13:07:54] Purged tmp_obj_7RvfeG [Category: Temporary Artifact]
[2026-09-03 13:07:54] Purged tmp_obj_hIVvnB [Category: Temporary Artifact]
[2026-09-03 13:07:54] Purged 693bc8eaccea8f16f7efadacad8189fa062628 [Category: Orphaned Hash Cache]
[2026-09-03 13:07:54] Purged 1e59cd636513e06d11ee6cee91b28002ea3bba [Category: Orphaned Hash Cache]
[2026-09-03 13:07:54] Purged 495b7923dafacff59825eaa6c3d884ba921ac2 [Category: Orphaned Hash Cache]
[2026-09-03 13:07:54] Purged 6b224d99d20f11d286937265ac8508c223698a [Category: Orphaned Hash Cache]
[2026-09-03 13:07:54] Purged 1c957c26614c4b128503c64179cf9cb6771cdb [Category: Orphaned Hash Cache]
[2026-09-03 13:07:54] Purged 603da93e27902ec2244dd381064e09a36b3c99 [Category: Orphaned Hash Cache]
[2026-09-03 13:07:54] Purged 46f85fd763201b301eca56126c5457b460477d [Category: Orphaned Hash Cache]
[2026-09-03 13:07:54] Purged dca13667d9558cecc18efcaa5673242d1210ff [Category: Orphaned Hash Cache]
[2026-09-03 13:07:54] Purged ef271450a02d2d0f4f4c7d3767fa3920d8b8a7 [Category: Orphaned Hash Cache]
[2026-09-03 13:07:54] Purged 36848277646f2b2f1c4028aa81dd3446d59c41 [Category: Orphaned Hash Cache]
[2026-09-03 13:07:54] Purged b0a3d41361900dd907cc1c3f2047b7f07c2b5e [Category: Orphaned Hash Cache]
[2026-09-03 13:07:54] Purged ceeee0fe69de9d604f57dc14574a850e39f6df [Category: Orphaned Hash Cache]
[2026-09-03 13:07:54] Purged c9daf8b752a1bc0cc83edf1293d06611026f7a [Category: Orphaned Hash Cache]
[2026-09-03 13:07:54] Purged 775322d34e217cbeec2f98e16541581f5dab60 [Category: Orphaned Hash Cache]
[2026-09-03 13:07:54] Purged 9ca91b4c9d72e245e54ccf89c401e1ed28fab3 [Category: Orphaned Hash Cache]
[2026-09-03 13:07:54] Purged 20237c00b794b663731f92d10433007da8cfea [Category: Orphaned Hash Cache]
[2026-09-03 13:07:54] Purged 40695508a2e5e68680dfbc861d94bdc4bab8d6 [Category: Orphaned Hash Cache]
[2026-09-03 13:07:54] Purged f120f824baea1210bf3d24726dbd99e3374c93 [Category: Orphaned Hash Cache]
[2026-09-03 13:07:54] Purged 852d2eaf1467c9374442d1c4e42006ce538b46 [Category: Orphaned Hash Cache]
[2026-09-03 13:07:54] Purged 3e93d22dc3160c6985593aad3973988ffe99d0 [Category: Orphaned Hash Cache]
[2026-09-03 13:07:54] Purged 743babfb17f13fb925f7310b798b6cf3e48413 [Category: Orphaned Hash Cache]
[2026-09-03 13:07:54] Purged 6b99116eabb7fd8727458a0257334bde941070 [Category: Orphaned Hash Cache]
[2026-09-03 13:07:54] Purged 3bd0e7bde39bbe9aa298e104892ca46b93eebc [Category: Orphaned Hash Cache]
[2026-09-03 13:07:54] Purged a196bf0b8f9fd173114a1dc6d021942efe73a6 [Category: Orphaned Hash Cache]
[2026-09-03 13:07:54] Purged 881a1edf0c9afb0e768dffa039c97252d5c294 [Category: Orphaned Hash Cache]
[2026-09-03 13:07:54] Purged 531961840f3f4c85f0c456a9bc3f326c4e3523 [Category: Orphaned Hash Cache]
[2026-09-03 13:07:54] Purged c25e61a2857f3c3e286c61ccbbdadb315157bb [Category: Orphaned Hash Cache]
[2026-09-03 13:07:54] Purged 4e2eb32cd42bb98c6acae6b69e21abd7ae6810 [Category: Orphaned Hash Cache]
[2026-09-03 13:07:54] Purged ecb7c373b1704c9bfb403c07e6b857e29d8804 [Category: Orphaned Hash Cache]
[2026-09-03 13:07:54] Purged 6676e50215de47531310d473962acb78c31b98 [Category: Orphaned Hash Cache]
[2026-09-03 13:07:54] Purged 604ea5b892fab1148abea389a3c7cca590a09a [Category: Orphaned Hash Cache]
[2026-09-03 13:07:54] Purged 2a7b2103c53b06f0eb8069f3411f412f333e54 [Category: Orphaned Hash Cache]
[2026-09-03 13:07:54] Purged 9e4ea7a21ad5cd22c18e001ccf849f60c94d4f [Category: Orphaned Hash Cache]
[2026-09-03 13:07:54] Purged aaec1015a5cd59f56f8d00845e1875876c0b63 [Category: Orphaned Hash Cache]
[2026-09-03 13:07:54] Purged 14a2b5495215a662a06fe037db297b5f8556fa [Category: Orphaned Hash Cache]
[2026-09-03 13:07:54] Purged 06710fcb8314843c4d5d8f57990186c257d8dc [Category: Orphaned Hash Cache]
[2026-09-03 13:07:54] Purged 46ae4d4bbacef528174729d2113bef03aa7fa3 [Category: Orphaned Hash Cache]
[2026-09-03 13:07:54] Purged 73d695d015b2b933a408d8de6f9dcb2269594e [Category: Orphaned Hash Cache]
[2026-09-03 13:07:54] Purged 84aeaf157464ead17ed633973fb4876c2848ea [Category: Orphaned Hash Cache]
[2026-09-03 13:07:54] Purged 8c300af6b99aec25ec244adab876c5a98bd5d4 [Category: Orphaned Hash Cache]
[2026-09-03 13:07:54] Purged 3374c62311f7ceed1438e114630dde531c07e4 [Category: Orphaned Hash Cache]
[2026-09-03 13:07:54] Purged 163f8ca198c2d26426b740714d773c4b0f562e [Category: Orphaned Hash Cache]
[2026-09-03 13:07:54] Purged d6b2d405f5c58a7d2b04eea8c31ac6ea7866fb [Category: Orphaned Hash Cache]
[2026-09-03 13:07:54] Purged 146ece5e811aa218f6f6128c539ba9eb5f87e4 [Category: Orphaned Hash Cache]
[2026-09-03 13:07:54] Purged 6020a09350eb4a85cf0c156111bb9ec67d5017 [Category: Orphaned Hash Cache]
[2026-09-03 13:07:54] Purged 1aeb8ac3a1b6d479fa3959051db21a2f60d72c [Category: Orphaned Hash Cache]
[2026-09-03 13:07:54] Purged c37a9891d814ab9ac73e3061717fa3ebf27c0b [Category: Orphaned Hash Cache]
[2026-09-03 13:07:54] Purged 5a16cd326bf05fa1b3af0f43a907dea0f06d03 [Category: Orphaned Hash Cache]
[2026-09-03 13:07:54] Purged c2ce7f18f5648b74600fa98896de05c23b8573 [Category: Orphaned Hash Cache]
[2026-09-03 13:07:54] Purged cd388f16579db456f0173e630f7049d574abf4 [Category: Orphaned Hash Cache]
[2026-09-03 13:07:54] Purged e36c66a4059ce887fbf9f7f4f0b93b97ac9f14 [Category: Orphaned Hash Cache]
[2026-09-03 13:07:54] Purged 3bce5bbc8694afce2cf8ff1b09c273bcf6035c [Category: Orphaned Hash Cache]
[2026-09-03 13:07:54] Purged b0d1bd3c2aa16ddcfc44dbddf46b551aa0f955 [Category: Orphaned Hash Cache]
[2026-09-03 13:07:54] Purged c13049cae64cc6598a47f13d73e335a0fd598b [Category: Orphaned Hash Cache]
[2026-09-03 13:07:54] Purged 71a99b7328a85d50d55b53e41434e9357bbf1e [Category: Orphaned Hash Cache]
[2026-09-03 13:07:54] Purged 2fdb696c17c521d789653b00d572ce9b5ce1c7 [Category: Orphaned Hash Cache]
[2026-09-03 13:07:54] Purged 62795007f89aa9de867ad7a88a4d2e81dc7fcb [Category: Orphaned Hash Cache]
[2026-09-03 13:07:54] Purged 02a173a5b75bcb24f9bb16320856a073fc2459 [Category: Orphaned Hash Cache]
[2026-09-03 13:07:54] Purged 5e3f8f8429fa8fcf4394f0c05b4599e4c90e13 [Category: Orphaned Hash Cache]
[2026-09-03 13:07:54] Purged d4708f94d4696f36eb66366c18ccf8c489bd5c [Category: Orphaned Hash Cache]
[2026-09-03 13:07:54] Purged ca47e6821df0b235fc953e56556a2280bab221 [Category: Orphaned Hash Cache]
[2026-09-03 13:07:54] Purged tmp_obj_7RvfeG [Category: Temporary Artifact]
[2026-09-03 13:07:54] Purged tmp_obj_hIVvnB [Category: Temporary Artifact]
[2026-09-03 13:07:54] Purged 693bc8eaccea8f16f7efadacad8189fa062628 [Category: Orphaned Hash Cache]
[2026-09-03 13:07:54] Purged 1e59cd636513e06d11ee6cee91b28002ea3bba [Category: Orphaned Hash Cache]
[2026-09-03 13:07:54] Purged 495b7923dafacff59825eaa6c3d884ba921ac2 [Category: Orphaned Hash Cache]
[2026-09-03 13:07:54] Purged 6b224d99d20f11d286937265ac8508c223698a [Category: Orphaned Hash Cache]
[2026-09-03 13:07:54] Purged 1c957c26614c4b128503c64179cf9cb6771cdb [Category: Orphaned Hash Cache]
[2026-09-03 13:07:54] Purged 603da93e27902ec2244dd381064e09a36b3c99 [Category: Orphaned Hash Cache]
[2026-09-03 13:07:54] Purged 46f85fd763201b301eca56126c5457b460477d [Category: Orphaned Hash Cache]
[2026-09-03 13:07:54] Purged dca13667d9558cecc18efcaa5673242d1210ff [Category: Orphaned Hash Cache]
[2026-09-03 13:07:54] Purged ef271450a02d2d0f4f4c7d3767fa3920d8b8a7 [Category: Orphaned Hash Cache]
[2026-09-03 13:07:54] Purged 36848277646f2b2f1c4028aa81dd3446d59c41 [Category: Orphaned Hash Cache]
[2026-09-03 13:07:54] Purged b0a3d41361900dd907cc1c3f2047b7f07c2b5e [Category: Orphaned Hash Cache]
[2026-09-03 13:07:54] Purged ceeee0fe69de9d604f57dc14574a850e39f6df [Category: Orphaned Hash Cache]
[2026-09-03 13:07:54] Purged c9daf8b752a1bc0cc83edf1293d06611026f7a [Category: Orphaned Hash Cache]
[2026-09-03 13:07:54] Purged 775322d34e217cbeec2f98e16541581f5dab60 [Category: Orphaned Hash Cache]
[2026-09-03 13:07:54] Purged 9ca91b4c9d72e245e54ccf89c401e1ed28fab3 [Category: Orphaned Hash Cache]
[2026-09-03 13:07:54] Purged 20237c00b794b663731f92d10433007da8cfea [Category: Orphaned Hash Cache]
[2026-09-03 13:07:54] Purged 40695508a2e5e68680dfbc861d94bdc4bab8d6 [Category: Orphaned Hash Cache]
[2026-09-03 13:07:54] Purged f120f824baea1210bf3d24726dbd99e3374c93 [Category: Orphaned Hash Cache]
[2026-09-03 13:07:54] Purged 852d2eaf1467c9374442d1c4e42006ce538b46 [Category: Orphaned Hash Cache]
[2026-09-03 13:07:54] Purged 3e93d22dc3160c6985593aad3973988ffe99d0 [Category: Orphaned Hash Cache]
[2026-09-03 13:07:54] Purged 743babfb17f13fb925f7310b798b6cf3e48413 [Category: Orphaned Hash Cache]
[2026-09-03 13:07:54] Purged 6b99116eabb7fd8727458a0257334bde941070 [Category: Orphaned Hash Cache]
[2026-09-03 13:07:54] Purged 3bd0e7bde39bbe9aa298e104892ca46b93eebc [Category: Orphaned Hash Cache]
[2026-09-03 13:07:54] Purged a196bf0b8f9fd173114a1dc6d021942efe73a6 [Category: Orphaned Hash Cache]
[2026-09-03 13:07:54] Purged 881a1edf0c9afb0e768dffa039c97252d5c294 [Category: Orphaned Hash Cache]
[2026-09-03 13:07:54] Purged 531961840f3f4c85f0c456a9bc3f326c4e3523 [Category: Orphaned Hash Cache]
[2026-09-03 13:07:54] Purged c25e61a2857f3c3e286c61ccbbdadb315157bb [Category: Orphaned Hash Cache]
[2026-09-03 13:07:54] Purged 4e2eb32cd42bb98c6acae6b69e21abd7ae6810 [Category: Orphaned Hash Cache]
[2026-09-03 13:07:54] Purged ecb7c373b1704c9bfb403c07e6b857e29d8804 [Category: Orphaned Hash Cache]
[2026-09-03 13:07:54] Purged 6676e50215de47531310d473962acb78c31b98 [Category: Orphaned Hash Cache]
[2026-09-03 13:07:54] Purged 604ea5b892fab1148abea389a3c7cca590a09a [Category: Orphaned Hash Cache]
[2026-09-03 13:07:54] Purged 2a7b2103c53b06f0eb8069f3411f412f333e54 [Category: Orphaned Hash Cache]
[2026-09-03 13:07:54] Purged 9e4ea7a21ad5cd22c18e001ccf849f60c94d4f [Category: Orphaned Hash Cache]
[2026-09-03 13:07:54] Purged aaec1015a5cd59f56f8d00845e1875876c0b63 [Category: Orphaned Hash Cache]
[2026-09-03 13:07:54] Purged 14a2b5495215a662a06fe037db297b5f8556fa [Category: Orphaned Hash Cache]
[2026-09-03 13:07:54] Purged 06710fcb8314843c4d5d8f57990186c257d8dc [Category: Orphaned Hash Cache]
[2026-09-03 13:07:54] Purged 46ae4d4bbacef528174729d2113bef03aa7fa3 [Category: Orphaned Hash Cache]
[2026-09-03 13:07:54] Purged 73d695d015b2b933a408d8de6f9dcb2269594e [Category: Orphaned Hash Cache]
[2026-09-03 13:07:54] Purged 84aeaf157464ead17ed633973fb4876c2848ea [Category: Orphaned Hash Cache]
[2026-09-03 13:07:54] Purged 8c300af6b99aec25ec244adab876c5a98bd5d4 [Category: Orphaned Hash Cache]
[2026-09-03 13:07:54] Purged 3374c62311f7ceed1438e114630dde531c07e4 [Category: Orphaned Hash Cache]
[2026-09-03 13:07:54] Purged 163f8ca198c2d26426b740714d773c4b0f562e [Category: Orphaned Hash Cache]
[2026-09-03 13:07:54] Purged d6b2d405f5c58a7d2b04eea8c31ac6ea7866fb [Category: Orphaned Hash Cache]
[2026-09-03 13:07:54] Purged 146ece5e811aa218f6f6128c539ba9eb5f87e4 [Category: Orphaned Hash Cache]
[2026-09-03 13:07:54] Purged 6020a09350eb4a85cf0c156111bb9ec67d5017 [Category: Orphaned Hash Cache]
[2026-09-03 13:07:54] Purged 1aeb8ac3a1b6d479fa3959051db21a2f60d72c [Category: Orphaned Hash Cache]
[2026-09-03 13:07:54] Purged c37a9891d814ab9ac73e3061717fa3ebf27c0b [Category: Orphaned Hash Cache]
[2026-09-03 13:07:54] Purged 5a16cd326bf05fa1b3af0f43a907dea0f06d03 [Category: Orphaned Hash Cache]
[2026-09-03 13:07:54] Purged c2ce7f18f5648b74600fa98896de05c23b8573 [Category: Orphaned Hash Cache]
[2026-09-03 13:07:54] Purged cd388f16579db456f0173e630f7049d574abf4 [Category: Orphaned Hash Cache]
[2026-09-03 13:07:54] Purged e36c66a4059ce887fbf9f7f4f0b93b97ac9f14 [Category: Orphaned Hash Cache]
[2026-09-03 13:07:54] Purged 3bce5bbc8694afce2cf8ff1b09c273bcf6035c [Category: Orphaned Hash Cache]
[2026-09-03 13:07:54] Purged b0d1bd3c2aa16ddcfc44dbddf46b551aa0f955 [Category: Orphaned Hash Cache]
[2026-09-03 13:07:54] Purged c13049cae64cc6598a47f13d73e335a0fd598b [Category: Orphaned Hash Cache]
[2026-09-03 13:07:54] Purged 71a99b7328a85d50d55b53e41434e9357bbf1e [Category: Orphaned Hash Cache]
[2026-09-03 13:07:54] Purged 2fdb696c17c521d789653b00d572ce9b5ce1c7 [Category: Orphaned Hash Cache]
[2026-09-03 13:07:54] Purged 62795007f89aa9de867ad7a88a4d2e81dc7fcb [Category: Orphaned Hash Cache]
[2026-09-03 13:07:54] Purged 02a173a5b75bcb24f9bb16320856a073fc2459 [Category: Orphaned Hash Cache]
[2026-09-03 13:07:54] Purged 5e3f8f8429fa8fcf4394f0c05b4599e4c90e13 [Category: Orphaned Hash Cache]
[2026-09-03 13:07:54] Purged d4708f94d4696f36eb66366c18ccf8c489bd5c [Category: Orphaned Hash Cache]
[2026-09-03 13:07:54] Purged ca47e6821df0b235fc953e56556a2280bab221 [Category: Orphaned Hash Cache]
[2026-09-03 13:07:54] Purged tmp_obj_7RvfeG [Category: Temporary Artifact]
[2026-09-03 13:07:54] Purged tmp_obj_hIVvnB [Category: Temporary Artifact]
[2026-09-03 13:07:54] Purged 693bc8eaccea8f16f7efadacad8189fa062628 [Category: Orphaned Hash Cache]
[2026-09-03 13:07:54] Purged 1e59cd636513e06d11ee6cee91b28002ea3bba [Category: Orphaned Hash Cache]
[2026-09-03 13:07:54] Purged 495b7923dafacff59825eaa6c3d884ba921ac2 [Category: Orphaned Hash Cache]
[2026-09-03 13:07:54] Purged 6b224d99d20f11d286937265ac8508c223698a [Category: Orphaned Hash Cache]
[2026-09-03 13:07:54] Purged 1c957c26614c4b128503c64179cf9cb6771cdb [Category: Orphaned Hash Cache]
[2026-09-03 13:07:54] Purged 603da93e27902ec2244dd381064e09a36b3c99 [Category: Orphaned Hash Cache]
[2026-09-03 13:07:54] Purged 46f85fd763201b301eca56126c5457b460477d [Category: Orphaned Hash Cache]
[2026-09-03 13:07:54] Purged dca13667d9558cecc18efcaa5673242d1210ff [Category: Orphaned Hash Cache]
[2026-09-03 13:07:54] Purged ef271450a02d2d0f4f4c7d3767fa3920d8b8a7 [Category: Orphaned Hash Cache]
[2026-09-03 13:07:54] Purged 36848277646f2b2f1c4028aa81dd3446d59c41 [Category: Orphaned Hash Cache]
[2026-09-03 13:07:54] Purged b0a3d41361900dd907cc1c3f2047b7f07c2b5e [Category: Orphaned Hash Cache]
[2026-09-03 13:07:54] Purged ceeee0fe69de9d604f57dc14574a850e39f6df [Category: Orphaned Hash Cache]
[2026-09-03 13:07:54] Purged c9daf8b752a1bc0cc83edf1293d06611026f7a [Category: Orphaned Hash Cache]
[2026-09-03 13:07:54] Purged 775322d34e217cbeec2f98e16541581f5dab60 [Category: Orphaned Hash Cache]
[2026-09-03 13:07:54] Purged 9ca91b4c9d72e245e54ccf89c401e1ed28fab3 [Category: Orphaned Hash Cache]
[2026-09-03 13:07:54] Purged 20237c00b794b663731f92d10433007da8cfea [Category: Orphaned Hash Cache]
[2026-09-03 13:07:54] Purged 40695508a2e5e68680dfbc861d94bdc4bab8d6 [Category: Orphaned Hash Cache]
[2026-09-03 13:07:54] Purged f120f824baea1210bf3d24726dbd99e3374c93 [Category: Orphaned Hash Cache]
[2026-09-03 13:07:54] Purged 852d2eaf1467c9374442d1c4e42006ce538b46 [Category: Orphaned Hash Cache]
[2026-09-03 13:07:54] Purged 3e93d22dc3160c6985593aad3973988ffe99d0 [Category: Orphaned Hash Cache]
[2026-09-03 13:07:54] Purged 743babfb17f13fb925f7310b798b6cf3e48413 [Category: Orphaned Hash Cache]
[2026-09-03 13:07:54] Purged 6b99116eabb7fd8727458a0257334bde941070 [Category: Orphaned Hash Cache]
[2026-09-03 13:07:54] Purged 3bd0e7bde39bbe9aa298e104892ca46b93eebc [Category: Orphaned Hash Cache]
[2026-09-03 13:07:54] Purged a196bf0b8f9fd173114a1dc6d021942efe73a6 [Category: Orphaned Hash Cache]
[2026-09-03 13:07:54] Purged en_US-amy-medium.onnx [Category: Large Binary Blob]
[2026-09-03 13:07:54] Purged 881a1edf0c9afb0e768dffa039c97252d5c294 [Category: Orphaned Hash Cache]
[2026-09-03 13:07:54] Purged 531961840f3f4c85f0c456a9bc3f326c4e3523 [Category: Orphaned Hash Cache]
[2026-09-03 13:07:54] Purged c25e61a2857f3c3e286c61ccbbdadb315157bb [Category: Orphaned Hash Cache]
[2026-09-03 13:07:54] Purged 4e2eb32cd42bb98c6acae6b69e21abd7ae6810 [Category: Orphaned Hash Cache]
[2026-09-03 13:07:54] Purged ecb7c373b1704c9bfb403c07e6b857e29d8804 [Category: Orphaned Hash Cache]
[2026-09-03 13:07:54] Purged 6676e50215de47531310d473962acb78c31b98 [Category: Orphaned Hash Cache]
[2026-09-03 13:07:54] Purged 604ea5b892fab1148abea389a3c7cca590a09a [Category: Orphaned Hash Cache]
[2026-09-03 13:07:54] Purged 2a7b2103c53b06f0eb8069f3411f412f333e54 [Category: Orphaned Hash Cache]
[2026-09-03 13:07:54] Purged 9e4ea7a21ad5cd22c18e001ccf849f60c94d4f [Category: Orphaned Hash Cache]
[2026-09-03 13:07:54] Purged aaec1015a5cd59f56f8d00845e1875876c0b63 [Category: Orphaned Hash Cache]
[2026-09-03 13:07:54] Purged 14a2b5495215a662a06fe037db297b5f8556fa [Category: Orphaned Hash Cache]
[2026-09-03 13:07:54] Purged 06710fcb8314843c4d5d8f57990186c257d8dc [Category: Orphaned Hash Cache]
[2026-09-03 13:07:54] Purged 46ae4d4bbacef528174729d2113bef03aa7fa3 [Category: Orphaned Hash Cache]
[2026-09-03 13:07:54] Purged 73d695d015b2b933a408d8de6f9dcb2269594e [Category: Orphaned Hash Cache]
[2026-09-03 13:07:54] Purged 84aeaf157464ead17ed633973fb4876c2848ea [Category: Orphaned Hash Cache]
[2026-09-03 13:07:54] Purged 8c300af6b99aec25ec244adab876c5a98bd5d4 [Category: Orphaned Hash Cache]
[2026-09-03 13:07:54] Purged 3374c62311f7ceed1438e114630dde531c07e4 [Category: Orphaned Hash Cache]
[2026-09-03 13:07:54] Purged 163f8ca198c2d26426b740714d773c4b0f562e [Category: Orphaned Hash Cache]
[2026-09-03 13:07:54] Purged d6b2d405f5c58a7d2b04eea8c31ac6ea7866fb [Category: Orphaned Hash Cache]
[2026-09-03 13:07:54] Purged 146ece5e811aa218f6f6128c539ba9eb5f87e4 [Category: Orphaned Hash Cache]
[2026-09-03 13:07:54] Purged 6020a09350eb4a85cf0c156111bb9ec67d5017 [Category: Orphaned Hash Cache]
[2026-09-03 13:07:54] Purged 1aeb8ac3a1b6d479fa3959051db21a2f60d72c [Category: Orphaned Hash Cache]
[2026-09-03 13:07:54] Purged c37a9891d814ab9ac73e3061717fa3ebf27c0b [Category: Orphaned Hash Cache]
[2026-09-03 13:07:54] Purged 5a16cd326bf05fa1b3af0f43a907dea0f06d03 [Category: Orphaned Hash Cache]
[2026-09-03 13:07:54] Purged c2ce7f18f5648b74600fa98896de05c23b8573 [Category: Orphaned Hash Cache]
[2026-09-03 13:07:54] Purged cd388f16579db456f0173e630f7049d574abf4 [Category: Orphaned Hash Cache]
[2026-09-03 13:07:54] Purged e36c66a4059ce887fbf9f7f4f0b93b97ac9f14 [Category: Orphaned Hash Cache]
[2026-09-03 13:07:54] Purged 3bce5bbc8694afce2cf8ff1b09c273bcf6035c [Category: Orphaned Hash Cache]
[2026-09-03 13:07:54] Purged b0d1bd3c2aa16ddcfc44dbddf46b551aa0f955 [Category: Orphaned Hash Cache]
[2026-09-03 13:07:54] Purged c13049cae64cc6598a47f13d73e335a0fd598b [Category: Orphaned Hash Cache]
[2026-09-03 13:07:54] Purged 71a99b7328a85d50d55b53e41434e9357bbf1e [Category: Orphaned Hash Cache]
[2026-09-03 13:07:54] Purged 2fdb696c17c521d789653b00d572ce9b5ce1c7 [Category: Orphaned Hash Cache]
[2026-09-03 13:07:54] Purged 62795007f89aa9de867ad7a88a4d2e81dc7fcb [Category: Orphaned Hash Cache]
[2026-09-03 13:07:54] Purged 02a173a5b75bcb24f9bb16320856a073fc2459 [Category: Orphaned Hash Cache]
[2026-09-03 13:07:54] Purged 5e3f8f8429fa8fcf4394f0c05b4599e4c90e13 [Category: Orphaned Hash Cache]
[2026-09-03 13:07:54] Purged d4708f94d4696f36eb66366c18ccf8c489bd5c [Category: Orphaned Hash Cache]
[2026-09-03 13:07:54] Purged ca47e6821df0b235fc953e56556a2280bab221 [Category: Orphaned Hash Cache]
[2026-09-03 13:07:54] Purged tmp_obj_7RvfeG [Category: Temporary Artifact]
[2026-09-03 13:07:54] Purged tmp_obj_hIVvnB [Category: Temporary Artifact]
[2026-09-03 13:07:54] Purged 693bc8eaccea8f16f7efadacad8189fa062628 [Category: Orphaned Hash Cache]
[2026-09-03 13:07:54] Purged 1e59cd636513e06d11ee6cee91b28002ea3bba [Category: Orphaned Hash Cache]
[2026-09-03 13:07:54] Purged 495b7923dafacff59825eaa6c3d884ba921ac2 [Category: Orphaned Hash Cache]
[2026-09-03 13:07:54] Purged 6b224d99d20f11d286937265ac8508c223698a [Category: Orphaned Hash Cache]
[2026-09-03 13:07:54] Purged 1c957c26614c4b128503c64179cf9cb6771cdb [Category: Orphaned Hash Cache]
[2026-09-03 13:07:54] Purged 603da93e27902ec2244dd381064e09a36b3c99 [Category: Orphaned Hash Cache]
[2026-09-03 13:07:54] Purged 46f85fd763201b301eca56126c5457b460477d [Category: Orphaned Hash Cache]
[2026-09-03 13:07:54] Purged dca13667d9558cecc18efcaa5673242d1210ff [Category: Orphaned Hash Cache]
[2026-09-03 13:07:54] Purged ef271450a02d2d0f4f4c7d3767fa3920d8b8a7 [Category: Orphaned Hash Cache]
[2026-09-03 13:07:54] Purged 36848277646f2b2f1c4028aa81dd3446d59c41 [Category: Orphaned Hash Cache]
[2026-09-03 13:07:54] Purged b0a3d41361900dd907cc1c3f2047b7f07c2b5e [Category: Orphaned Hash Cache]
[2026-09-03 13:07:54] Purged ceeee0fe69de9d604f57dc14574a850e39f6df [Category: Orphaned Hash Cache]
[2026-09-03 13:07:54] Purged c9daf8b752a1bc0cc83edf1293d06611026f7a [Category: Orphaned Hash Cache]
[2026-09-03 13:07:54] Purged 775322d34e217cbeec2f98e16541581f5dab60 [Category: Orphaned Hash Cache]
[2026-09-03 13:07:54] Purged 9ca91b4c9d72e245e54ccf89c401e1ed28fab3 [Category: Orphaned Hash Cache]
[2026-09-03 13:07:54] Purged 20237c00b794b663731f92d10433007da8cfea [Category: Orphaned Hash Cache]
[2026-09-03 13:07:54] Purged 40695508a2e5e68680dfbc861d94bdc4bab8d6 [Category: Orphaned Hash Cache]
[2026-09-03 13:07:54] Purged f120f824baea1210bf3d24726dbd99e3374c93 [Category: Orphaned Hash Cache]
[2026-09-03 13:07:54] Purged 852d2eaf1467c9374442d1c4e42006ce538b46 [Category: Orphaned Hash Cache]
[2026-09-03 13:07:54] Purged 3e93d22dc3160c6985593aad3973988ffe99d0 [Category: Orphaned Hash Cache]
[2026-09-03 13:07:54] Purged 743babfb17f13fb925f7310b798b6cf3e48413 [Category: Orphaned Hash Cache]
[2026-09-03 13:07:54] Purged 6b99116eabb7fd8727458a0257334bde941070 [Category: Orphaned Hash Cache]
[2026-09-03 13:07:54] Purged 3bd0e7bde39bbe9aa298e104892ca46b93eebc [Category: Orphaned Hash Cache]
[2026-09-03 13:07:54] Purged a196bf0b8f9fd173114a1dc6d021942efe73a6 [Category: Orphaned Hash Cache]
[2026-09-03 13:07:54] Purged 881a1edf0c9afb0e768dffa039c97252d5c294 [Category: Orphaned Hash Cache]
[2026-09-03 13:07:54] Purged 531961840f3f4c85f0c456a9bc3f326c4e3523 [Category: Orphaned Hash Cache]
[2026-09-03 13:07:54] Purged c25e61a2857f3c3e286c61ccbbdadb315157bb [Category: Orphaned Hash Cache]
[2026-09-03 13:07:54] Purged 4e2eb32cd42bb98c6acae6b69e21abd7ae6810 [Category: Orphaned Hash Cache]
[2026-09-03 13:07:54] Purged ecb7c373b1704c9bfb403c07e6b857e29d8804 [Category: Orphaned Hash Cache]
[2026-09-03 13:07:54] Purged 6676e50215de47531310d473962acb78c31b98 [Category: Orphaned Hash Cache]
[2026-09-03 13:07:54] Purged 604ea5b892fab1148abea389a3c7cca590a09a [Category: Orphaned Hash Cache]
[2026-09-03 13:07:54] Purged 2a7b2103c53b06f0eb8069f3411f412f333e54 [Category: Orphaned Hash Cache]
[2026-09-03 13:07:54] Purged 9e4ea7a21ad5cd22c18e001ccf849f60c94d4f [Category: Orphaned Hash Cache]
[2026-09-03 13:07:54] Purged aaec1015a5cd59f56f8d00845e1875876c0b63 [Category: Orphaned Hash Cache]
[2026-09-03 13:07:54] Purged 14a2b5495215a662a06fe037db297b5f8556fa [Category: Orphaned Hash Cache]
[2026-09-03 13:07:54] Purged 06710fcb8314843c4d5d8f57990186c257d8dc [Category: Orphaned Hash Cache]
[2026-09-03 13:07:54] Purged 46ae4d4bbacef528174729d2113bef03aa7fa3 [Category: Orphaned Hash Cache]
[2026-09-03 13:07:54] Purged 73d695d015b2b933a408d8de6f9dcb2269594e [Category: Orphaned Hash Cache]
[2026-09-03 13:07:54] Purged 84aeaf157464ead17ed633973fb4876c2848ea [Category: Orphaned Hash Cache]
[2026-09-03 13:07:54] Purged 8c300af6b99aec25ec244adab876c5a98bd5d4 [Category: Orphaned Hash Cache]
[2026-09-03 13:07:54] Purged 3374c62311f7ceed1438e114630dde531c07e4 [Category: Orphaned Hash Cache]
[2026-09-03 13:07:54] Purged 163f8ca198c2d26426b740714d773c4b0f562e [Category: Orphaned Hash Cache]
[2026-09-03 13:07:54] Purged d6b2d405f5c58a7d2b04eea8c31ac6ea7866fb [Category: Orphaned Hash Cache]
[2026-09-03 13:07:54] Purged 146ece5e811aa218f6f6128c539ba9eb5f87e4 [Category: Orphaned Hash Cache]
[2026-09-03 13:07:54] Purged 6020a09350eb4a85cf0c156111bb9ec67d5017 [Category: Orphaned Hash Cache]
[2026-09-03 13:07:54] Purged 1aeb8ac3a1b6d479fa3959051db21a2f60d72c [Category: Orphaned Hash Cache]
[2026-09-03 13:07:54] Purged c37a9891d814ab9ac73e3061717fa3ebf27c0b [Category: Orphaned Hash Cache]
[2026-09-03 13:07:54] Purged 5a16cd326bf05fa1b3af0f43a907dea0f06d03 [Category: Orphaned Hash Cache]
[2026-09-03 13:07:54] Purged c2ce7f18f5648b74600fa98896de05c23b8573 [Category: Orphaned Hash Cache]
[2026-09-03 13:07:54] Purged cd388f16579db456f0173e630f7049d574abf4 [Category: Orphaned Hash Cache]
[2026-09-03 13:07:54] Purged e36c66a4059ce887fbf9f7f4f0b93b97ac9f14 [Category: Orphaned Hash Cache]
[2026-09-03 13:07:54] Purged 3bce5bbc8694afce2cf8ff1b09c273bcf6035c [Category: Orphaned Hash Cache]
[2026-09-03 13:07:54] Purged b0d1bd3c2aa16ddcfc44dbddf46b551aa0f955 [Category: Orphaned Hash Cache]
[2026-09-03 13:07:54] Purged c13049cae64cc6598a47f13d73e335a0fd598b [Category: Orphaned Hash Cache]
[2026-09-03 13:07:54] Purged 71a99b7328a85d50d55b53e41434e9357bbf1e [Category: Orphaned Hash Cache]
[2026-09-03 13:07:54] Purged 2fdb696c17c521d789653b00d572ce9b5ce1c7 [Category: Orphaned Hash Cache]
[2026-09-03 13:07:54] Purged 62795007f89aa9de867ad7a88a4d2e81dc7fcb [Category: Orphaned Hash Cache]
[2026-09-03 13:07:54] Purged 02a173a5b75bcb24f9bb16320856a073fc2459 [Category: Orphaned Hash Cache]
[2026-09-03 13:07:54] Purged 5e3f8f8429fa8fcf4394f0c05b4599e4c90e13 [Category: Orphaned Hash Cache]
[2026-09-03 13:07:54] Purged d4708f94d4696f36eb66366c18ccf8c489bd5c [Category: Orphaned Hash Cache]
[2026-09-03 13:07:54] Purged ca47e6821df0b235fc953e56556a2280bab221 [Category: Orphaned Hash Cache]
[2026-09-03 13:07:54] Purged tmp_obj_7RvfeG [Category: Temporary Artifact]
[2026-09-03 13:07:54] Purged tmp_obj_hIVvnB [Category: Temporary Artifact]
[2026-09-03 13:07:54] Purged 693bc8eaccea8f16f7efadacad8189fa062628 [Category: Orphaned Hash Cache]
[2026-09-03 13:07:54] Purged 1e59cd636513e06d11ee6cee91b28002ea3bba [Category: Orphaned Hash Cache]
[2026-09-03 13:07:54] Purged 495b7923dafacff59825eaa6c3d884ba921ac2 [Category: Orphaned Hash Cache]
[2026-09-03 13:07:54] Purged 6b224d99d20f11d286937265ac8508c223698a [Category: Orphaned Hash Cache]
[2026-09-03 13:07:54] Purged 1c957c26614c4b128503c64179cf9cb6771cdb [Category: Orphaned Hash Cache]
[2026-09-03 13:07:54] Purged 603da93e27902ec2244dd381064e09a36b3c99 [Category: Orphaned Hash Cache]
[2026-09-03 13:07:54] Purged 46f85fd763201b301eca56126c5457b460477d [Category: Orphaned Hash Cache]
[2026-09-03 13:07:54] Purged dca13667d9558cecc18efcaa5673242d1210ff [Category: Orphaned Hash Cache]
[2026-09-03 13:07:54] Purged ef271450a02d2d0f4f4c7d3767fa3920d8b8a7 [Category: Orphaned Hash Cache]
[2026-09-03 13:07:54] Purged 36848277646f2b2f1c4028aa81dd3446d59c41 [Category: Orphaned Hash Cache]
[2026-09-03 13:07:54] Purged b0a3d41361900dd907cc1c3f2047b7f07c2b5e [Category: Orphaned Hash Cache]
[2026-09-03 13:07:54] Purged ceeee0fe69de9d604f57dc14574a850e39f6df [Category: Orphaned Hash Cache]
[2026-09-03 13:07:54] Purged c9daf8b752a1bc0cc83edf1293d06611026f7a [Category: Orphaned Hash Cache]
[2026-09-03 13:07:54] Purged 775322d34e217cbeec2f98e16541581f5dab60 [Category: Orphaned Hash Cache]
[2026-09-03 13:07:54] Purged 9ca91b4c9d72e245e54ccf89c401e1ed28fab3 [Category: Orphaned Hash Cache]
[2026-09-03 13:07:54] Purged 20237c00b794b663731f92d10433007da8cfea [Category: Orphaned Hash Cache]
[2026-09-03 13:07:54] Purged 40695508a2e5e68680dfbc861d94bdc4bab8d6 [Category: Orphaned Hash Cache]
[2026-09-03 13:07:54] Purged f120f824baea1210bf3d24726dbd99e3374c93 [Category: Orphaned Hash Cache]
[2026-09-03 13:07:54] Purged 852d2eaf1467c9374442d1c4e42006ce538b46 [Category: Orphaned Hash Cache]
[2026-09-03 13:07:54] Purged 3e93d22dc3160c6985593aad3973988ffe99d0 [Category: Orphaned Hash Cache]
[2026-09-03 13:07:54] Purged 743babfb17f13fb925f7310b798b6cf3e48413 [Category: Orphaned Hash Cache]
[2026-09-03 13:07:54] Purged 6b99116eabb7fd8727458a0257334bde941070 [Category: Orphaned Hash Cache]
[2026-09-03 13:07:54] Purged 3bd0e7bde39bbe9aa298e104892ca46b93eebc [Category: Orphaned Hash Cache]
[2026-09-03 13:07:54] Purged a196bf0b8f9fd173114a1dc6d021942efe73a6 [Category: Orphaned Hash Cache]
[2026-09-03 13:07:54] Purged 881a1edf0c9afb0e768dffa039c97252d5c294 [Category: Orphaned Hash Cache]
[2026-09-03 13:07:54] Purged 531961840f3f4c85f0c456a9bc3f326c4e3523 [Category: Orphaned Hash Cache]
[2026-09-03 13:07:54] Purged c25e61a2857f3c3e286c61ccbbdadb315157bb [Category: Orphaned Hash Cache]
[2026-09-03 13:07:54] Purged 4e2eb32cd42bb98c6acae6b69e21abd7ae6810 [Category: Orphaned Hash Cache]
[2026-09-03 13:07:54] Purged ecb7c373b1704c9bfb403c07e6b857e29d8804 [Category: Orphaned Hash Cache]
[2026-09-03 13:07:54] Purged 6676e50215de47531310d473962acb78c31b98 [Category: Orphaned Hash Cache]
[2026-09-03 13:07:54] Purged 604ea5b892fab1148abea389a3c7cca590a09a [Category: Orphaned Hash Cache]
[2026-09-03 13:07:54] Purged 2a7b2103c53b06f0eb8069f3411f412f333e54 [Category: Orphaned Hash Cache]
[2026-09-03 13:07:54] Purged 9e4ea7a21ad5cd22c18e001ccf849f60c94d4f [Category: Orphaned Hash Cache]
[2026-09-03 13:07:54] Purged aaec1015a5cd59f56f8d00845e1875876c0b63 [Category: Orphaned Hash Cache]
[2026-09-03 13:07:54] Purged 14a2b5495215a662a06fe037db297b5f8556fa [Category: Orphaned Hash Cache]
[2026-09-03 13:07:54] Purged 06710fcb8314843c4d5d8f57990186c257d8dc [Category: Orphaned Hash Cache]
[2026-09-03 13:07:54] Purged 46ae4d4bbacef528174729d2113bef03aa7fa3 [Category: Orphaned Hash Cache]
[2026-09-03 13:07:54] Purged 73d695d015b2b933a408d8de6f9dcb2269594e [Category: Orphaned Hash Cache]
[2026-09-03 13:07:54] Purged 84aeaf157464ead17ed633973fb4876c2848ea [Category: Orphaned Hash Cache]
[2026-09-03 13:07:54] Purged 8c300af6b99aec25ec244adab876c5a98bd5d4 [Category: Orphaned Hash Cache]
[2026-09-03 13:07:54] Purged 3374c62311f7ceed1438e114630dde531c07e4 [Category: Orphaned Hash Cache]
[2026-09-03 13:07:54] Purged 163f8ca198c2d26426b740714d773c4b0f562e [Category: Orphaned Hash Cache]
[2026-09-03 13:07:54] Purged d6b2d405f5c58a7d2b04eea8c31ac6ea7866fb [Category: Orphaned Hash Cache]
[2026-09-03 13:07:54] Purged 146ece5e811aa218f6f6128c539ba9eb5f87e4 [Category: Orphaned Hash Cache]
[2026-09-03 13:07:54] Purged 6020a09350eb4a85cf0c156111bb9ec67d5017 [Category: Orphaned Hash Cache]
[2026-09-03 13:07:54] Purged 1aeb8ac3a1b6d479fa3959051db21a2f60d72c [Category: Orphaned Hash Cache]
[2026-09-03 13:07:54] Purged c37a9891d814ab9ac73e3061717fa3ebf27c0b [Category: Orphaned Hash Cache]
[2026-09-03 13:07:54] Purged 5a16cd326bf05fa1b3af0f43a907dea0f06d03 [Category: Orphaned Hash Cache]
[2026-09-03 13:07:54] Purged c2ce7f18f5648b74600fa98896de05c23b8573 [Category: Orphaned Hash Cache]
[2026-09-03 13:07:54] Purged cd388f16579db456f0173e630f7049d574abf4 [Category: Orphaned Hash Cache]
[2026-09-03 13:07:54] Purged e36c66a4059ce887fbf9f7f4f0b93b97ac9f14 [Category: Orphaned Hash Cache]
[2026-09-03 13:07:54] Purged 3bce5bbc8694afce2cf8ff1b09c273bcf6035c [Category: Orphaned Hash Cache]
[2026-09-03 13:07:54] Purged b0d1bd3c2aa16ddcfc44dbddf46b551aa0f955 [Category: Orphaned Hash Cache]
[2026-09-03 13:07:54] Purged c13049cae64cc6598a47f13d73e335a0fd598b [Category: Orphaned Hash Cache]
[2026-09-03 13:07:54] Purged 71a99b7328a85d50d55b53e41434e9357bbf1e [Category: Orphaned Hash Cache]
[2026-09-03 13:07:54] Purged 2fdb696c17c521d789653b00d572ce9b5ce1c7 [Category: Orphaned Hash Cache]
[2026-09-03 13:07:54] Purged 62795007f89aa9de867ad7a88a4d2e81dc7fcb [Category: Orphaned Hash Cache]
[2026-09-03 13:07:54] Purged 02a173a5b75bcb24f9bb16320856a073fc2459 [Category: Orphaned Hash Cache]
[2026-09-03 13:07:54] Purged 5e3f8f8429fa8fcf4394f0c05b4599e4c90e13 [Category: Orphaned Hash Cache]
[2026-09-03 13:07:54] Purged d4708f94d4696f36eb66366c18ccf8c489bd5c [Category: Orphaned Hash Cache]
[2026-09-03 13:07:54] Purged ca47e6821df0b235fc953e56556a2280bab221 [Category: Orphaned Hash Cache]
[2026-09-03 13:07:54] Purged tmp_obj_7RvfeG [Category: Temporary Artifact]
[2026-09-03 13:07:54] Purged tmp_obj_hIVvnB [Category: Temporary Artifact]
[2026-09-03 13:07:54] Purged 693bc8eaccea8f16f7efadacad8189fa062628 [Category: Orphaned Hash Cache]
[2026-09-03 13:07:54] Purged 1e59cd636513e06d11ee6cee91b28002ea3bba [Category: Orphaned Hash Cache]
[2026-09-03 13:07:54] Purged 495b7923dafacff59825eaa6c3d884ba921ac2 [Category: Orphaned Hash Cache]
[2026-09-03 13:07:54] Purged 6b224d99d20f11d286937265ac8508c223698a [Category: Orphaned Hash Cache]
[2026-09-03 13:07:54] Purged 1c957c26614c4b128503c64179cf9cb6771cdb [Category: Orphaned Hash Cache]
[2026-09-03 13:07:54] Purged 603da93e27902ec2244dd381064e09a36b3c99 [Category: Orphaned Hash Cache]
[2026-09-03 13:07:54] Purged 46f85fd763201b301eca56126c5457b460477d [Category: Orphaned Hash Cache]
[2026-09-03 13:07:54] Purged dca13667d9558cecc18efcaa5673242d1210ff [Category: Orphaned Hash Cache]
[2026-09-03 13:07:54] Purged ef271450a02d2d0f4f4c7d3767fa3920d8b8a7 [Category: Orphaned Hash Cache]
[2026-09-03 13:07:54] Purged 36848277646f2b2f1c4028aa81dd3446d59c41 [Category: Orphaned Hash Cache]
[2026-09-03 13:07:54] Purged b0a3d41361900dd907cc1c3f2047b7f07c2b5e [Category: Orphaned Hash Cache]
[2026-09-03 13:07:54] Purged ceeee0fe69de9d604f57dc14574a850e39f6df [Category: Orphaned Hash Cache]
[2026-09-03 13:07:54] Purged c9daf8b752a1bc0cc83edf1293d06611026f7a [Category: Orphaned Hash Cache]
[2026-09-03 13:07:54] Purged 775322d34e217cbeec2f98e16541581f5dab60 [Category: Orphaned Hash Cache]
[2026-09-03 13:07:54] Purged 9ca91b4c9d72e245e54ccf89c401e1ed28fab3 [Category: Orphaned Hash Cache]
[2026-09-03 13:07:54] Purged 20237c00b794b663731f92d10433007da8cfea [Category: Orphaned Hash Cache]
[2026-09-03 13:07:54] Purged 40695508a2e5e68680dfbc861d94bdc4bab8d6 [Category: Orphaned Hash Cache]
[2026-09-03 13:07:54] Purged f120f824baea1210bf3d24726dbd99e3374c93 [Category: Orphaned Hash Cache]
[2026-09-03 13:07:54] Purged 852d2eaf1467c9374442d1c4e42006ce538b46 [Category: Orphaned Hash Cache]
[2026-09-03 13:07:54] Purged 3e93d22dc3160c6985593aad3973988ffe99d0 [Category: Orphaned Hash Cache]
[2026-09-03 13:07:54] Purged 743babfb17f13fb925f7310b798b6cf3e48413 [Category: Orphaned Hash Cache]
[2026-09-03 13:07:54] Purged 6b99116eabb7fd8727458a0257334bde941070 [Category: Orphaned Hash Cache]
[2026-09-03 13:07:54] Purged 3bd0e7bde39bbe9aa298e104892ca46b93eebc [Category: Orphaned Hash Cache]
[2026-09-03 13:07:54] Purged a196bf0b8f9fd173114a1dc6d021942efe73a6 [Category: Orphaned Hash Cache]
[2026-09-03 13:07:54] Purged en_US-amy-medium.onnx [Category: Large Binary Blob]
[2026-09-03 13:07:54] Purged 881a1edf0c9afb0e768dffa039c97252d5c294 [Category: Orphaned Hash Cache]
[2026-09-03 13:07:54] Purged 531961840f3f4c85f0c456a9bc3f326c4e3523 [Category: Orphaned Hash Cache]
[2026-09-03 13:07:54] Purged c25e61a2857f3c3e286c61ccbbdadb315157bb [Category: Orphaned Hash Cache]
[2026-09-03 13:07:54] Purged 4e2eb32cd42bb98c6acae6b69e21abd7ae6810 [Category: Orphaned Hash Cache]
[2026-09-03 13:07:54] Purged ecb7c373b1704c9bfb403c07e6b857e29d8804 [Category: Orphaned Hash Cache]
[2026-09-03 13:07:54] Purged 6676e50215de47531310d473962acb78c31b98 [Category: Orphaned Hash Cache]
[2026-09-03 13:07:54] Purged 604ea5b892fab1148abea389a3c7cca590a09a [Category: Orphaned Hash Cache]
[2026-09-03 13:07:54] Purged 2a7b2103c53b06f0eb8069f3411f412f333e54 [Category: Orphaned Hash Cache]
[2026-09-03 13:07:54] Purged 9e4ea7a21ad5cd22c18e001ccf849f60c94d4f [Category: Orphaned Hash Cache]
[2026-09-03 13:07:54] Purged aaec1015a5cd59f56f8d00845e1875876c0b63 [Category: Orphaned Hash Cache]
[2026-09-03 13:07:54] Purged 14a2b5495215a662a06fe037db297b5f8556fa [Category: Orphaned Hash Cache]
[2026-09-03 13:07:54] Purged 06710fcb8314843c4d5d8f57990186c257d8dc [Category: Orphaned Hash Cache]
[2026-09-03 13:07:54] Purged 46ae4d4bbacef528174729d2113bef03aa7fa3 [Category: Orphaned Hash Cache]
[2026-09-03 13:07:54] Purged 73d695d015b2b933a408d8de6f9dcb2269594e [Category: Orphaned Hash Cache]
[2026-09-03 13:07:54] Purged 84aeaf157464ead17ed633973fb4876c2848ea [Category: Orphaned Hash Cache]
[2026-09-03 13:07:54] Purged 8c300af6b99aec25ec244adab876c5a98bd5d4 [Category: Orphaned Hash Cache]
[2026-09-03 13:07:54] Purged 3374c62311f7ceed1438e114630dde531c07e4 [Category: Orphaned Hash Cache]
[2026-09-03 13:07:54] Purged 163f8ca198c2d26426b740714d773c4b0f562e [Category: Orphaned Hash Cache]
[2026-09-03 13:07:54] Purged d6b2d405f5c58a7d2b04eea8c31ac6ea7866fb [Category: Orphaned Hash Cache]
[2026-09-03 13:07:54] Purged 146ece5e811aa218f6f6128c539ba9eb5f87e4 [Category: Orphaned Hash Cache]
[2026-09-03 13:07:54] Purged 6020a09350eb4a85cf0c156111bb9ec67d5017 [Category: Orphaned Hash Cache]
[2026-09-03 13:07:54] Purged 1aeb8ac3a1b6d479fa3959051db21a2f60d72c [Category: Orphaned Hash Cache]
[2026-09-03 13:07:54] Purged c37a9891d814ab9ac73e3061717fa3ebf27c0b [Category: Orphaned Hash Cache]
[2026-09-03 13:07:54] Purged 5a16cd326bf05fa1b3af0f43a907dea0f06d03 [Category: Orphaned Hash Cache]
[2026-09-03 13:07:54] Purged c2ce7f18f5648b74600fa98896de05c23b8573 [Category: Orphaned Hash Cache]
[2026-09-03 13:07:54] Purged cd388f16579db456f0173e630f7049d574abf4 [Category: Orphaned Hash Cache]
[2026-09-03 13:07:54] Purged e36c66a4059ce887fbf9f7f4f0b93b97ac9f14 [Category: Orphaned Hash Cache]
[2026-09-03 13:07:54] Purged 3bce5bbc8694afce2cf8ff1b09c273bcf6035c [Category: Orphaned Hash Cache]
[2026-09-03 13:07:54] Purged b0d1bd3c2aa16ddcfc44dbddf46b551aa0f955 [Category: Orphaned Hash Cache]
[2026-09-03 13:07:54] Purged c13049cae64cc6598a47f13d73e335a0fd598b [Category: Orphaned Hash Cache]
[2026-09-03 13:07:54] Purged 71a99b7328a85d50d55b53e41434e9357bbf1e [Category: Orphaned Hash Cache]
[2026-09-03 13:07:54] Purged 2fdb696c17c521d789653b00d572ce9b5ce1c7 [Category: Orphaned Hash Cache]
[2026-09-03 13:07:54] Purged 62795007f89aa9de867ad7a88a4d2e81dc7fcb [Category: Orphaned Hash Cache]
[2026-09-03 13:07:54] Purged 02a173a5b75bcb24f9bb16320856a073fc2459 [Category: Orphaned Hash Cache]
[2026-09-03 13:07:54] Purged 5e3f8f8429fa8fcf4394f0c05b4599e4c90e13 [Category: Orphaned Hash Cache]
[2026-09-03 13:07:54] Purged d4708f94d4696f36eb66366c18ccf8c489bd5c [Category: Orphaned Hash Cache]
[2026-09-03 13:07:54] Purged ca47e6821df0b235fc953e56556a2280bab221 [Category: Orphaned Hash Cache]
[2026-09-03 13:07:54] Purged tmp_obj_7RvfeG [Category: Temporary Artifact]
[2026-09-03 13:07:54] Purged tmp_obj_hIVvnB [Category: Temporary Artifact]
[2026-09-03 13:07:54] Purged 693bc8eaccea8f16f7efadacad8189fa062628 [Category: Orphaned Hash Cache]
[2026-09-03 13:07:54] Purged 1e59cd636513e06d11ee6cee91b28002ea3bba [Category: Orphaned Hash Cache]
[2026-09-03 13:07:54] Purged 495b7923dafacff59825eaa6c3d884ba921ac2 [Category: Orphaned Hash Cache]
[2026-09-03 13:07:54] Purged 6b224d99d20f11d286937265ac8508c223698a [Category: Orphaned Hash Cache]
[2026-09-03 13:07:54] Purged 1c957c26614c4b128503c64179cf9cb6771cdb [Category: Orphaned Hash Cache]
[2026-09-03 13:07:54] Purged 603da93e27902ec2244dd381064e09a36b3c99 [Category: Orphaned Hash Cache]
[2026-09-03 13:07:54] Purged 46f85fd763201b301eca56126c5457b460477d [Category: Orphaned Hash Cache]
[2026-09-03 13:07:54] Purged dca13667d9558cecc18efcaa5673242d1210ff [Category: Orphaned Hash Cache]
[2026-09-03 13:07:54] Purged ef271450a02d2d0f4f4c7d3767fa3920d8b8a7 [Category: Orphaned Hash Cache]
[2026-09-03 13:07:54] Purged 36848277646f2b2f1c4028aa81dd3446d59c41 [Category: Orphaned Hash Cache]
[2026-09-03 13:07:54] Purged b0a3d41361900dd907cc1c3f2047b7f07c2b5e [Category: Orphaned Hash Cache]
[2026-09-03 13:07:54] Purged ceeee0fe69de9d604f57dc14574a850e39f6df [Category: Orphaned Hash Cache]
[2026-09-03 13:07:54] Purged c9daf8b752a1bc0cc83edf1293d06611026f7a [Category: Orphaned Hash Cache]
[2026-09-03 13:07:54] Purged 775322d34e217cbeec2f98e16541581f5dab60 [Category: Orphaned Hash Cache]
[2026-09-03 13:07:54] Purged 9ca91b4c9d72e245e54ccf89c401e1ed28fab3 [Category: Orphaned Hash Cache]
[2026-09-03 13:07:54] Purged 20237c00b794b663731f92d10433007da8cfea [Category: Orphaned Hash Cache]
[2026-09-03 13:07:54] Purged 40695508a2e5e68680dfbc861d94bdc4bab8d6 [Category: Orphaned Hash Cache]
[2026-09-03 13:07:54] Purged f120f824baea1210bf3d24726dbd99e3374c93 [Category: Orphaned Hash Cache]
[2026-09-03 13:07:54] Purged 852d2eaf1467c9374442d1c4e42006ce538b46 [Category: Orphaned Hash Cache]
[2026-09-03 13:07:54] Purged 3e93d22dc3160c6985593aad3973988ffe99d0 [Category: Orphaned Hash Cache]
[2026-09-03 13:07:54] Purged 743babfb17f13fb925f7310b798b6cf3e48413 [Category: Orphaned Hash Cache]
[2026-09-03 13:07:54] Purged 6b99116eabb7fd8727458a0257334bde941070 [Category: Orphaned Hash Cache]
[2026-09-03 13:07:54] Purged 3bd0e7bde39bbe9aa298e104892ca46b93eebc [Category: Orphaned Hash Cache]
[2026-09-03 13:07:54] Purged a196bf0b8f9fd173114a1dc6d021942efe73a6 [Category: Orphaned Hash Cache]
[2026-09-03 13:07:54] Purged 881a1edf0c9afb0e768dffa039c97252d5c294 [Category: Orphaned Hash Cache]
[2026-09-03 13:07:54] Purged 531961840f3f4c85f0c456a9bc3f326c4e3523 [Category: Orphaned Hash Cache]
[2026-09-03 13:07:54] Purged c25e61a2857f3c3e286c61ccbbdadb315157bb [Category: Orphaned Hash Cache]
[2026-09-03 13:07:54] Purged 4e2eb32cd42bb98c6acae6b69e21abd7ae6810 [Category: Orphaned Hash Cache]
[2026-09-03 13:07:54] Purged ecb7c373b1704c9bfb403c07e6b857e29d8804 [Category: Orphaned Hash Cache]
[2026-09-03 13:07:54] Purged 6676e50215de47531310d473962acb78c31b98 [Category: Orphaned Hash Cache]
[2026-09-03 13:07:54] Purged 604ea5b892fab1148abea389a3c7cca590a09a [Category: Orphaned Hash Cache]
[2026-09-03 13:07:54] Purged 2a7b2103c53b06f0eb8069f3411f412f333e54 [Category: Orphaned Hash Cache]
[2026-09-03 13:07:54] Purged 9e4ea7a21ad5cd22c18e001ccf849f60c94d4f [Category: Orphaned Hash Cache]
[2026-09-03 13:07:54] Purged aaec1015a5cd59f56f8d00845e1875876c0b63 [Category: Orphaned Hash Cache]
[2026-09-03 13:07:54] Purged 14a2b5495215a662a06fe037db297b5f8556fa [Category: Orphaned Hash Cache]
[2026-09-03 13:07:54] Purged 06710fcb8314843c4d5d8f57990186c257d8dc [Category: Orphaned Hash Cache]
[2026-09-03 13:07:54] Purged 46ae4d4bbacef528174729d2113bef03aa7fa3 [Category: Orphaned Hash Cache]
[2026-09-03 13:07:54] Purged 73d695d015b2b933a408d8de6f9dcb2269594e [Category: Orphaned Hash Cache]
[2026-09-03 13:07:54] Purged 84aeaf157464ead17ed633973fb4876c2848ea [Category: Orphaned Hash Cache]
[2026-09-03 13:07:54] Purged 8c300af6b99aec25ec244adab876c5a98bd5d4 [Category: Orphaned Hash Cache]
[2026-09-03 13:07:54] Purged 3374c62311f7ceed1438e114630dde531c07e4 [Category: Orphaned Hash Cache]
[2026-09-03 13:07:54] Purged 163f8ca198c2d26426b740714d773c4b0f562e [Category: Orphaned Hash Cache]
[2026-09-03 13:07:54] Purged d6b2d405f5c58a7d2b04eea8c31ac6ea7866fb [Category: Orphaned Hash Cache]
[2026-09-03 13:07:54] Purged 146ece5e811aa218f6f6128c539ba9eb5f87e4 [Category: Orphaned Hash Cache]
[2026-09-03 13:07:54] Purged 6020a09350eb4a85cf0c156111bb9ec67d5017 [Category: Orphaned Hash Cache]
[2026-09-03 13:07:54] Purged 1aeb8ac3a1b6d479fa3959051db21a2f60d72c [Category: Orphaned Hash Cache]
[2026-09-03 13:07:54] Purged c37a9891d814ab9ac73e3061717fa3ebf27c0b [Category: Orphaned Hash Cache]
[2026-09-03 13:07:54] Purged 5a16cd326bf05fa1b3af0f43a907dea0f06d03 [Category: Orphaned Hash Cache]
[2026-09-03 13:07:54] Purged c2ce7f18f5648b74600fa98896de05c23b8573 [Category: Orphaned Hash Cache]
[2026-09-03 13:07:54] Purged cd388f16579db456f0173e630f7049d574abf4 [Category: Orphaned Hash Cache]
[2026-09-03 13:07:54] Purged e36c66a4059ce887fbf9f7f4f0b93b97ac9f14 [Category: Orphaned Hash Cache]
[2026-09-03 13:07:54] Purged 3bce5bbc8694afce2cf8ff1b09c273bcf6035c [Category: Orphaned Hash Cache]
[2026-09-03 13:07:54] Purged b0d1bd3c2aa16ddcfc44dbddf46b551aa0f955 [Category: Orphaned Hash Cache]
[2026-09-03 13:07:54] Purged c13049cae64cc6598a47f13d73e335a0fd598b [Category: Orphaned Hash Cache]
[2026-09-03 13:07:54] Purged 71a99b7328a85d50d55b53e41434e9357bbf1e [Category: Orphaned Hash Cache]
[2026-09-03 13:07:54] Purged 2fdb696c17c521d789653b00d572ce9b5ce1c7 [Category: Orphaned Hash Cache]
[2026-09-03 13:07:54] Purged 62795007f89aa9de867ad7a88a4d2e81dc7fcb [Category: Orphaned Hash Cache]
[2026-09-03 13:07:54] Purged 02a173a5b75bcb24f9bb16320856a073fc2459 [Category: Orphaned Hash Cache]
[2026-09-03 13:07:54] Purged 5e3f8f8429fa8fcf4394f0c05b4599e4c90e13 [Category: Orphaned Hash Cache]
[2026-09-03 13:07:54] Purged d4708f94d4696f36eb66366c18ccf8c489bd5c [Category: Orphaned Hash Cache]
[2026-09-03 13:07:54] Purged ca47e6821df0b235fc953e56556a2280bab221 [Category: Orphaned Hash Cache]
[2026-09-03 13:07:54] Purged tmp_obj_7RvfeG [Category: Temporary Artifact]
[2026-09-03 13:07:54] Purged tmp_obj_hIVvnB [Category: Temporary Artifact]
[2026-09-03 13:07:54] Purged 693bc8eaccea8f16f7efadacad8189fa062628 [Category: Orphaned Hash Cache]
[2026-09-03 13:07:54] Purged 1e59cd636513e06d11ee6cee91b28002ea3bba [Category: Orphaned Hash Cache]
[2026-09-03 13:07:54] Purged 495b7923dafacff59825eaa6c3d884ba921ac2 [Category: Orphaned Hash Cache]
[2026-09-03 13:07:54] Purged 6b224d99d20f11d286937265ac8508c223698a [Category: Orphaned Hash Cache]
[2026-09-03 13:07:54] Purged 1c957c26614c4b128503c64179cf9cb6771cdb [Category: Orphaned Hash Cache]
[2026-09-03 13:07:54] Purged 603da93e27902ec2244dd381064e09a36b3c99 [Category: Orphaned Hash Cache]
[2026-09-03 13:07:54] Purged 46f85fd763201b301eca56126c5457b460477d [Category: Orphaned Hash Cache]
[2026-09-03 13:07:54] Purged dca13667d9558cecc18efcaa5673242d1210ff [Category: Orphaned Hash Cache]
[2026-09-03 13:07:54] Purged ef271450a02d2d0f4f4c7d3767fa3920d8b8a7 [Category: Orphaned Hash Cache]
[2026-09-03 13:07:54] Purged 36848277646f2b2f1c4028aa81dd3446d59c41 [Category: Orphaned Hash Cache]
[2026-09-03 13:07:54] Purged b0a3d41361900dd907cc1c3f2047b7f07c2b5e [Category: Orphaned Hash Cache]
[2026-09-03 13:07:54] Purged ceeee0fe69de9d604f57dc14574a850e39f6df [Category: Orphaned Hash Cache]
[2026-09-03 13:07:54] Purged c9daf8b752a1bc0cc83edf1293d06611026f7a [Category: Orphaned Hash Cache]
[2026-09-03 13:07:54] Purged 775322d34e217cbeec2f98e16541581f5dab60 [Category: Orphaned Hash Cache]
[2026-09-03 13:07:54] Purged 9ca91b4c9d72e245e54ccf89c401e1ed28fab3 [Category: Orphaned Hash Cache]
[2026-09-03 13:07:54] Purged 20237c00b794b663731f92d10433007da8cfea [Category: Orphaned Hash Cache]
[2026-09-03 13:07:54] Purged 40695508a2e5e68680dfbc861d94bdc4bab8d6 [Category: Orphaned Hash Cache]
[2026-09-03 13:07:54] Purged f120f824baea1210bf3d24726dbd99e3374c93 [Category: Orphaned Hash Cache]
[2026-09-03 13:07:54] Purged 852d2eaf1467c9374442d1c4e42006ce538b46 [Category: Orphaned Hash Cache]
[2026-09-03 13:07:54] Purged 3e93d22dc3160c6985593aad3973988ffe99d0 [Category: Orphaned Hash Cache]
[2026-09-03 13:07:54] Purged 743babfb17f13fb925f7310b798b6cf3e48413 [Category: Orphaned Hash Cache]
[2026-09-03 13:07:54] Purged 6b99116eabb7fd8727458a0257334bde941070 [Category: Orphaned Hash Cache]
[2026-09-03 13:07:54] Purged 3bd0e7bde39bbe9aa298e104892ca46b93eebc [Category: Orphaned Hash Cache]
[2026-09-03 13:07:54] Purged a196bf0b8f9fd173114a1dc6d021942efe73a6 [Category: Orphaned Hash Cache]
[2026-09-03 13:07:54] Purged 881a1edf0c9afb0e768dffa039c97252d5c294 [Category: Orphaned Hash Cache]
[2026-09-03 13:07:54] Purged 531961840f3f4c85f0c456a9bc3f326c4e3523 [Category: Orphaned Hash Cache]
[2026-09-03 13:07:54] Purged c25e61a2857f3c3e286c61ccbbdadb315157bb [Category: Orphaned Hash Cache]
[2026-09-03 13:07:54] Purged 4e2eb32cd42bb98c6acae6b69e21abd7ae6810 [Category: Orphaned Hash Cache]
[2026-09-03 13:07:54] Purged ecb7c373b1704c9bfb403c07e6b857e29d8804 [Category: Orphaned Hash Cache]
[2026-09-03 13:07:54] Purged 6676e50215de47531310d473962acb78c31b98 [Category: Orphaned Hash Cache]
[2026-09-03 13:07:54] Purged 604ea5b892fab1148abea389a3c7cca590a09a [Category: Orphaned Hash Cache]
[2026-09-03 13:07:54] Purged 2a7b2103c53b06f0eb8069f3411f412f333e54 [Category: Orphaned Hash Cache]
[2026-09-03 13:07:54] Purged 9e4ea7a21ad5cd22c18e001ccf849f60c94d4f [Category: Orphaned Hash Cache]
[2026-09-03 13:07:54] Purged aaec1015a5cd59f56f8d00845e1875876c0b63 [Category: Orphaned Hash Cache]
[2026-09-03 13:07:54] Purged 14a2b5495215a662a06fe037db297b5f8556fa [Category: Orphaned Hash Cache]
[2026-09-03 13:07:54] Purged 06710fcb8314843c4d5d8f57990186c257d8dc [Category: Orphaned Hash Cache]
[2026-09-03 13:07:54] Purged 46ae4d4bbacef528174729d2113bef03aa7fa3 [Category: Orphaned Hash Cache]
[2026-09-03 13:07:54] Purged 73d695d015b2b933a408d8de6f9dcb2269594e [Category: Orphaned Hash Cache]
[2026-09-03 13:07:54] Purged 84aeaf157464ead17ed633973fb4876c2848ea [Category: Orphaned Hash Cache]
[2026-09-03 13:07:54] Purged 8c300af6b99aec25ec244adab876c5a98bd5d4 [Category: Orphaned Hash Cache]
[2026-09-03 13:07:54] Purged 3374c62311f7ceed1438e114630dde531c07e4 [Category: Orphaned Hash Cache]
[2026-09-03 13:07:54] Purged 163f8ca198c2d26426b740714d773c4b0f562e [Category: Orphaned Hash Cache]
[2026-09-03 13:07:54] Purged d6b2d405f5c58a7d2b04eea8c31ac6ea7866fb [Category: Orphaned Hash Cache]
[2026-09-03 13:07:54] Purged 146ece5e811aa218f6f6128c539ba9eb5f87e4 [Category: Orphaned Hash Cache]
[2026-09-03 13:07:54] Purged 6020a09350eb4a85cf0c156111bb9ec67d5017 [Category: Orphaned Hash Cache]
[2026-09-03 13:07:54] Purged 1aeb8ac3a1b6d479fa3959051db21a2f60d72c [Category: Orphaned Hash Cache]
[2026-09-03 13:07:54] Purged c37a9891d814ab9ac73e3061717fa3ebf27c0b [Category: Orphaned Hash Cache]
[2026-09-03 13:07:54] Purged 5a16cd326bf05fa1b3af0f43a907dea0f06d03 [Category: Orphaned Hash Cache]
[2026-09-03 13:07:54] Purged c2ce7f18f5648b74600fa98896de05c23b8573 [Category: Orphaned Hash Cache]
[2026-09-03 13:07:54] Purged cd388f16579db456f0173e630f7049d574abf4 [Category: Orphaned Hash Cache]
[2026-09-03 13:07:54] Purged e36c66a4059ce887fbf9f7f4f0b93b97ac9f14 [Category: Orphaned Hash Cache]
[2026-09-03 13:07:54] Purged 3bce5bbc8694afce2cf8ff1b09c273bcf6035c [Category: Orphaned Hash Cache]
[2026-09-03 13:07:54] Purged b0d1bd3c2aa16ddcfc44dbddf46b551aa0f955 [Category: Orphaned Hash Cache]
[2026-09-03 13:07:54] Purged c13049cae64cc6598a47f13d73e335a0fd598b [Category: Orphaned Hash Cache]
[2026-09-03 13:07:54] Purged 71a99b7328a85d50d55b53e41434e9357bbf1e [Category: Orphaned Hash Cache]
[2026-09-03 13:07:54] Purged 2fdb696c17c521d789653b00d572ce9b5ce1c7 [Category: Orphaned Hash Cache]
[2026-09-03 13:07:54] Purged 62795007f89aa9de867ad7a88a4d2e81dc7fcb [Category: Orphaned Hash Cache]
[2026-09-03 13:07:54] Purged 02a173a5b75bcb24f9bb16320856a073fc2459 [Category: Orphaned Hash Cache]
[2026-09-03 13:07:54] Purged 5e3f8f8429fa8fcf4394f0c05b4599e4c90e13 [Category: Orphaned Hash Cache]
[2026-09-03 13:07:54] Purged d4708f94d4696f36eb66366c18ccf8c489bd5c [Category: Orphaned Hash Cache]
[2026-09-03 13:07:54] Purged ca47e6821df0b235fc953e56556a2280bab221 [Category: Orphaned Hash Cache]
[2026-09-03 13:07:54] Purged tmp_obj_7RvfeG [Category: Temporary Artifact]
[2026-09-03 13:07:54] Purged tmp_obj_hIVvnB [Category: Temporary Artifact]
[2026-09-03 13:07:54] Purged 693bc8eaccea8f16f7efadacad8189fa062628 [Category: Orphaned Hash Cache]
[2026-09-03 13:07:54] Purged 1e59cd636513e06d11ee6cee91b28002ea3bba [Category: Orphaned Hash Cache]
[2026-09-03 13:07:54] Purged 495b7923dafacff59825eaa6c3d884ba921ac2 [Category: Orphaned Hash Cache]
[2026-09-03 13:07:54] Purged 6b224d99d20f11d286937265ac8508c223698a [Category: Orphaned Hash Cache]
[2026-09-03 13:07:54] Purged 1c957c26614c4b128503c64179cf9cb6771cdb [Category: Orphaned Hash Cache]
[2026-09-03 13:07:54] Purged 603da93e27902ec2244dd381064e09a36b3c99 [Category: Orphaned Hash Cache]
[2026-09-03 13:07:54] Purged 46f85fd763201b301eca56126c5457b460477d [Category: Orphaned Hash Cache]
[2026-09-03 13:07:54] Purged dca13667d9558cecc18efcaa5673242d1210ff [Category: Orphaned Hash Cache]
[2026-09-03 13:07:54] Purged ef271450a02d2d0f4f4c7d3767fa3920d8b8a7 [Category: Orphaned Hash Cache]
[2026-09-03 13:07:54] Purged 36848277646f2b2f1c4028aa81dd3446d59c41 [Category: Orphaned Hash Cache]
[2026-09-03 13:07:54] Purged b0a3d41361900dd907cc1c3f2047b7f07c2b5e [Category: Orphaned Hash Cache]
[2026-09-03 13:07:54] Purged ceeee0fe69de9d604f57dc14574a850e39f6df [Category: Orphaned Hash Cache]
[2026-09-03 13:07:54] Purged c9daf8b752a1bc0cc83edf1293d06611026f7a [Category: Orphaned Hash Cache]
[2026-09-03 13:07:54] Purged 775322d34e217cbeec2f98e16541581f5dab60 [Category: Orphaned Hash Cache]
[2026-09-03 13:07:54] Purged 9ca91b4c9d72e245e54ccf89c401e1ed28fab3 [Category: Orphaned Hash Cache]
[2026-09-03 13:07:54] Purged 20237c00b794b663731f92d10433007da8cfea [Category: Orphaned Hash Cache]
[2026-09-03 13:07:54] Purged 40695508a2e5e68680dfbc861d94bdc4bab8d6 [Category: Orphaned Hash Cache]
[2026-09-03 13:07:54] Purged f120f824baea1210bf3d24726dbd99e3374c93 [Category: Orphaned Hash Cache]
[2026-09-03 13:07:54] Purged 852d2eaf1467c9374442d1c4e42006ce538b46 [Category: Orphaned Hash Cache]
[2026-09-03 13:07:54] Purged 3e93d22dc3160c6985593aad3973988ffe99d0 [Category: Orphaned Hash Cache]
[2026-09-03 13:07:54] Purged 743babfb17f13fb925f7310b798b6cf3e48413 [Category: Orphaned Hash Cache]
[2026-09-03 13:07:54] Purged 6b99116eabb7fd8727458a0257334bde941070 [Category: Orphaned Hash Cache]
[2026-09-03 13:07:54] Purged 3bd0e7bde39bbe9aa298e104892ca46b93eebc [Category: Orphaned Hash Cache]
[2026-09-03 13:07:54] Purged a196bf0b8f9fd173114a1dc6d021942efe73a6 [Category: Orphaned Hash Cache]
[2026-09-03 13:07:54] Purged en_US-amy-medium.onnx [Category: Large Binary Blob]
[2026-09-03 13:07:54] Purged 881a1edf0c9afb0e768dffa039c97252d5c294 [Category: Orphaned Hash Cache]
[2026-09-03 13:07:54] Purged 531961840f3f4c85f0c456a9bc3f326c4e3523 [Category: Orphaned Hash Cache]
[2026-09-03 13:07:54] Purged c25e61a2857f3c3e286c61ccbbdadb315157bb [Category: Orphaned Hash Cache]
[2026-09-03 13:07:54] Purged 4e2eb32cd42bb98c6acae6b69e21abd7ae6810 [Category: Orphaned Hash Cache]
[2026-09-03 13:07:54] Purged ecb7c373b1704c9bfb403c07e6b857e29d8804 [Category: Orphaned Hash Cache]
[2026-09-03 13:07:54] Purged 6676e50215de47531310d473962acb78c31b98 [Category: Orphaned Hash Cache]
[2026-09-03 13:07:54] Purged 604ea5b892fab1148abea389a3c7cca590a09a [Category: Orphaned Hash Cache]
[2026-09-03 13:07:54] Purged 2a7b2103c53b06f0eb8069f3411f412f333e54 [Category: Orphaned Hash Cache]
[2026-09-03 13:07:54] Purged 9e4ea7a21ad5cd22c18e001ccf849f60c94d4f [Category: Orphaned Hash Cache]
[2026-09-03 13:07:54] Purged aaec1015a5cd59f56f8d00845e1875876c0b63 [Category: Orphaned Hash Cache]
[2026-09-03 13:07:54] Purged 14a2b5495215a662a06fe037db297b5f8556fa [Category: Orphaned Hash Cache]
[2026-09-03 13:07:54] Purged 06710fcb8314843c4d5d8f57990186c257d8dc [Category: Orphaned Hash Cache]
[2026-09-03 13:07:54] Purged 46ae4d4bbacef528174729d2113bef03aa7fa3 [Category: Orphaned Hash Cache]
[2026-09-03 13:07:54] Purged 73d695d015b2b933a408d8de6f9dcb2269594e [Category: Orphaned Hash Cache]
[2026-09-03 13:07:54] Purged 84aeaf157464ead17ed633973fb4876c2848ea [Category: Orphaned Hash Cache]
[2026-09-03 13:07:54] Purged 8c300af6b99aec25ec244adab876c5a98bd5d4 [Category: Orphaned Hash Cache]
[2026-09-03 13:07:54] Purged 3374c62311f7ceed1438e114630dde531c07e4 [Category: Orphaned Hash Cache]
[2026-09-03 13:07:54] Purged 163f8ca198c2d26426b740714d773c4b0f562e [Category: Orphaned Hash Cache]
[2026-09-03 13:07:54] Purged d6b2d405f5c58a7d2b04eea8c31ac6ea7866fb [Category: Orphaned Hash Cache]
[2026-09-03 13:07:54] Purged 146ece5e811aa218f6f6128c539ba9eb5f87e4 [Category: Orphaned Hash Cache]
[2026-09-03 13:07:54] Purged 6020a09350eb4a85cf0c156111bb9ec67d5017 [Category: Orphaned Hash Cache]
[2026-09-03 13:07:54] Purged 1aeb8ac3a1b6d479fa3959051db21a2f60d72c [Category: Orphaned Hash Cache]
[2026-09-03 13:07:54] Purged c37a9891d814ab9ac73e3061717fa3ebf27c0b [Category: Orphaned Hash Cache]
[2026-09-03 13:07:54] Purged 5a16cd326bf05fa1b3af0f43a907dea0f06d03 [Category: Orphaned Hash Cache]
[2026-09-03 13:07:54] Purged c2ce7f18f5648b74600fa98896de05c23b8573 [Category: Orphaned Hash Cache]
[2026-09-03 13:07:54] Purged cd388f16579db456f0173e630f7049d574abf4 [Category: Orphaned Hash Cache]
[2026-09-03 13:07:54] Purged e36c66a4059ce887fbf9f7f4f0b93b97ac9f14 [Category: Orphaned Hash Cache]
[2026-09-03 13:07:54] Purged 3bce5bbc8694afce2cf8ff1b09c273bcf6035c [Category: Orphaned Hash Cache]
[2026-09-03 13:07:54] Purged b0d1bd3c2aa16ddcfc44dbddf46b551aa0f955 [Category: Orphaned Hash Cache]
[2026-09-03 13:07:54] Purged c13049cae64cc6598a47f13d73e335a0fd598b [Category: Orphaned Hash Cache]
[2026-09-03 13:07:54] Purged 71a99b7328a85d50d55b53e41434e9357bbf1e [Category: Orphaned Hash Cache]
[2026-09-03 13:07:54] Purged 2fdb696c17c521d789653b00d572ce9b5ce1c7 [Category: Orphaned Hash Cache]
[2026-09-03 13:07:54] Purged 62795007f89aa9de867ad7a88a4d2e81dc7fcb [Category: Orphaned Hash Cache]
[2026-09-03 13:07:54] Purged 02a173a5b75bcb24f9bb16320856a073fc2459 [Category: Orphaned Hash Cache]
[2026-09-03 13:07:54] Purged 5e3f8f8429fa8fcf4394f0c05b4599e4c90e13 [Category: Orphaned Hash Cache]
[2026-09-03 13:07:54] Purged d4708f94d4696f36eb66366c18ccf8c489bd5c [Category: Orphaned Hash Cache]
[2026-09-03 13:07:54] Purged ca47e6821df0b235fc953e56556a2280bab221 [Category: Orphaned Hash Cache]
[2026-09-03 13:07:54] Purged tmp_obj_7RvfeG [Category: Temporary Artifact]
[2026-09-03 13:07:54] Purged tmp_obj_hIVvnB [Category: Temporary Artifact]
[2026-09-03 13:07:54] Purged 693bc8eaccea8f16f7efadacad8189fa062628 [Category: Orphaned Hash Cache]
[2026-09-03 13:07:54] Purged 1e59cd636513e06d11ee6cee91b28002ea3bba [Category: Orphaned Hash Cache]
[2026-09-03 13:07:54] Purged 495b7923dafacff59825eaa6c3d884ba921ac2 [Category: Orphaned Hash Cache]
[2026-09-03 13:07:54] Purged 6b224d99d20f11d286937265ac8508c223698a [Category: Orphaned Hash Cache]
[2026-09-03 13:07:54] Purged 1c957c26614c4b128503c64179cf9cb6771cdb [Category: Orphaned Hash Cache]
[2026-09-03 13:07:54] Purged 603da93e27902ec2244dd381064e09a36b3c99 [Category: Orphaned Hash Cache]
[2026-09-03 13:07:54] Purged 46f85fd763201b301eca56126c5457b460477d [Category: Orphaned Hash Cache]
[2026-09-03 13:07:54] Purged dca13667d9558cecc18efcaa5673242d1210ff [Category: Orphaned Hash Cache]
[2026-09-03 13:07:54] Purged ef271450a02d2d0f4f4c7d3767fa3920d8b8a7 [Category: Orphaned Hash Cache]
[2026-09-03 13:07:54] Purged 36848277646f2b2f1c4028aa81dd3446d59c41 [Category: Orphaned Hash Cache]
[2026-09-03 13:07:54] Purged b0a3d41361900dd907cc1c3f2047b7f07c2b5e [Category: Orphaned Hash Cache]
[2026-09-03 13:07:54] Purged ceeee0fe69de9d604f57dc14574a850e39f6df [Category: Orphaned Hash Cache]
[2026-09-03 13:07:54] Purged c9daf8b752a1bc0cc83edf1293d06611026f7a [Category: Orphaned Hash Cache]
[2026-09-03 13:07:54] Purged 775322d34e217cbeec2f98e16541581f5dab60 [Category: Orphaned Hash Cache]
[2026-09-03 13:07:54] Purged 9ca91b4c9d72e245e54ccf89c401e1ed28fab3 [Category: Orphaned Hash Cache]
[2026-09-03 13:07:54] Purged 20237c00b794b663731f92d10433007da8cfea [Category: Orphaned Hash Cache]
[2026-09-03 13:07:54] Purged 40695508a2e5e68680dfbc861d94bdc4bab8d6 [Category: Orphaned Hash Cache]
[2026-09-03 13:07:54] Purged f120f824baea1210bf3d24726dbd99e3374c93 [Category: Orphaned Hash Cache]
[2026-09-03 13:07:54] Purged 852d2eaf1467c9374442d1c4e42006ce538b46 [Category: Orphaned Hash Cache]
[2026-09-03 13:07:54] Purged 3e93d22dc3160c6985593aad3973988ffe99d0 [Category: Orphaned Hash Cache]
[2026-09-03 13:07:54] Purged 743babfb17f13fb925f7310b798b6cf3e48413 [Category: Orphaned Hash Cache]
[2026-09-03 13:07:54] Purged 6b99116eabb7fd8727458a0257334bde941070 [Category: Orphaned Hash Cache]
[2026-09-03 13:07:54] Purged 3bd0e7bde39bbe9aa298e104892ca46b93eebc [Category: Orphaned Hash Cache]
[2026-09-03 13:07:54] Purged a196bf0b8f9fd173114a1dc6d021942efe73a6 [Category: Orphaned Hash Cache]
[2026-09-03 13:07:54] Purged 881a1edf0c9afb0e768dffa039c97252d5c294 [Category: Orphaned Hash Cache]
[2026-09-03 13:07:54] Purged 531961840f3f4c85f0c456a9bc3f326c4e3523 [Category: Orphaned Hash Cache]
[2026-09-03 13:07:54] Purged c25e61a2857f3c3e286c61ccbbdadb315157bb [Category: Orphaned Hash Cache]
[2026-09-03 13:07:54] Purged 4e2eb32cd42bb98c6acae6b69e21abd7ae6810 [Category: Orphaned Hash Cache]
[2026-09-03 13:07:54] Purged ecb7c373b1704c9bfb403c07e6b857e29d8804 [Category: Orphaned Hash Cache]
[2026-09-03 13:07:54] Purged 6676e50215de47531310d473962acb78c31b98 [Category: Orphaned Hash Cache]
[2026-09-03 13:07:54] Purged 604ea5b892fab1148abea389a3c7cca590a09a [Category: Orphaned Hash Cache]
[2026-09-03 13:07:54] Purged 2a7b2103c53b06f0eb8069f3411f412f333e54 [Category: Orphaned Hash Cache]
[2026-09-03 13:07:54] Purged 9e4ea7a21ad5cd22c18e001ccf849f60c94d4f [Category: Orphaned Hash Cache]
[2026-09-03 13:07:54] Purged aaec1015a5cd59f56f8d00845e1875876c0b63 [Category: Orphaned Hash Cache]
[2026-09-03 13:07:54] Purged 14a2b5495215a662a06fe037db297b5f8556fa [Category: Orphaned Hash Cache]
[2026-09-03 13:07:54] Purged 06710fcb8314843c4d5d8f57990186c257d8dc [Category: Orphaned Hash Cache]
[2026-09-03 13:07:54] Purged 46ae4d4bbacef528174729d2113bef03aa7fa3 [Category: Orphaned Hash Cache]
[2026-09-03 13:07:54] Purged 73d695d015b2b933a408d8de6f9dcb2269594e [Category: Orphaned Hash Cache]
[2026-09-03 13:07:54] Purged 84aeaf157464ead17ed633973fb4876c2848ea [Category: Orphaned Hash Cache]
[2026-09-03 13:07:54] Purged 8c300af6b99aec25ec244adab876c5a98bd5d4 [Category: Orphaned Hash Cache]
[2026-09-03 13:07:54] Purged 3374c62311f7ceed1438e114630dde531c07e4 [Category: Orphaned Hash Cache]
[2026-09-03 13:07:54] Purged 163f8ca198c2d26426b740714d773c4b0f562e [Category: Orphaned Hash Cache]
[2026-09-03 13:07:54] Purged d6b2d405f5c58a7d2b04eea8c31ac6ea7866fb [Category: Orphaned Hash Cache]
[2026-09-03 13:07:54] Purged 146ece5e811aa218f6f6128c539ba9eb5f87e4 [Category: Orphaned Hash Cache]
[2026-09-03 13:07:54] Purged 6020a09350eb4a85cf0c156111bb9ec67d5017 [Category: Orphaned Hash Cache]
[2026-09-03 13:07:54] Purged 1aeb8ac3a1b6d479fa3959051db21a2f60d72c [Category: Orphaned Hash Cache]
[2026-09-03 13:07:54] Purged c37a9891d814ab9ac73e3061717fa3ebf27c0b [Category: Orphaned Hash Cache]
[2026-09-03 13:07:54] Purged 5a16cd326bf05fa1b3af0f43a907dea0f06d03 [Category: Orphaned Hash Cache]
[2026-09-03 13:07:54] Purged c2ce7f18f5648b74600fa98896de05c23b8573 [Category: Orphaned Hash Cache]
[2026-09-03 13:07:54] Purged cd388f16579db456f0173e630f7049d574abf4 [Category: Orphaned Hash Cache]
[2026-09-03 13:07:54] Purged e36c66a4059ce887fbf9f7f4f0b93b97ac9f14 [Category: Orphaned Hash Cache]
[2026-09-03 13:07:54] Purged 3bce5bbc8694afce2cf8ff1b09c273bcf6035c [Category: Orphaned Hash Cache]
[2026-09-03 13:07:54] Purged b0d1bd3c2aa16ddcfc44dbddf46b551aa0f955 [Category: Orphaned Hash Cache]
[2026-09-03 13:07:54] Purged c13049cae64cc6598a47f13d73e335a0fd598b [Category: Orphaned Hash Cache]
[2026-09-03 13:07:54] Purged 71a99b7328a85d50d55b53e41434e9357bbf1e [Category: Orphaned Hash Cache]
[2026-09-03 13:07:54] Purged 2fdb696c17c521d789653b00d572ce9b5ce1c7 [Category: Orphaned Hash Cache]
[2026-09-03 13:07:54] Purged 62795007f89aa9de867ad7a88a4d2e81dc7fcb [Category: Orphaned Hash Cache]
[2026-09-03 13:07:54] Purged 02a173a5b75bcb24f9bb16320856a073fc2459 [Category: Orphaned Hash Cache]
[2026-09-03 13:07:54] Purged 5e3f8f8429fa8fcf4394f0c05b4599e4c90e13 [Category: Orphaned Hash Cache]
[2026-09-03 13:07:54] Purged d4708f94d4696f36eb66366c18ccf8c489bd5c [Category: Orphaned Hash Cache]
[2026-09-03 13:07:54] Purged ca47e6821df0b235fc953e56556a2280bab221 [Category: Orphaned Hash Cache]
[2026-09-03 13:07:54] Purged tmp_obj_7RvfeG [Category: Temporary Artifact]
[2026-09-03 13:07:54] Purged tmp_obj_hIVvnB [Category: Temporary Artifact]
[2026-09-03 13:07:54] Purged 693bc8eaccea8f16f7efadacad8189fa062628 [Category: Orphaned Hash Cache]
[2026-09-03 13:07:54] Purged 1e59cd636513e06d11ee6cee91b28002ea3bba [Category: Orphaned Hash Cache]
[2026-09-03 13:07:54] Purged 495b7923dafacff59825eaa6c3d884ba921ac2 [Category: Orphaned Hash Cache]
[2026-09-03 13:07:54] Purged 6b224d99d20f11d286937265ac8508c223698a [Category: Orphaned Hash Cache]
[2026-09-03 13:07:54] Purged 1c957c26614c4b128503c64179cf9cb6771cdb [Category: Orphaned Hash Cache]
[2026-09-03 13:07:54] Purged 603da93e27902ec2244dd381064e09a36b3c99 [Category: Orphaned Hash Cache]
[2026-09-03 13:07:54] Purged 46f85fd763201b301eca56126c5457b460477d [Category: Orphaned Hash Cache]
[2026-09-03 13:07:54] Purged dca13667d9558cecc18efcaa5673242d1210ff [Category: Orphaned Hash Cache]
[2026-09-03 13:07:54] Purged ef271450a02d2d0f4f4c7d3767fa3920d8b8a7 [Category: Orphaned Hash Cache]
[2026-09-03 13:07:54] Purged 36848277646f2b2f1c4028aa81dd3446d59c41 [Category: Orphaned Hash Cache]
[2026-09-03 13:07:54] Purged b0a3d41361900dd907cc1c3f2047b7f07c2b5e [Category: Orphaned Hash Cache]
[2026-09-03 13:07:54] Purged ceeee0fe69de9d604f57dc14574a850e39f6df [Category: Orphaned Hash Cache]
[2026-09-03 13:07:54] Purged c9daf8b752a1bc0cc83edf1293d06611026f7a [Category: Orphaned Hash Cache]
[2026-09-03 13:07:54] Purged 775322d34e217cbeec2f98e16541581f5dab60 [Category: Orphaned Hash Cache]
[2026-09-03 13:07:54] Purged 9ca91b4c9d72e245e54ccf89c401e1ed28fab3 [Category: Orphaned Hash Cache]
[2026-09-03 13:07:54] Purged 20237c00b794b663731f92d10433007da8cfea [Category: Orphaned Hash Cache]
[2026-09-03 13:07:54] Purged 40695508a2e5e68680dfbc861d94bdc4bab8d6 [Category: Orphaned Hash Cache]
[2026-09-03 13:07:54] Purged f120f824baea1210bf3d24726dbd99e3374c93 [Category: Orphaned Hash Cache]
[2026-09-03 13:07:54] Purged 852d2eaf1467c9374442d1c4e42006ce538b46 [Category: Orphaned Hash Cache]
[2026-09-03 13:07:54] Purged 3e93d22dc3160c6985593aad3973988ffe99d0 [Category: Orphaned Hash Cache]
[2026-09-03 13:07:54] Purged 743babfb17f13fb925f7310b798b6cf3e48413 [Category: Orphaned Hash Cache]
[2026-09-03 13:07:54] Purged 6b99116eabb7fd8727458a0257334bde941070 [Category: Orphaned Hash Cache]
[2026-09-03 13:07:54] Purged 3bd0e7bde39bbe9aa298e104892ca46b93eebc [Category: Orphaned Hash Cache]
[2026-09-03 13:07:54] Purged a196bf0b8f9fd173114a1dc6d021942efe73a6 [Category: Orphaned Hash Cache]
[2026-09-03 13:07:54] Purged 881a1edf0c9afb0e768dffa039c97252d5c294 [Category: Orphaned Hash Cache]
[2026-09-03 13:07:54] Purged 531961840f3f4c85f0c456a9bc3f326c4e3523 [Category: Orphaned Hash Cache]
[2026-09-03 13:07:54] Purged c25e61a2857f3c3e286c61ccbbdadb315157bb [Category: Orphaned Hash Cache]
[2026-09-03 13:07:54] Purged 4e2eb32cd42bb98c6acae6b69e21abd7ae6810 [Category: Orphaned Hash Cache]
[2026-09-03 13:07:54] Purged ecb7c373b1704c9bfb403c07e6b857e29d8804 [Category: Orphaned Hash Cache]
[2026-09-03 13:07:54] Purged 6676e50215de47531310d473962acb78c31b98 [Category: Orphaned Hash Cache]
[2026-09-03 13:07:54] Purged 604ea5b892fab1148abea389a3c7cca590a09a [Category: Orphaned Hash Cache]
[2026-09-03 13:07:54] Purged 2a7b2103c53b06f0eb8069f3411f412f333e54 [Category: Orphaned Hash Cache]
[2026-09-03 13:07:54] Purged 9e4ea7a21ad5cd22c18e001ccf849f60c94d4f [Category: Orphaned Hash Cache]
[2026-09-03 13:07:54] Purged aaec1015a5cd59f56f8d00845e1875876c0b63 [Category: Orphaned Hash Cache]
[2026-09-03 13:07:54] Purged 14a2b5495215a662a06fe037db297b5f8556fa [Category: Orphaned Hash Cache]
[2026-09-03 13:07:54] Purged 06710fcb8314843c4d5d8f57990186c257d8dc [Category: Orphaned Hash Cache]
[2026-09-03 13:07:54] Purged 46ae4d4bbacef528174729d2113bef03aa7fa3 [Category: Orphaned Hash Cache]
[2026-09-03 13:07:54] Purged 73d695d015b2b933a408d8de6f9dcb2269594e [Category: Orphaned Hash Cache]
[2026-09-03 13:07:54] Purged 84aeaf157464ead17ed633973fb4876c2848ea [Category: Orphaned Hash Cache]
[2026-09-03 13:07:54] Purged 8c300af6b99aec25ec244adab876c5a98bd5d4 [Category: Orphaned Hash Cache]
[2026-09-03 13:07:54] Purged 3374c62311f7ceed1438e114630dde531c07e4 [Category: Orphaned Hash Cache]
[2026-09-03 13:07:54] Purged 163f8ca198c2d26426b740714d773c4b0f562e [Category: Orphaned Hash Cache]
[2026-09-03 13:07:54] Purged d6b2d405f5c58a7d2b04eea8c31ac6ea7866fb [Category: Orphaned Hash Cache]
[2026-09-03 13:07:54] Purged 146ece5e811aa218f6f6128c539ba9eb5f87e4 [Category: Orphaned Hash Cache]
[2026-09-03 13:07:54] Purged 6020a09350eb4a85cf0c156111bb9ec67d5017 [Category: Orphaned Hash Cache]
[2026-09-03 13:07:54] Purged 1aeb8ac3a1b6d479fa3959051db21a2f60d72c [Category: Orphaned Hash Cache]
[2026-09-03 13:07:54] Purged c37a9891d814ab9ac73e3061717fa3ebf27c0b [Category: Orphaned Hash Cache]
[2026-09-03 13:07:54] Purged 5a16cd326bf05fa1b3af0f43a907dea0f06d03 [Category: Orphaned Hash Cache]
[2026-09-03 13:07:54] Purged c2ce7f18f5648b74600fa98896de05c23b8573 [Category: Orphaned Hash Cache]
[2026-09-03 13:07:54] Purged cd388f16579db456f0173e630f7049d574abf4 [Category: Orphaned Hash Cache]
[2026-09-03 13:07:54] Purged e36c66a4059ce887fbf9f7f4f0b93b97ac9f14 [Category: Orphaned Hash Cache]
[2026-09-03 13:07:54] Purged 3bce5bbc8694afce2cf8ff1b09c273bcf6035c [Category: Orphaned Hash Cache]
[2026-09-03 13:07:54] Purged b0d1bd3c2aa16ddcfc44dbddf46b551aa0f955 [Category: Orphaned Hash Cache]
[2026-09-03 13:07:54] Purged c13049cae64cc6598a47f13d73e335a0fd598b [Category: Orphaned Hash Cache]
[2026-09-03 13:07:54] Purged 71a99b7328a85d50d55b53e41434e9357bbf1e [Category: Orphaned Hash Cache]
[2026-09-03 13:07:54] Purged 2fdb696c17c521d789653b00d572ce9b5ce1c7 [Category: Orphaned Hash Cache]
[2026-09-03 13:07:54] Purged 62795007f89aa9de867ad7a88a4d2e81dc7fcb [Category: Orphaned Hash Cache]
[2026-09-03 13:07:54] Purged 02a173a5b75bcb24f9bb16320856a073fc2459 [Category: Orphaned Hash Cache]
[2026-09-03 13:07:54] Purged 5e3f8f8429fa8fcf4394f0c05b4599e4c90e13 [Category: Orphaned Hash Cache]
[2026-09-03 13:07:54] Purged d4708f94d4696f36eb66366c18ccf8c489bd5c [Category: Orphaned Hash Cache]
[2026-09-03 13:07:54] Purged ca47e6821df0b235fc953e56556a2280bab221 [Category: Orphaned Hash Cache]
[2026-09-03 13:07:54] Purged tmp_obj_7RvfeG [Category: Temporary Artifact]
[2026-09-03 13:07:54] Purged tmp_obj_hIVvnB [Category: Temporary Artifact]
[2026-09-03 13:07:54] Purged 693bc8eaccea8f16f7efadacad8189fa062628 [Category: Orphaned Hash Cache]
[2026-09-03 13:07:54] Purged 1e59cd636513e06d11ee6cee91b28002ea3bba [Category: Orphaned Hash Cache]
[2026-09-03 13:07:54] Purged 495b7923dafacff59825eaa6c3d884ba921ac2 [Category: Orphaned Hash Cache]
[2026-09-03 13:07:54] Purged 6b224d99d20f11d286937265ac8508c223698a [Category: Orphaned Hash Cache]
[2026-09-03 13:07:54] Purged 1c957c26614c4b128503c64179cf9cb6771cdb [Category: Orphaned Hash Cache]
[2026-09-03 13:07:54] Purged 603da93e27902ec2244dd381064e09a36b3c99 [Category: Orphaned Hash Cache]
[2026-09-03 13:07:54] Purged 46f85fd763201b301eca56126c5457b460477d [Category: Orphaned Hash Cache]
[2026-09-03 13:07:54] Purged dca13667d9558cecc18efcaa5673242d1210ff [Category: Orphaned Hash Cache]
[2026-09-03 13:07:54] Purged ef271450a02d2d0f4f4c7d3767fa3920d8b8a7 [Category: Orphaned Hash Cache]
[2026-09-03 13:07:54] Purged 36848277646f2b2f1c4028aa81dd3446d59c41 [Category: Orphaned Hash Cache]
[2026-09-03 13:07:54] Purged b0a3d41361900dd907cc1c3f2047b7f07c2b5e [Category: Orphaned Hash Cache]
[2026-09-03 13:07:54] Purged ceeee0fe69de9d604f57dc14574a850e39f6df [Category: Orphaned Hash Cache]
[2026-09-03 13:07:54] Purged c9daf8b752a1bc0cc83edf1293d06611026f7a [Category: Orphaned Hash Cache]
[2026-09-03 13:07:54] Purged 775322d34e217cbeec2f98e16541581f5dab60 [Category: Orphaned Hash Cache]
[2026-09-03 13:07:54] Purged 9ca91b4c9d72e245e54ccf89c401e1ed28fab3 [Category: Orphaned Hash Cache]
[2026-09-03 13:07:54] Purged 20237c00b794b663731f92d10433007da8cfea [Category: Orphaned Hash Cache]
[2026-09-03 13:07:54] Purged 40695508a2e5e68680dfbc861d94bdc4bab8d6 [Category: Orphaned Hash Cache]
[2026-09-03 13:07:54] Purged f120f824baea1210bf3d24726dbd99e3374c93 [Category: Orphaned Hash Cache]
[2026-09-03 13:07:54] Purged 852d2eaf1467c9374442d1c4e42006ce538b46 [Category: Orphaned Hash Cache]
[2026-09-03 13:07:54] Purged 3e93d22dc3160c6985593aad3973988ffe99d0 [Category: Orphaned Hash Cache]
[2026-09-03 13:07:54] Purged 743babfb17f13fb925f7310b798b6cf3e48413 [Category: Orphaned Hash Cache]
[2026-09-03 13:07:54] Purged 6b99116eabb7fd8727458a0257334bde941070 [Category: Orphaned Hash Cache]
[2026-09-03 13:07:54] Purged 3bd0e7bde39bbe9aa298e104892ca46b93eebc [Category: Orphaned Hash Cache]
[2026-09-03 13:07:54] Purged a196bf0b8f9fd173114a1dc6d021942efe73a6 [Category: Orphaned Hash Cache]
[2026-09-03 13:07:54] Purged en_US-amy-medium.onnx [Category: Large Binary Blob]
[2026-09-03 13:07:54] Purged 881a1edf0c9afb0e768dffa039c97252d5c294 [Category: Orphaned Hash Cache]
[2026-09-03 13:07:54] Purged 531961840f3f4c85f0c456a9bc3f326c4e3523 [Category: Orphaned Hash Cache]
[2026-09-03 13:07:54] Purged c25e61a2857f3c3e286c61ccbbdadb315157bb [Category: Orphaned Hash Cache]
[2026-09-03 13:07:54] Purged 4e2eb32cd42bb98c6acae6b69e21abd7ae6810 [Category: Orphaned Hash Cache]
[2026-09-03 13:07:54] Purged ecb7c373b1704c9bfb403c07e6b857e29d8804 [Category: Orphaned Hash Cache]
[2026-09-03 13:07:54] Purged 6676e50215de47531310d473962acb78c31b98 [Category: Orphaned Hash Cache]
[2026-09-03 13:07:54] Purged 604ea5b892fab1148abea389a3c7cca590a09a [Category: Orphaned Hash Cache]
[2026-09-03 13:07:54] Purged 2a7b2103c53b06f0eb8069f3411f412f333e54 [Category: Orphaned Hash Cache]
[2026-09-03 13:07:54] Purged 9e4ea7a21ad5cd22c18e001ccf849f60c94d4f [Category: Orphaned Hash Cache]
[2026-09-03 13:07:54] Purged aaec1015a5cd59f56f8d00845e1875876c0b63 [Category: Orphaned Hash Cache]
[2026-09-03 13:07:54] Purged 14a2b5495215a662a06fe037db297b5f8556fa [Category: Orphaned Hash Cache]
[2026-09-03 13:07:54] Purged 06710fcb8314843c4d5d8f57990186c257d8dc [Category: Orphaned Hash Cache]
[2026-09-03 13:07:54] Purged 46ae4d4bbacef528174729d2113bef03aa7fa3 [Category: Orphaned Hash Cache]
[2026-09-03 13:07:54] Purged 73d695d015b2b933a408d8de6f9dcb2269594e [Category: Orphaned Hash Cache]
[2026-09-03 13:07:54] Purged 84aeaf157464ead17ed633973fb4876c2848ea [Category: Orphaned Hash Cache]
[2026-09-03 13:07:54] Purged 8c300af6b99aec25ec244adab876c5a98bd5d4 [Category: Orphaned Hash Cache]
[2026-09-03 13:07:54] Purged 3374c62311f7ceed1438e114630dde531c07e4 [Category: Orphaned Hash Cache]
[2026-09-03 13:07:54] Purged 163f8ca198c2d26426b740714d773c4b0f562e [Category: Orphaned Hash Cache]
[2026-09-03 13:07:54] Purged d6b2d405f5c58a7d2b04eea8c31ac6ea7866fb [Category: Orphaned Hash Cache]
[2026-09-03 13:07:54] Purged 146ece5e811aa218f6f6128c539ba9eb5f87e4 [Category: Orphaned Hash Cache]
[2026-09-03 13:07:54] Purged 6020a09350eb4a85cf0c156111bb9ec67d5017 [Category: Orphaned Hash Cache]
[2026-09-03 13:07:54] Purged 1aeb8ac3a1b6d479fa3959051db21a2f60d72c [Category: Orphaned Hash Cache]
[2026-09-03 13:07:54] Purged c37a9891d814ab9ac73e3061717fa3ebf27c0b [Category: Orphaned Hash Cache]
[2026-09-03 13:07:54] Purged 5a16cd326bf05fa1b3af0f43a907dea0f06d03 [Category: Orphaned Hash Cache]
[2026-09-03 13:07:54] Purged c2ce7f18f5648b74600fa98896de05c23b8573 [Category: Orphaned Hash Cache]
[2026-09-03 13:07:54] Purged cd388f16579db456f0173e630f7049d574abf4 [Category: Orphaned Hash Cache]
[2026-09-03 13:07:54] Purged e36c66a4059ce887fbf9f7f4f0b93b97ac9f14 [Category: Orphaned Hash Cache]
[2026-09-03 13:07:54] Purged 3bce5bbc8694afce2cf8ff1b09c273bcf6035c [Category: Orphaned Hash Cache]
[2026-09-03 13:07:54] Purged b0d1bd3c2aa16ddcfc44dbddf46b551aa0f955 [Category: Orphaned Hash Cache]
[2026-09-03 13:07:54] Purged c13049cae64cc6598a47f13d73e335a0fd598b [Category: Orphaned Hash Cache]
[2026-09-03 13:07:54] Purged 71a99b7328a85d50d55b53e41434e9357bbf1e [Category: Orphaned Hash Cache]
[2026-09-03 13:07:54] Purged 2fdb696c17c521d789653b00d572ce9b5ce1c7 [Category: Orphaned Hash Cache]
[2026-09-03 13:07:54] Purged 62795007f89aa9de867ad7a88a4d2e81dc7fcb [Category: Orphaned Hash Cache]
[2026-09-03 13:07:54] Purged 02a173a5b75bcb24f9bb16320856a073fc2459 [Category: Orphaned Hash Cache]
[2026-09-03 13:07:54] Purged 5e3f8f8429fa8fcf4394f0c05b4599e4c90e13 [Category: Orphaned Hash Cache]
[2026-09-03 13:07:54] Purged d4708f94d4696f36eb66366c18ccf8c489bd5c [Category: Orphaned Hash Cache]
[2026-09-03 13:07:54] Purged ca47e6821df0b235fc953e56556a2280bab221 [Category: Orphaned Hash Cache]
[2026-09-03 13:07:54] Purged tmp_obj_7RvfeG [Category: Temporary Artifact]
[2026-09-03 13:07:54] Purged tmp_obj_hIVvnB [Category: Temporary Artifact]
[2026-09-03 13:07:54] Purged 693bc8eaccea8f16f7efadacad8189fa062628 [Category: Orphaned Hash Cache]
[2026-09-03 13:07:54] Purged 1e59cd636513e06d11ee6cee91b28002ea3bba [Category: Orphaned Hash Cache]
[2026-09-03 13:07:54] Purged 495b7923dafacff59825eaa6c3d884ba921ac2 [Category: Orphaned Hash Cache]
[2026-09-03 13:07:54] Purged 6b224d99d20f11d286937265ac8508c223698a [Category: Orphaned Hash Cache]
[2026-09-03 13:07:54] Purged 1c957c26614c4b128503c64179cf9cb6771cdb [Category: Orphaned Hash Cache]
[2026-09-03 13:07:54] Purged 603da93e27902ec2244dd381064e09a36b3c99 [Category: Orphaned Hash Cache]
[2026-09-03 13:07:54] Purged 46f85fd763201b301eca56126c5457b460477d [Category: Orphaned Hash Cache]
[2026-09-03 13:07:54] Purged dca13667d9558cecc18efcaa5673242d1210ff [Category: Orphaned Hash Cache]
[2026-09-03 13:07:54] Purged ef271450a02d2d0f4f4c7d3767fa3920d8b8a7 [Category: Orphaned Hash Cache]
[2026-09-03 13:07:54] Purged 36848277646f2b2f1c4028aa81dd3446d59c41 [Category: Orphaned Hash Cache]
[2026-09-03 13:07:54] Purged b0a3d41361900dd907cc1c3f2047b7f07c2b5e [Category: Orphaned Hash Cache]
[2026-09-03 13:07:54] Purged ceeee0fe69de9d604f57dc14574a850e39f6df [Category: Orphaned Hash Cache]
[2026-09-03 13:07:54] Purged c9daf8b752a1bc0cc83edf1293d06611026f7a [Category: Orphaned Hash Cache]
[2026-09-03 13:07:54] Purged 775322d34e217cbeec2f98e16541581f5dab60 [Category: Orphaned Hash Cache]
[2026-09-03 13:07:54] Purged 9ca91b4c9d72e245e54ccf89c401e1ed28fab3 [Category: Orphaned Hash Cache]
[2026-09-03 13:07:54] Purged 20237c00b794b663731f92d10433007da8cfea [Category: Orphaned Hash Cache]
[2026-09-03 13:07:54] Purged 40695508a2e5e68680dfbc861d94bdc4bab8d6 [Category: Orphaned Hash Cache]
[2026-09-03 13:07:54] Purged f120f824baea1210bf3d24726dbd99e3374c93 [Category: Orphaned Hash Cache]
[2026-09-03 13:07:54] Purged 852d2eaf1467c9374442d1c4e42006ce538b46 [Category: Orphaned Hash Cache]
[2026-09-03 13:07:54] Purged 3e93d22dc3160c6985593aad3973988ffe99d0 [Category: Orphaned Hash Cache]
[2026-09-03 13:07:54] Purged 743babfb17f13fb925f7310b798b6cf3e48413 [Category: Orphaned Hash Cache]
[2026-09-03 13:07:54] Purged 6b99116eabb7fd8727458a0257334bde941070 [Category: Orphaned Hash Cache]
[2026-09-03 13:07:54] Purged 3bd0e7bde39bbe9aa298e104892ca46b93eebc [Category: Orphaned Hash Cache]
[2026-09-03 13:07:54] Purged a196bf0b8f9fd173114a1dc6d021942efe73a6 [Category: Orphaned Hash Cache]
[2026-09-03 13:07:54] Purged 881a1edf0c9afb0e768dffa039c97252d5c294 [Category: Orphaned Hash Cache]
[2026-09-03 13:07:54] Purged 531961840f3f4c85f0c456a9bc3f326c4e3523 [Category: Orphaned Hash Cache]
[2026-09-03 13:07:54] Purged c25e61a2857f3c3e286c61ccbbdadb315157bb [Category: Orphaned Hash Cache]
[2026-09-03 13:07:54] Purged 4e2eb32cd42bb98c6acae6b69e21abd7ae6810 [Category: Orphaned Hash Cache]
[2026-09-03 13:07:54] Purged ecb7c373b1704c9bfb403c07e6b857e29d8804 [Category: Orphaned Hash Cache]
[2026-09-03 13:07:54] Purged 6676e50215de47531310d473962acb78c31b98 [Category: Orphaned Hash Cache]
[2026-09-03 13:07:54] Purged 604ea5b892fab1148abea389a3c7cca590a09a [Category: Orphaned Hash Cache]
[2026-09-03 13:07:54] Purged 2a7b2103c53b06f0eb8069f3411f412f333e54 [Category: Orphaned Hash Cache]
[2026-09-03 13:07:54] Purged 9e4ea7a21ad5cd22c18e001ccf849f60c94d4f [Category: Orphaned Hash Cache]
[2026-09-03 13:07:54] Purged aaec1015a5cd59f56f8d00845e1875876c0b63 [Category: Orphaned Hash Cache]
[2026-09-03 13:07:54] Purged 14a2b5495215a662a06fe037db297b5f8556fa [Category: Orphaned Hash Cache]
[2026-09-03 13:07:54] Purged 06710fcb8314843c4d5d8f57990186c257d8dc [Category: Orphaned Hash Cache]
[2026-09-03 13:07:54] Purged 46ae4d4bbacef528174729d2113bef03aa7fa3 [Category: Orphaned Hash Cache]
[2026-09-03 13:07:54] Purged 73d695d015b2b933a408d8de6f9dcb2269594e [Category: Orphaned Hash Cache]
[2026-09-03 13:07:54] Purged 84aeaf157464ead17ed633973fb4876c2848ea [Category: Orphaned Hash Cache]
[2026-09-03 13:07:54] Purged 8c300af6b99aec25ec244adab876c5a98bd5d4 [Category: Orphaned Hash Cache]
[2026-09-03 13:07:54] Purged 3374c62311f7ceed1438e114630dde531c07e4 [Category: Orphaned Hash Cache]
[2026-09-03 13:07:54] Purged 163f8ca198c2d26426b740714d773c4b0f562e [Category: Orphaned Hash Cache]
[2026-09-03 13:07:54] Purged d6b2d405f5c58a7d2b04eea8c31ac6ea7866fb [Category: Orphaned Hash Cache]
[2026-09-03 13:07:54] Purged 146ece5e811aa218f6f6128c539ba9eb5f87e4 [Category: Orphaned Hash Cache]
[2026-09-03 13:07:54] Purged 6020a09350eb4a85cf0c156111bb9ec67d5017 [Category: Orphaned Hash Cache]
[2026-09-03 13:07:54] Purged 1aeb8ac3a1b6d479fa3959051db21a2f60d72c [Category: Orphaned Hash Cache]
[2026-09-03 13:07:54] Purged c37a9891d814ab9ac73e3061717fa3ebf27c0b [Category: Orphaned Hash Cache]
[2026-09-03 13:07:54] Purged 5a16cd326bf05fa1b3af0f43a907dea0f06d03 [Category: Orphaned Hash Cache]
[2026-09-03 13:07:54] Purged c2ce7f18f5648b74600fa98896de05c23b8573 [Category: Orphaned Hash Cache]
[2026-09-03 13:07:54] Purged cd388f16579db456f0173e630f7049d574abf4 [Category: Orphaned Hash Cache]
[2026-09-03 13:07:54] Purged e36c66a4059ce887fbf9f7f4f0b93b97ac9f14 [Category: Orphaned Hash Cache]
[2026-09-03 13:07:54] Purged 3bce5bbc8694afce2cf8ff1b09c273bcf6035c [Category: Orphaned Hash Cache]
[2026-09-03 13:07:54] Purged b0d1bd3c2aa16ddcfc44dbddf46b551aa0f955 [Category: Orphaned Hash Cache]
[2026-09-03 13:07:54] Purged c13049cae64cc6598a47f13d73e335a0fd598b [Category: Orphaned Hash Cache]
[2026-09-03 13:07:54] Purged 71a99b7328a85d50d55b53e41434e9357bbf1e [Category: Orphaned Hash Cache]
[2026-09-03 13:07:54] Purged 2fdb696c17c521d789653b00d572ce9b5ce1c7 [Category: Orphaned Hash Cache]
[2026-09-03 13:07:54] Purged 62795007f89aa9de867ad7a88a4d2e81dc7fcb [Category: Orphaned Hash Cache]
[2026-09-03 13:07:54] Purged 02a173a5b75bcb24f9bb16320856a073fc2459 [Category: Orphaned Hash Cache]
[2026-09-03 13:07:54] Purged 5e3f8f8429fa8fcf4394f0c05b4599e4c90e13 [Category: Orphaned Hash Cache]
[2026-09-03 13:07:54] Purged d4708f94d4696f36eb66366c18ccf8c489bd5c [Category: Orphaned Hash Cache]
[2026-09-03 13:07:54] Purged ca47e6821df0b235fc953e56556a2280bab221 [Category: Orphaned Hash Cache]
[2026-09-03 13:07:54] Purged tmp_obj_7RvfeG [Category: Temporary Artifact]
[2026-09-03 13:07:54] Purged tmp_obj_hIVvnB [Category: Temporary Artifact]
[2026-09-03 13:07:54] Purged 693bc8eaccea8f16f7efadacad8189fa062628 [Category: Orphaned Hash Cache]
[2026-09-03 13:07:54] Purged 1e59cd636513e06d11ee6cee91b28002ea3bba [Category: Orphaned Hash Cache]
[2026-09-03 13:07:54] Purged 495b7923dafacff59825eaa6c3d884ba921ac2 [Category: Orphaned Hash Cache]
[2026-09-03 13:07:54] Purged 6b224d99d20f11d286937265ac8508c223698a [Category: Orphaned Hash Cache]
[2026-09-03 13:07:54] Purged 1c957c26614c4b128503c64179cf9cb6771cdb [Category: Orphaned Hash Cache]
[2026-09-03 13:07:54] Purged 603da93e27902ec2244dd381064e09a36b3c99 [Category: Orphaned Hash Cache]
[2026-09-03 13:07:54] Purged 46f85fd763201b301eca56126c5457b460477d [Category: Orphaned Hash Cache]
[2026-09-03 13:07:54] Purged dca13667d9558cecc18efcaa5673242d1210ff [Category: Orphaned Hash Cache]
[2026-09-03 13:07:54] Purged ef271450a02d2d0f4f4c7d3767fa3920d8b8a7 [Category: Orphaned Hash Cache]
[2026-09-03 13:07:54] Purged 36848277646f2b2f1c4028aa81dd3446d59c41 [Category: Orphaned Hash Cache]
[2026-09-03 13:07:54] Purged b0a3d41361900dd907cc1c3f2047b7f07c2b5e [Category: Orphaned Hash Cache]
[2026-09-03 13:07:54] Purged ceeee0fe69de9d604f57dc14574a850e39f6df [Category: Orphaned Hash Cache]
[2026-09-03 13:07:54] Purged c9daf8b752a1bc0cc83edf1293d06611026f7a [Category: Orphaned Hash Cache]
[2026-09-03 13:07:54] Purged 775322d34e217cbeec2f98e16541581f5dab60 [Category: Orphaned Hash Cache]
[2026-09-03 13:07:54] Purged 9ca91b4c9d72e245e54ccf89c401e1ed28fab3 [Category: Orphaned Hash Cache]
[2026-09-03 13:07:54] Purged 20237c00b794b663731f92d10433007da8cfea [Category: Orphaned Hash Cache]
[2026-09-03 13:07:54] Purged 40695508a2e5e68680dfbc861d94bdc4bab8d6 [Category: Orphaned Hash Cache]
[2026-09-03 13:07:54] Purged f120f824baea1210bf3d24726dbd99e3374c93 [Category: Orphaned Hash Cache]
[2026-09-03 13:07:54] Purged 852d2eaf1467c9374442d1c4e42006ce538b46 [Category: Orphaned Hash Cache]
[2026-09-03 13:07:54] Purged 3e93d22dc3160c6985593aad3973988ffe99d0 [Category: Orphaned Hash Cache]
[2026-09-03 13:07:54] Purged 743babfb17f13fb925f7310b798b6cf3e48413 [Category: Orphaned Hash Cache]
[2026-09-03 13:07:54] Purged 6b99116eabb7fd8727458a0257334bde941070 [Category: Orphaned Hash Cache]
[2026-09-03 13:07:54] Purged 3bd0e7bde39bbe9aa298e104892ca46b93eebc [Category: Orphaned Hash Cache]
[2026-09-03 13:07:54] Purged a196bf0b8f9fd173114a1dc6d021942efe73a6 [Category: Orphaned Hash Cache]
[2026-09-03 13:07:54] Purged 881a1edf0c9afb0e768dffa039c97252d5c294 [Category: Orphaned Hash Cache]
[2026-09-03 13:07:54] Purged 531961840f3f4c85f0c456a9bc3f326c4e3523 [Category: Orphaned Hash Cache]
[2026-09-03 13:07:54] Purged c25e61a2857f3c3e286c61ccbbdadb315157bb [Category: Orphaned Hash Cache]
[2026-09-03 13:07:54] Purged 4e2eb32cd42bb98c6acae6b69e21abd7ae6810 [Category: Orphaned Hash Cache]
[2026-09-03 13:07:54] Purged ecb7c373b1704c9bfb403c07e6b857e29d8804 [Category: Orphaned Hash Cache]
[2026-09-03 13:07:54] Purged 6676e50215de47531310d473962acb78c31b98 [Category: Orphaned Hash Cache]
[2026-09-03 13:07:54] Purged 604ea5b892fab1148abea389a3c7cca590a09a [Category: Orphaned Hash Cache]
[2026-09-03 13:07:54] Purged 2a7b2103c53b06f0eb8069f3411f412f333e54 [Category: Orphaned Hash Cache]
[2026-09-03 13:07:54] Purged 9e4ea7a21ad5cd22c18e001ccf849f60c94d4f [Category: Orphaned Hash Cache]
[2026-09-03 13:07:54] Purged aaec1015a5cd59f56f8d00845e1875876c0b63 [Category: Orphaned Hash Cache]
[2026-09-03 13:07:54] Purged 14a2b5495215a662a06fe037db297b5f8556fa [Category: Orphaned Hash Cache]
[2026-09-03 13:07:54] Purged 06710fcb8314843c4d5d8f57990186c257d8dc [Category: Orphaned Hash Cache]
[2026-09-03 13:07:54] Purged 46ae4d4bbacef528174729d2113bef03aa7fa3 [Category: Orphaned Hash Cache]
[2026-09-03 13:07:54] Purged 73d695d015b2b933a408d8de6f9dcb2269594e [Category: Orphaned Hash Cache]
[2026-09-03 13:07:54] Purged 84aeaf157464ead17ed633973fb4876c2848ea [Category: Orphaned Hash Cache]
[2026-09-03 13:07:54] Purged 8c300af6b99aec25ec244adab876c5a98bd5d4 [Category: Orphaned Hash Cache]
[2026-09-03 13:07:54] Purged 3374c62311f7ceed1438e114630dde531c07e4 [Category: Orphaned Hash Cache]
[2026-09-03 13:07:54] Purged 163f8ca198c2d26426b740714d773c4b0f562e [Category: Orphaned Hash Cache]
[2026-09-03 13:07:54] Purged d6b2d405f5c58a7d2b04eea8c31ac6ea7866fb [Category: Orphaned Hash Cache]
[2026-09-03 13:07:54] Purged 146ece5e811aa218f6f6128c539ba9eb5f87e4 [Category: Orphaned Hash Cache]
[2026-09-03 13:07:54] Purged 6020a09350eb4a85cf0c156111bb9ec67d5017 [Category: Orphaned Hash Cache]
[2026-09-03 13:07:54] Purged 1aeb8ac3a1b6d479fa3959051db21a2f60d72c [Category: Orphaned Hash Cache]
[2026-09-03 13:07:54] Purged c37a9891d814ab9ac73e3061717fa3ebf27c0b [Category: Orphaned Hash Cache]
[2026-09-03 13:07:54] Purged 5a16cd326bf05fa1b3af0f43a907dea0f06d03 [Category: Orphaned Hash Cache]
[2026-09-03 13:07:54] Purged c2ce7f18f5648b74600fa98896de05c23b8573 [Category: Orphaned Hash Cache]
[2026-09-03 13:07:54] Purged cd388f16579db456f0173e630f7049d574abf4 [Category: Orphaned Hash Cache]
[2026-09-03 13:07:54] Purged e36c66a4059ce887fbf9f7f4f0b93b97ac9f14 [Category: Orphaned Hash Cache]
[2026-09-03 13:07:54] Purged 3bce5bbc8694afce2cf8ff1b09c273bcf6035c [Category: Orphaned Hash Cache]
[2026-09-03 13:07:54] Purged b0d1bd3c2aa16ddcfc44dbddf46b551aa0f955 [Category: Orphaned Hash Cache]
[2026-09-03 13:07:54] Purged c13049cae64cc6598a47f13d73e335a0fd598b [Category: Orphaned Hash Cache]
[2026-09-03 13:07:54] Purged 71a99b7328a85d50d55b53e41434e9357bbf1e [Category: Orphaned Hash Cache]
[2026-09-03 13:07:54] Purged 2fdb696c17c521d789653b00d572ce9b5ce1c7 [Category: Orphaned Hash Cache]
[2026-09-03 13:07:54] Purged 62795007f89aa9de867ad7a88a4d2e81dc7fcb [Category: Orphaned Hash Cache]
[2026-09-03 13:07:54] Purged 02a173a5b75bcb24f9bb16320856a073fc2459 [Category: Orphaned Hash Cache]
[2026-09-03 13:07:54] Purged 5e3f8f8429fa8fcf4394f0c05b4599e4c90e13 [Category: Orphaned Hash Cache]
[2026-09-03 13:07:54] Purged d4708f94d4696f36eb66366c18ccf8c489bd5c [Category: Orphaned Hash Cache]
[2026-09-03 13:07:54] Purged ca47e6821df0b235fc953e56556a2280bab221 [Category: Orphaned Hash Cache]
[2026-09-03 13:07:54] Purged tmp_obj_7RvfeG [Category: Temporary Artifact]
[2026-09-03 13:07:54] Purged tmp_obj_hIVvnB [Category: Temporary Artifact]
[2026-09-03 13:07:54] Purged 693bc8eaccea8f16f7efadacad8189fa062628 [Category: Orphaned Hash Cache]
[2026-09-03 13:07:54] Purged 1e59cd636513e06d11ee6cee91b28002ea3bba [Category: Orphaned Hash Cache]
[2026-09-03 13:07:54] Purged 495b7923dafacff59825eaa6c3d884ba921ac2 [Category: Orphaned Hash Cache]
[2026-09-03 13:07:54] Purged 6b224d99d20f11d286937265ac8508c223698a [Category: Orphaned Hash Cache]
[2026-09-03 13:07:54] Purged 1c957c26614c4b128503c64179cf9cb6771cdb [Category: Orphaned Hash Cache]
[2026-09-03 13:07:54] Purged 603da93e27902ec2244dd381064e09a36b3c99 [Category: Orphaned Hash Cache]
[2026-09-03 13:07:54] Purged 46f85fd763201b301eca56126c5457b460477d [Category: Orphaned Hash Cache]
[2026-09-03 13:07:54] Purged dca13667d9558cecc18efcaa5673242d1210ff [Category: Orphaned Hash Cache]
[2026-09-03 13:07:54] Purged ef271450a02d2d0f4f4c7d3767fa3920d8b8a7 [Category: Orphaned Hash Cache]
[2026-09-03 13:07:54] Purged 36848277646f2b2f1c4028aa81dd3446d59c41 [Category: Orphaned Hash Cache]
[2026-09-03 13:07:54] Purged b0a3d41361900dd907cc1c3f2047b7f07c2b5e [Category: Orphaned Hash Cache]
[2026-09-03 13:07:54] Purged ceeee0fe69de9d604f57dc14574a850e39f6df [Category: Orphaned Hash Cache]
[2026-09-03 13:07:54] Purged c9daf8b752a1bc0cc83edf1293d06611026f7a [Category: Orphaned Hash Cache]
[2026-09-03 13:07:54] Purged 775322d34e217cbeec2f98e16541581f5dab60 [Category: Orphaned Hash Cache]
[2026-09-03 13:07:54] Purged 9ca91b4c9d72e245e54ccf89c401e1ed28fab3 [Category: Orphaned Hash Cache]
[2026-09-03 13:07:54] Purged 20237c00b794b663731f92d10433007da8cfea [Category: Orphaned Hash Cache]
[2026-09-03 13:07:54] Purged 40695508a2e5e68680dfbc861d94bdc4bab8d6 [Category: Orphaned Hash Cache]
[2026-09-03 13:07:54] Purged f120f824baea1210bf3d24726dbd99e3374c93 [Category: Orphaned Hash Cache]
[2026-09-03 13:07:54] Purged 852d2eaf1467c9374442d1c4e42006ce538b46 [Category: Orphaned Hash Cache]
[2026-09-03 13:07:54] Purged 3e93d22dc3160c6985593aad3973988ffe99d0 [Category: Orphaned Hash Cache]
[2026-09-03 13:07:54] Purged 743babfb17f13fb925f7310b798b6cf3e48413 [Category: Orphaned Hash Cache]
[2026-09-03 13:07:54] Purged 6b99116eabb7fd8727458a0257334bde941070 [Category: Orphaned Hash Cache]
[2026-09-03 13:07:54] Purged 3bd0e7bde39bbe9aa298e104892ca46b93eebc [Category: Orphaned Hash Cache]
[2026-09-03 13:07:54] Purged a196bf0b8f9fd173114a1dc6d021942efe73a6 [Category: Orphaned Hash Cache]
[2026-09-03 13:07:54] Purged en_US-amy-medium.onnx [Category: Large Binary Blob]
[2026-09-03 13:07:54] Purged 881a1edf0c9afb0e768dffa039c97252d5c294 [Category: Orphaned Hash Cache]
[2026-09-03 13:07:54] Purged 531961840f3f4c85f0c456a9bc3f326c4e3523 [Category: Orphaned Hash Cache]
[2026-09-03 13:07:54] Purged c25e61a2857f3c3e286c61ccbbdadb315157bb [Category: Orphaned Hash Cache]
[2026-09-03 13:07:54] Purged 4e2eb32cd42bb98c6acae6b69e21abd7ae6810 [Category: Orphaned Hash Cache]
[2026-09-03 13:07:54] Purged ecb7c373b1704c9bfb403c07e6b857e29d8804 [Category: Orphaned Hash Cache]
[2026-09-03 13:07:54] Purged 6676e50215de47531310d473962acb78c31b98 [Category: Orphaned Hash Cache]
[2026-09-03 13:07:54] Purged 604ea5b892fab1148abea389a3c7cca590a09a [Category: Orphaned Hash Cache]
[2026-09-03 13:07:54] Purged 2a7b2103c53b06f0eb8069f3411f412f333e54 [Category: Orphaned Hash Cache]
[2026-09-03 13:07:54] Purged 9e4ea7a21ad5cd22c18e001ccf849f60c94d4f [Category: Orphaned Hash Cache]
[2026-09-03 13:07:54] Purged aaec1015a5cd59f56f8d00845e1875876c0b63 [Category: Orphaned Hash Cache]
[2026-09-03 13:07:54] Purged 14a2b5495215a662a06fe037db297b5f8556fa [Category: Orphaned Hash Cache]
[2026-09-03 13:07:54] Purged 06710fcb8314843c4d5d8f57990186c257d8dc [Category: Orphaned Hash Cache]
[2026-09-03 13:07:54] Purged 46ae4d4bbacef528174729d2113bef03aa7fa3 [Category: Orphaned Hash Cache]
[2026-09-03 13:07:54] Purged 73d695d015b2b933a408d8de6f9dcb2269594e [Category: Orphaned Hash Cache]
[2026-09-03 13:07:54] Purged 84aeaf157464ead17ed633973fb4876c2848ea [Category: Orphaned Hash Cache]
[2026-09-03 13:07:54] Purged 8c300af6b99aec25ec244adab876c5a98bd5d4 [Category: Orphaned Hash Cache]
[2026-09-03 13:07:54] Purged 3374c62311f7ceed1438e114630dde531c07e4 [Category: Orphaned Hash Cache]
[2026-09-03 13:07:54] Purged 163f8ca198c2d26426b740714d773c4b0f562e [Category: Orphaned Hash Cache]
[2026-09-03 13:07:54] Purged d6b2d405f5c58a7d2b04eea8c31ac6ea7866fb [Category: Orphaned Hash Cache]
[2026-09-03 13:07:54] Purged 146ece5e811aa218f6f6128c539ba9eb5f87e4 [Category: Orphaned Hash Cache]
[2026-09-03 13:07:54] Purged 6020a09350eb4a85cf0c156111bb9ec67d5017 [Category: Orphaned Hash Cache]
[2026-09-03 13:07:54] Purged 1aeb8ac3a1b6d479fa3959051db21a2f60d72c [Category: Orphaned Hash Cache]
[2026-09-03 13:07:54] Purged c37a9891d814ab9ac73e3061717fa3ebf27c0b [Category: Orphaned Hash Cache]
[2026-09-03 13:07:54] Purged 5a16cd326bf05fa1b3af0f43a907dea0f06d03 [Category: Orphaned Hash Cache]
[2026-09-03 13:07:54] Purged c2ce7f18f5648b74600fa98896de05c23b8573 [Category: Orphaned Hash Cache]
[2026-09-03 13:07:54] Purged cd388f16579db456f0173e630f7049d574abf4 [Category: Orphaned Hash Cache]
[2026-09-03 13:07:54] Purged e36c66a4059ce887fbf9f7f4f0b93b97ac9f14 [Category: Orphaned Hash Cache]
[2026-09-03 13:07:54] Purged 3bce5bbc8694afce2cf8ff1b09c273bcf6035c [Category: Orphaned Hash Cache]
[2026-09-03 13:07:54] Purged b0d1bd3c2aa16ddcfc44dbddf46b551aa0f955 [Category: Orphaned Hash Cache]
[2026-09-03 13:07:54] Purged c13049cae64cc6598a47f13d73e335a0fd598b [Category: Orphaned Hash Cache]
[2026-09-03 13:07:54] Purged 71a99b7328a85d50d55b53e41434e9357bbf1e [Category: Orphaned Hash Cache]
[2026-09-03 13:07:54] Purged 2fdb696c17c521d789653b00d572ce9b5ce1c7 [Category: Orphaned Hash Cache]
[2026-09-03 13:07:54] Purged 62795007f89aa9de867ad7a88a4d2e81dc7fcb [Category: Orphaned Hash Cache]
[2026-09-03 13:07:54] Purged 02a173a5b75bcb24f9bb16320856a073fc2459 [Category: Orphaned Hash Cache]
[2026-09-03 13:07:54] Purged 5e3f8f8429fa8fcf4394f0c05b4599e4c90e13 [Category: Orphaned Hash Cache]
[2026-09-03 13:07:54] Purged d4708f94d4696f36eb66366c18ccf8c489bd5c [Category: Orphaned Hash Cache]
[2026-09-03 13:07:54] Purged ca47e6821df0b235fc953e56556a2280bab221 [Category: Orphaned Hash Cache]
[2026-09-03 13:07:54] Purged tmp_obj_7RvfeG [Category: Temporary Artifact]
[2026-09-03 13:07:54] Purged tmp_obj_hIVvnB [Category: Temporary Artifact]
[2026-09-03 13:07:54] Purged 693bc8eaccea8f16f7efadacad8189fa062628 [Category: Orphaned Hash Cache]
[2026-09-03 13:07:54] Purged 1e59cd636513e06d11ee6cee91b28002ea3bba [Category: Orphaned Hash Cache]
[2026-09-03 13:07:54] Purged 495b7923dafacff59825eaa6c3d884ba921ac2 [Category: Orphaned Hash Cache]
[2026-09-03 13:07:54] Purged 6b224d99d20f11d286937265ac8508c223698a [Category: Orphaned Hash Cache]
[2026-09-03 13:07:54] Purged 1c957c26614c4b128503c64179cf9cb6771cdb [Category: Orphaned Hash Cache]
[2026-09-03 13:07:54] Purged 603da93e27902ec2244dd381064e09a36b3c99 [Category: Orphaned Hash Cache]
[2026-09-03 13:07:54] Purged 46f85fd763201b301eca56126c5457b460477d [Category: Orphaned Hash Cache]
[2026-09-03 13:07:54] Purged dca13667d9558cecc18efcaa5673242d1210ff [Category: Orphaned Hash Cache]
[2026-09-03 13:07:54] Purged ef271450a02d2d0f4f4c7d3767fa3920d8b8a7 [Category: Orphaned Hash Cache]
[2026-09-03 13:07:54] Purged 36848277646f2b2f1c4028aa81dd3446d59c41 [Category: Orphaned Hash Cache]
[2026-09-03 13:07:54] Purged b0a3d41361900dd907cc1c3f2047b7f07c2b5e [Category: Orphaned Hash Cache]
[2026-09-03 13:07:54] Purged ceeee0fe69de9d604f57dc14574a850e39f6df [Category: Orphaned Hash Cache]
[2026-09-03 13:07:54] Purged c9daf8b752a1bc0cc83edf1293d06611026f7a [Category: Orphaned Hash Cache]
[2026-09-03 13:07:54] Purged 775322d34e217cbeec2f98e16541581f5dab60 [Category: Orphaned Hash Cache]
[2026-09-03 13:07:54] Purged 9ca91b4c9d72e245e54ccf89c401e1ed28fab3 [Category: Orphaned Hash Cache]
[2026-09-03 13:07:54] Purged 20237c00b794b663731f92d10433007da8cfea [Category: Orphaned Hash Cache]
[2026-09-03 13:07:54] Purged 40695508a2e5e68680dfbc861d94bdc4bab8d6 [Category: Orphaned Hash Cache]
[2026-09-03 13:07:54] Purged f120f824baea1210bf3d24726dbd99e3374c93 [Category: Orphaned Hash Cache]
[2026-09-03 13:07:54] Purged 852d2eaf1467c9374442d1c4e42006ce538b46 [Category: Orphaned Hash Cache]
[2026-09-03 13:07:54] Purged 3e93d22dc3160c6985593aad3973988ffe99d0 [Category: Orphaned Hash Cache]
[2026-09-03 13:07:54] Purged 743babfb17f13fb925f7310b798b6cf3e48413 [Category: Orphaned Hash Cache]
[2026-09-03 13:07:54] Purged 6b99116eabb7fd8727458a0257334bde941070 [Category: Orphaned Hash Cache]
[2026-09-03 13:07:54] Purged 3bd0e7bde39bbe9aa298e104892ca46b93eebc [Category: Orphaned Hash Cache]
[2026-09-03 13:07:54] Purged a196bf0b8f9fd173114a1dc6d021942efe73a6 [Category: Orphaned Hash Cache]
[2026-09-03 13:07:54] Purged 881a1edf0c9afb0e768dffa039c97252d5c294 [Category: Orphaned Hash Cache]
[2026-09-03 13:07:54] Purged 531961840f3f4c85f0c456a9bc3f326c4e3523 [Category: Orphaned Hash Cache]
[2026-09-03 13:07:54] Purged c25e61a2857f3c3e286c61ccbbdadb315157bb [Category: Orphaned Hash Cache]
[2026-09-03 13:07:54] Purged 4e2eb32cd42bb98c6acae6b69e21abd7ae6810 [Category: Orphaned Hash Cache]
[2026-09-03 13:07:54] Purged ecb7c373b1704c9bfb403c07e6b857e29d8804 [Category: Orphaned Hash Cache]
[2026-09-03 13:07:54] Purged 6676e50215de47531310d473962acb78c31b98 [Category: Orphaned Hash Cache]
[2026-09-03 13:07:54] Purged 604ea5b892fab1148abea389a3c7cca590a09a [Category: Orphaned Hash Cache]
[2026-09-03 13:07:54] Purged 2a7b2103c53b06f0eb8069f3411f412f333e54 [Category: Orphaned Hash Cache]
[2026-09-03 13:07:54] Purged 9e4ea7a21ad5cd22c18e001ccf849f60c94d4f [Category: Orphaned Hash Cache]
[2026-09-03 13:07:54] Purged aaec1015a5cd59f56f8d00845e1875876c0b63 [Category: Orphaned Hash Cache]
[2026-09-03 13:07:54] Purged 14a2b5495215a662a06fe037db297b5f8556fa [Category: Orphaned Hash Cache]
[2026-09-03 13:07:54] Purged 06710fcb8314843c4d5d8f57990186c257d8dc [Category: Orphaned Hash Cache]
[2026-09-03 13:07:54] Purged 46ae4d4bbacef528174729d2113bef03aa7fa3 [Category: Orphaned Hash Cache]
[2026-09-03 13:07:54] Purged 73d695d015b2b933a408d8de6f9dcb2269594e [Category: Orphaned Hash Cache]
[2026-09-03 13:07:54] Purged 84aeaf157464ead17ed633973fb4876c2848ea [Category: Orphaned Hash Cache]
[2026-09-03 13:07:54] Purged 8c300af6b99aec25ec244adab876c5a98bd5d4 [Category: Orphaned Hash Cache]
[2026-09-03 13:07:54] Purged 3374c62311f7ceed1438e114630dde531c07e4 [Category: Orphaned Hash Cache]
[2026-09-03 13:07:54] Purged 163f8ca198c2d26426b740714d773c4b0f562e [Category: Orphaned Hash Cache]
[2026-09-03 13:07:54] Purged d6b2d405f5c58a7d2b04eea8c31ac6ea7866fb [Category: Orphaned Hash Cache]
[2026-09-03 13:07:54] Purged 146ece5e811aa218f6f6128c539ba9eb5f87e4 [Category: Orphaned Hash Cache]
[2026-09-03 13:07:54] Purged 6020a09350eb4a85cf0c156111bb9ec67d5017 [Category: Orphaned Hash Cache]
[2026-09-03 13:07:54] Purged 1aeb8ac3a1b6d479fa3959051db21a2f60d72c [Category: Orphaned Hash Cache]
[2026-09-03 13:07:54] Purged c37a9891d814ab9ac73e3061717fa3ebf27c0b [Category: Orphaned Hash Cache]
[2026-09-03 13:07:54] Purged 5a16cd326bf05fa1b3af0f43a907dea0f06d03 [Category: Orphaned Hash Cache]
[2026-09-03 13:07:54] Purged c2ce7f18f5648b74600fa98896de05c23b8573 [Category: Orphaned Hash Cache]
[2026-09-03 13:07:54] Purged cd388f16579db456f0173e630f7049d574abf4 [Category: Orphaned Hash Cache]
[2026-09-03 13:07:54] Purged e36c66a4059ce887fbf9f7f4f0b93b97ac9f14 [Category: Orphaned Hash Cache]
[2026-09-03 13:07:54] Purged 3bce5bbc8694afce2cf8ff1b09c273bcf6035c [Category: Orphaned Hash Cache]
[2026-09-03 13:07:54] Purged b0d1bd3c2aa16ddcfc44dbddf46b551aa0f955 [Category: Orphaned Hash Cache]
[2026-09-03 13:07:54] Purged c13049cae64cc6598a47f13d73e335a0fd598b [Category: Orphaned Hash Cache]
[2026-09-03 13:07:54] Purged 71a99b7328a85d50d55b53e41434e9357bbf1e [Category: Orphaned Hash Cache]
[2026-09-03 13:07:54] Purged 2fdb696c17c521d789653b00d572ce9b5ce1c7 [Category: Orphaned Hash Cache]
[2026-09-03 13:07:54] Purged 62795007f89aa9de867ad7a88a4d2e81dc7fcb [Category: Orphaned Hash Cache]
[2026-09-03 13:07:54] Purged 02a173a5b75bcb24f9bb16320856a073fc2459 [Category: Orphaned Hash Cache]
[2026-09-03 13:07:54] Purged 5e3f8f8429fa8fcf4394f0c05b4599e4c90e13 [Category: Orphaned Hash Cache]
[2026-09-03 13:07:54] Purged d4708f94d4696f36eb66366c18ccf8c489bd5c [Category: Orphaned Hash Cache]
[2026-09-03 13:07:54] Purged ca47e6821df0b235fc953e56556a2280bab221 [Category: Orphaned Hash Cache]
[2026-09-03 13:07:54] Purged tmp_obj_7RvfeG [Category: Temporary Artifact]
[2026-09-03 13:07:54] Purged tmp_obj_hIVvnB [Category: Temporary Artifact]
[2026-09-03 13:07:54] Purged 693bc8eaccea8f16f7efadacad8189fa062628 [Category: Orphaned Hash Cache]
[2026-09-03 13:07:54] Purged 1e59cd636513e06d11ee6cee91b28002ea3bba [Category: Orphaned Hash Cache]
[2026-09-03 13:07:54] Purged 495b7923dafacff59825eaa6c3d884ba921ac2 [Category: Orphaned Hash Cache]
[2026-09-03 13:07:54] Purged 6b224d99d20f11d286937265ac8508c223698a [Category: Orphaned Hash Cache]
[2026-09-03 13:07:54] Purged 1c957c26614c4b128503c64179cf9cb6771cdb [Category: Orphaned Hash Cache]
[2026-09-03 13:07:54] Purged 603da93e27902ec2244dd381064e09a36b3c99 [Category: Orphaned Hash Cache]
[2026-09-03 13:07:54] Purged 46f85fd763201b301eca56126c5457b460477d [Category: Orphaned Hash Cache]
[2026-09-03 13:07:54] Purged dca13667d9558cecc18efcaa5673242d1210ff [Category: Orphaned Hash Cache]
[2026-09-03 13:07:54] Purged ef271450a02d2d0f4f4c7d3767fa3920d8b8a7 [Category: Orphaned Hash Cache]
[2026-09-03 13:07:54] Purged 36848277646f2b2f1c4028aa81dd3446d59c41 [Category: Orphaned Hash Cache]
[2026-09-03 13:07:54] Purged b0a3d41361900dd907cc1c3f2047b7f07c2b5e [Category: Orphaned Hash Cache]
[2026-09-03 13:07:54] Purged ceeee0fe69de9d604f57dc14574a850e39f6df [Category: Orphaned Hash Cache]
[2026-09-03 13:07:54] Purged c9daf8b752a1bc0cc83edf1293d06611026f7a [Category: Orphaned Hash Cache]
[2026-09-03 13:07:54] Purged 775322d34e217cbeec2f98e16541581f5dab60 [Category: Orphaned Hash Cache]
[2026-09-03 13:07:54] Purged 9ca91b4c9d72e245e54ccf89c401e1ed28fab3 [Category: Orphaned Hash Cache]
[2026-09-03 13:07:54] Purged 20237c00b794b663731f92d10433007da8cfea [Category: Orphaned Hash Cache]
[2026-09-03 13:07:54] Purged 40695508a2e5e68680dfbc861d94bdc4bab8d6 [Category: Orphaned Hash Cache]
[2026-09-03 13:07:54] Purged f120f824baea1210bf3d24726dbd99e3374c93 [Category: Orphaned Hash Cache]
[2026-09-03 13:07:54] Purged 852d2eaf1467c9374442d1c4e42006ce538b46 [Category: Orphaned Hash Cache]
[2026-09-03 13:07:54] Purged 3e93d22dc3160c6985593aad3973988ffe99d0 [Category: Orphaned Hash Cache]
[2026-09-03 13:07:54] Purged 743babfb17f13fb925f7310b798b6cf3e48413 [Category: Orphaned Hash Cache]
[2026-09-03 13:07:54] Purged 6b99116eabb7fd8727458a0257334bde941070 [Category: Orphaned Hash Cache]
[2026-09-03 13:07:54] Purged 3bd0e7bde39bbe9aa298e104892ca46b93eebc [Category: Orphaned Hash Cache]
[2026-09-03 13:07:54] Purged a196bf0b8f9fd173114a1dc6d021942efe73a6 [Category: Orphaned Hash Cache]
[2026-09-03 13:07:54] Purged 881a1edf0c9afb0e768dffa039c97252d5c294 [Category: Orphaned Hash Cache]
[2026-09-03 13:07:54] Purged 531961840f3f4c85f0c456a9bc3f326c4e3523 [Category: Orphaned Hash Cache]
[2026-09-03 13:07:54] Purged c25e61a2857f3c3e286c61ccbbdadb315157bb [Category: Orphaned Hash Cache]
[2026-09-03 13:07:54] Purged 4e2eb32cd42bb98c6acae6b69e21abd7ae6810 [Category: Orphaned Hash Cache]
[2026-09-03 13:07:54] Purged ecb7c373b1704c9bfb403c07e6b857e29d8804 [Category: Orphaned Hash Cache]
[2026-09-03 13:07:54] Purged 6676e50215de47531310d473962acb78c31b98 [Category: Orphaned Hash Cache]
[2026-09-03 13:07:54] Purged 604ea5b892fab1148abea389a3c7cca590a09a [Category: Orphaned Hash Cache]
[2026-09-03 13:07:54] Purged 2a7b2103c53b06f0eb8069f3411f412f333e54 [Category: Orphaned Hash Cache]
[2026-09-03 13:07:54] Purged 9e4ea7a21ad5cd22c18e001ccf849f60c94d4f [Category: Orphaned Hash Cache]
[2026-09-03 13:07:54] Purged aaec1015a5cd59f56f8d00845e1875876c0b63 [Category: Orphaned Hash Cache]
[2026-09-03 13:07:54] Purged 14a2b5495215a662a06fe037db297b5f8556fa [Category: Orphaned Hash Cache]
[2026-09-03 13:07:54] Purged 06710fcb8314843c4d5d8f57990186c257d8dc [Category: Orphaned Hash Cache]
[2026-09-03 13:07:54] Purged 46ae4d4bbacef528174729d2113bef03aa7fa3 [Category: Orphaned Hash Cache]
[2026-09-03 13:07:54] Purged 73d695d015b2b933a408d8de6f9dcb2269594e [Category: Orphaned Hash Cache]
[2026-09-03 13:07:54] Purged 84aeaf157464ead17ed633973fb4876c2848ea [Category: Orphaned Hash Cache]
[2026-09-03 13:07:54] Purged 8c300af6b99aec25ec244adab876c5a98bd5d4 [Category: Orphaned Hash Cache]
[2026-09-03 13:07:54] Purged 3374c62311f7ceed1438e114630dde531c07e4 [Category: Orphaned Hash Cache]
[2026-09-03 13:07:54] Purged 163f8ca198c2d26426b740714d773c4b0f562e [Category: Orphaned Hash Cache]
[2026-09-03 13:07:54] Purged d6b2d405f5c58a7d2b04eea8c31ac6ea7866fb [Category: Orphaned Hash Cache]
[2026-09-03 13:07:54] Purged 146ece5e811aa218f6f6128c539ba9eb5f87e4 [Category: Orphaned Hash Cache]
[2026-09-03 13:07:54] Purged 6020a09350eb4a85cf0c156111bb9ec67d5017 [Category: Orphaned Hash Cache]
[2026-09-03 13:07:54] Purged 1aeb8ac3a1b6d479fa3959051db21a2f60d72c [Category: Orphaned Hash Cache]
[2026-09-03 13:07:54] Purged c37a9891d814ab9ac73e3061717fa3ebf27c0b [Category: Orphaned Hash Cache]
[2026-09-03 13:07:54] Purged 5a16cd326bf05fa1b3af0f43a907dea0f06d03 [Category: Orphaned Hash Cache]
[2026-09-03 13:07:54] Purged c2ce7f18f5648b74600fa98896de05c23b8573 [Category: Orphaned Hash Cache]
[2026-09-03 13:07:54] Purged cd388f16579db456f0173e630f7049d574abf4 [Category: Orphaned Hash Cache]
[2026-09-03 13:07:54] Purged e36c66a4059ce887fbf9f7f4f0b93b97ac9f14 [Category: Orphaned Hash Cache]
[2026-09-03 13:07:54] Purged 3bce5bbc8694afce2cf8ff1b09c273bcf6035c [Category: Orphaned Hash Cache]
[2026-09-03 13:07:54] Purged b0d1bd3c2aa16ddcfc44dbddf46b551aa0f955 [Category: Orphaned Hash Cache]
[2026-09-03 13:07:54] Purged c13049cae64cc6598a47f13d73e335a0fd598b [Category: Orphaned Hash Cache]
[2026-09-03 13:07:54] Purged 71a99b7328a85d50d55b53e41434e9357bbf1e [Category: Orphaned Hash Cache]
[2026-09-03 13:07:54] Purged 2fdb696c17c521d789653b00d572ce9b5ce1c7 [Category: Orphaned Hash Cache]
[2026-09-03 13:07:54] Purged 62795007f89aa9de867ad7a88a4d2e81dc7fcb [Category: Orphaned Hash Cache]
[2026-09-03 13:07:54] Purged 02a173a5b75bcb24f9bb16320856a073fc2459 [Category: Orphaned Hash Cache]
[2026-09-03 13:07:54] Purged 5e3f8f8429fa8fcf4394f0c05b4599e4c90e13 [Category: Orphaned Hash Cache]
[2026-09-03 13:07:54] Purged d4708f94d4696f36eb66366c18ccf8c489bd5c [Category: Orphaned Hash Cache]
[2026-09-03 13:07:54] Purged ca47e6821df0b235fc953e56556a2280bab221 [Category: Orphaned Hash Cache]
[2026-09-03 13:07:54] Purged tmp_obj_7RvfeG [Category: Temporary Artifact]
[2026-09-03 13:07:54] Purged tmp_obj_hIVvnB [Category: Temporary Artifact]
[2026-09-03 13:07:54] Purged 693bc8eaccea8f16f7efadacad8189fa062628 [Category: Orphaned Hash Cache]
[2026-09-03 13:07:54] Purged 1e59cd636513e06d11ee6cee91b28002ea3bba [Category: Orphaned Hash Cache]
[2026-09-03 13:07:54] Purged 495b7923dafacff59825eaa6c3d884ba921ac2 [Category: Orphaned Hash Cache]
[2026-09-03 13:07:54] Purged 6b224d99d20f11d286937265ac8508c223698a [Category: Orphaned Hash Cache]
[2026-09-03 13:07:54] Purged 1c957c26614c4b128503c64179cf9cb6771cdb [Category: Orphaned Hash Cache]
[2026-09-03 13:07:54] Purged 603da93e27902ec2244dd381064e09a36b3c99 [Category: Orphaned Hash Cache]
[2026-09-03 13:07:54] Purged 46f85fd763201b301eca56126c5457b460477d [Category: Orphaned Hash Cache]
[2026-09-03 13:07:54] Purged dca13667d9558cecc18efcaa5673242d1210ff [Category: Orphaned Hash Cache]
[2026-09-03 13:07:54] Purged ef271450a02d2d0f4f4c7d3767fa3920d8b8a7 [Category: Orphaned Hash Cache]
[2026-09-03 13:07:54] Purged 36848277646f2b2f1c4028aa81dd3446d59c41 [Category: Orphaned Hash Cache]
[2026-09-03 13:07:54] Purged b0a3d41361900dd907cc1c3f2047b7f07c2b5e [Category: Orphaned Hash Cache]
[2026-09-03 13:07:54] Purged ceeee0fe69de9d604f57dc14574a850e39f6df [Category: Orphaned Hash Cache]
[2026-09-03 13:07:54] Purged c9daf8b752a1bc0cc83edf1293d06611026f7a [Category: Orphaned Hash Cache]
[2026-09-03 13:07:54] Purged 775322d34e217cbeec2f98e16541581f5dab60 [Category: Orphaned Hash Cache]
[2026-09-03 13:07:54] Purged 9ca91b4c9d72e245e54ccf89c401e1ed28fab3 [Category: Orphaned Hash Cache]
[2026-09-03 13:07:54] Purged 20237c00b794b663731f92d10433007da8cfea [Category: Orphaned Hash Cache]
[2026-09-03 13:07:54] Purged 40695508a2e5e68680dfbc861d94bdc4bab8d6 [Category: Orphaned Hash Cache]
[2026-09-03 13:07:54] Purged f120f824baea1210bf3d24726dbd99e3374c93 [Category: Orphaned Hash Cache]
[2026-09-03 13:07:54] Purged 852d2eaf1467c9374442d1c4e42006ce538b46 [Category: Orphaned Hash Cache]
[2026-09-03 13:07:54] Purged 3e93d22dc3160c6985593aad3973988ffe99d0 [Category: Orphaned Hash Cache]
[2026-09-03 13:07:54] Purged 743babfb17f13fb925f7310b798b6cf3e48413 [Category: Orphaned Hash Cache]
[2026-09-03 13:07:54] Purged 6b99116eabb7fd8727458a0257334bde941070 [Category: Orphaned Hash Cache]
[2026-09-03 13:07:54] Purged 3bd0e7bde39bbe9aa298e104892ca46b93eebc [Category: Orphaned Hash Cache]
[2026-09-03 13:07:54] Purged a196bf0b8f9fd173114a1dc6d021942efe73a6 [Category: Orphaned Hash Cache]
[2026-09-03 13:07:54] Purged en_US-amy-medium.onnx [Category: Large Binary Blob]
[2026-09-03 13:07:54] Purged 881a1edf0c9afb0e768dffa039c97252d5c294 [Category: Orphaned Hash Cache]
[2026-09-03 13:07:54] Purged 531961840f3f4c85f0c456a9bc3f326c4e3523 [Category: Orphaned Hash Cache]
[2026-09-03 13:07:54] Purged c25e61a2857f3c3e286c61ccbbdadb315157bb [Category: Orphaned Hash Cache]
[2026-09-03 13:07:54] Purged 4e2eb32cd42bb98c6acae6b69e21abd7ae6810 [Category: Orphaned Hash Cache]
[2026-09-03 13:07:54] Purged ecb7c373b1704c9bfb403c07e6b857e29d8804 [Category: Orphaned Hash Cache]
[2026-09-03 13:07:54] Purged 6676e50215de47531310d473962acb78c31b98 [Category: Orphaned Hash Cache]
[2026-09-03 13:07:54] Purged 604ea5b892fab1148abea389a3c7cca590a09a [Category: Orphaned Hash Cache]
[2026-09-03 13:07:54] Purged 2a7b2103c53b06f0eb8069f3411f412f333e54 [Category: Orphaned Hash Cache]
[2026-09-03 13:07:54] Purged 9e4ea7a21ad5cd22c18e001ccf849f60c94d4f [Category: Orphaned Hash Cache]
[2026-09-03 13:07:54] Purged aaec1015a5cd59f56f8d00845e1875876c0b63 [Category: Orphaned Hash Cache]
[2026-09-03 13:07:54] Purged 14a2b5495215a662a06fe037db297b5f8556fa [Category: Orphaned Hash Cache]
[2026-09-03 13:07:54] Purged 06710fcb8314843c4d5d8f57990186c257d8dc [Category: Orphaned Hash Cache]
[2026-09-03 13:07:54] Purged 46ae4d4bbacef528174729d2113bef03aa7fa3 [Category: Orphaned Hash Cache]
[2026-09-03 13:07:54] Purged 73d695d015b2b933a408d8de6f9dcb2269594e [Category: Orphaned Hash Cache]
[2026-09-03 13:07:54] Purged 84aeaf157464ead17ed633973fb4876c2848ea [Category: Orphaned Hash Cache]
[2026-09-03 13:07:54] Purged 8c300af6b99aec25ec244adab876c5a98bd5d4 [Category: Orphaned Hash Cache]
[2026-09-03 13:07:54] Purged 3374c62311f7ceed1438e114630dde531c07e4 [Category: Orphaned Hash Cache]
[2026-09-03 13:07:54] Purged 163f8ca198c2d26426b740714d773c4b0f562e [Category: Orphaned Hash Cache]
[2026-09-03 13:07:54] Purged d6b2d405f5c58a7d2b04eea8c31ac6ea7866fb [Category: Orphaned Hash Cache]
[2026-09-03 13:07:54] Purged 146ece5e811aa218f6f6128c539ba9eb5f87e4 [Category: Orphaned Hash Cache]
[2026-09-03 13:07:54] Purged 6020a09350eb4a85cf0c156111bb9ec67d5017 [Category: Orphaned Hash Cache]
[2026-09-03 13:07:54] Purged 1aeb8ac3a1b6d479fa3959051db21a2f60d72c [Category: Orphaned Hash Cache]
[2026-09-03 13:07:54] Purged c37a9891d814ab9ac73e3061717fa3ebf27c0b [Category: Orphaned Hash Cache]
[2026-09-03 13:07:54] Purged 5a16cd326bf05fa1b3af0f43a907dea0f06d03 [Category: Orphaned Hash Cache]
[2026-09-03 13:07:54] Purged c2ce7f18f5648b74600fa98896de05c23b8573 [Category: Orphaned Hash Cache]
[2026-09-03 13:07:54] Purged cd388f16579db456f0173e630f7049d574abf4 [Category: Orphaned Hash Cache]
[2026-09-03 13:07:54] Purged e36c66a4059ce887fbf9f7f4f0b93b97ac9f14 [Category: Orphaned Hash Cache]
[2026-09-03 13:07:54] Purged 3bce5bbc8694afce2cf8ff1b09c273bcf6035c [Category: Orphaned Hash Cache]
[2026-09-03 13:07:54] Purged b0d1bd3c2aa16ddcfc44dbddf46b551aa0f955 [Category: Orphaned Hash Cache]
[2026-09-03 13:07:54] Purged c13049cae64cc6598a47f13d73e335a0fd598b [Category: Orphaned Hash Cache]
[2026-09-03 13:07:54] Purged 71a99b7328a85d50d55b53e41434e9357bbf1e [Category: Orphaned Hash Cache]
[2026-09-03 13:07:54] Purged 2fdb696c17c521d789653b00d572ce9b5ce1c7 [Category: Orphaned Hash Cache]
[2026-09-03 13:07:54] Purged 62795007f89aa9de867ad7a88a4d2e81dc7fcb [Category: Orphaned Hash Cache]
[2026-09-03 13:07:54] Purged 02a173a5b75bcb24f9bb16320856a073fc2459 [Category: Orphaned Hash Cache]
[2026-09-03 13:07:54] Purged 5e3f8f8429fa8fcf4394f0c05b4599e4c90e13 [Category: Orphaned Hash Cache]
[2026-09-03 13:07:54] Purged d4708f94d4696f36eb66366c18ccf8c489bd5c [Category: Orphaned Hash Cache]
[2026-09-03 13:07:54] Purged ca47e6821df0b235fc953e56556a2280bab221 [Category: Orphaned Hash Cache]
[2026-09-03 13:07:54] Purged tmp_obj_7RvfeG [Category: Temporary Artifact]
[2026-09-03 13:07:54] Purged tmp_obj_hIVvnB [Category: Temporary Artifact]
[2026-09-03 13:07:54] Purged 693bc8eaccea8f16f7efadacad8189fa062628 [Category: Orphaned Hash Cache]
[2026-09-03 13:07:54] Purged 1e59cd636513e06d11ee6cee91b28002ea3bba [Category: Orphaned Hash Cache]
[2026-09-03 13:07:54] Purged 495b7923dafacff59825eaa6c3d884ba921ac2 [Category: Orphaned Hash Cache]
[2026-09-03 13:07:54] Purged 6b224d99d20f11d286937265ac8508c223698a [Category: Orphaned Hash Cache]
[2026-09-03 13:07:54] Purged 1c957c26614c4b128503c64179cf9cb6771cdb [Category: Orphaned Hash Cache]
[2026-09-03 13:07:54] Purged 603da93e27902ec2244dd381064e09a36b3c99 [Category: Orphaned Hash Cache]
[2026-09-03 13:07:54] Purged 46f85fd763201b301eca56126c5457b460477d [Category: Orphaned Hash Cache]
[2026-09-03 13:07:54] Purged dca13667d9558cecc18efcaa5673242d1210ff [Category: Orphaned Hash Cache]
[2026-09-03 13:07:54] Purged ef271450a02d2d0f4f4c7d3767fa3920d8b8a7 [Category: Orphaned Hash Cache]
[2026-09-03 13:07:54] Purged 36848277646f2b2f1c4028aa81dd3446d59c41 [Category: Orphaned Hash Cache]
[2026-09-03 13:07:54] Purged b0a3d41361900dd907cc1c3f2047b7f07c2b5e [Category: Orphaned Hash Cache]
[2026-09-03 13:07:54] Purged ceeee0fe69de9d604f57dc14574a850e39f6df [Category: Orphaned Hash Cache]
[2026-09-03 13:07:54] Purged c9daf8b752a1bc0cc83edf1293d06611026f7a [Category: Orphaned Hash Cache]
[2026-09-03 13:07:54] Purged 775322d34e217cbeec2f98e16541581f5dab60 [Category: Orphaned Hash Cache]
[2026-09-03 13:07:54] Purged 9ca91b4c9d72e245e54ccf89c401e1ed28fab3 [Category: Orphaned Hash Cache]
[2026-09-03 13:07:54] Purged 20237c00b794b663731f92d10433007da8cfea [Category: Orphaned Hash Cache]
[2026-09-03 13:07:54] Purged 40695508a2e5e68680dfbc861d94bdc4bab8d6 [Category: Orphaned Hash Cache]
[2026-09-03 13:07:54] Purged f120f824baea1210bf3d24726dbd99e3374c93 [Category: Orphaned Hash Cache]
[2026-09-03 13:07:54] Purged 852d2eaf1467c9374442d1c4e42006ce538b46 [Category: Orphaned Hash Cache]
[2026-09-03 13:07:54] Purged 3e93d22dc3160c6985593aad3973988ffe99d0 [Category: Orphaned Hash Cache]
[2026-09-03 13:07:54] Purged 743babfb17f13fb925f7310b798b6cf3e48413 [Category: Orphaned Hash Cache]
[2026-09-03 13:07:54] Purged 6b99116eabb7fd8727458a0257334bde941070 [Category: Orphaned Hash Cache]
[2026-09-03 13:07:54] Purged 3bd0e7bde39bbe9aa298e104892ca46b93eebc [Category: Orphaned Hash Cache]
[2026-09-03 13:07:54] Purged a196bf0b8f9fd173114a1dc6d021942efe73a6 [Category: Orphaned Hash Cache]
[2026-09-03 13:07:54] Purged 881a1edf0c9afb0e768dffa039c97252d5c294 [Category: Orphaned Hash Cache]
[2026-09-03 13:07:54] Purged 531961840f3f4c85f0c456a9bc3f326c4e3523 [Category: Orphaned Hash Cache]
[2026-09-03 13:07:54] Purged c25e61a2857f3c3e286c61ccbbdadb315157bb [Category: Orphaned Hash Cache]
[2026-09-03 13:07:54] Purged 4e2eb32cd42bb98c6acae6b69e21abd7ae6810 [Category: Orphaned Hash Cache]
[2026-09-03 13:07:54] Purged ecb7c373b1704c9bfb403c07e6b857e29d8804 [Category: Orphaned Hash Cache]
[2026-09-03 13:07:54] Purged 6676e50215de47531310d473962acb78c31b98 [Category: Orphaned Hash Cache]
[2026-09-03 13:07:54] Purged 604ea5b892fab1148abea389a3c7cca590a09a [Category: Orphaned Hash Cache]
[2026-09-03 13:07:54] Purged 2a7b2103c53b06f0eb8069f3411f412f333e54 [Category: Orphaned Hash Cache]
[2026-09-03 13:07:54] Purged 9e4ea7a21ad5cd22c18e001ccf849f60c94d4f [Category: Orphaned Hash Cache]
[2026-09-03 13:07:54] Purged aaec1015a5cd59f56f8d00845e1875876c0b63 [Category: Orphaned Hash Cache]
[2026-09-03 13:07:54] Purged 14a2b5495215a662a06fe037db297b5f8556fa [Category: Orphaned Hash Cache]
[2026-09-03 13:07:54] Purged 06710fcb8314843c4d5d8f57990186c257d8dc [Category: Orphaned Hash Cache]
[2026-09-03 13:07:54] Purged 46ae4d4bbacef528174729d2113bef03aa7fa3 [Category: Orphaned Hash Cache]
[2026-09-03 13:07:54] Purged 73d695d015b2b933a408d8de6f9dcb2269594e [Category: Orphaned Hash Cache]
[2026-09-03 13:07:54] Purged 84aeaf157464ead17ed633973fb4876c2848ea [Category: Orphaned Hash Cache]
[2026-09-03 13:07:54] Purged 8c300af6b99aec25ec244adab876c5a98bd5d4 [Category: Orphaned Hash Cache]
[2026-09-03 13:07:54] Purged 3374c62311f7ceed1438e114630dde531c07e4 [Category: Orphaned Hash Cache]
[2026-09-03 13:07:54] Purged 163f8ca198c2d26426b740714d773c4b0f562e [Category: Orphaned Hash Cache]
[2026-09-03 13:07:54] Purged d6b2d405f5c58a7d2b04eea8c31ac6ea7866fb [Category: Orphaned Hash Cache]
[2026-09-03 13:07:54] Purged 146ece5e811aa218f6f6128c539ba9eb5f87e4 [Category: Orphaned Hash Cache]
[2026-09-03 13:07:54] Purged 6020a09350eb4a85cf0c156111bb9ec67d5017 [Category: Orphaned Hash Cache]
[2026-09-03 13:07:54] Purged 1aeb8ac3a1b6d479fa3959051db21a2f60d72c [Category: Orphaned Hash Cache]
[2026-09-03 13:07:54] Purged c37a9891d814ab9ac73e3061717fa3ebf27c0b [Category: Orphaned Hash Cache]
[2026-09-03 13:07:54] Purged 5a16cd326bf05fa1b3af0f43a907dea0f06d03 [Category: Orphaned Hash Cache]
[2026-09-03 13:07:54] Purged c2ce7f18f5648b74600fa98896de05c23b8573 [Category: Orphaned Hash Cache]
[2026-09-03 13:07:54] Purged cd388f16579db456f0173e630f7049d574abf4 [Category: Orphaned Hash Cache]
[2026-09-03 13:07:54] Purged e36c66a4059ce887fbf9f7f4f0b93b97ac9f14 [Category: Orphaned Hash Cache]
[2026-09-03 13:07:54] Purged 3bce5bbc8694afce2cf8ff1b09c273bcf6035c [Category: Orphaned Hash Cache]
[2026-09-03 13:07:54] Purged b0d1bd3c2aa16ddcfc44dbddf46b551aa0f955 [Category: Orphaned Hash Cache]
[2026-09-03 13:07:54] Purged c13049cae64cc6598a47f13d73e335a0fd598b [Category: Orphaned Hash Cache]
[2026-09-03 13:07:54] Purged 71a99b7328a85d50d55b53e41434e9357bbf1e [Category: Orphaned Hash Cache]
[2026-09-03 13:07:54] Purged 2fdb696c17c521d789653b00d572ce9b5ce1c7 [Category: Orphaned Hash Cache]
[2026-09-03 13:07:54] Purged 62795007f89aa9de867ad7a88a4d2e81dc7fcb [Category: Orphaned Hash Cache]
[2026-09-03 13:07:54] Purged 02a173a5b75bcb24f9bb16320856a073fc2459 [Category: Orphaned Hash Cache]
[2026-09-03 13:07:54] Purged 5e3f8f8429fa8fcf4394f0c05b4599e4c90e13 [Category: Orphaned Hash Cache]
[2026-09-03 13:07:54] Purged d4708f94d4696f36eb66366c18ccf8c489bd5c [Category: Orphaned Hash Cache]
[2026-09-03 13:07:54] Purged ca47e6821df0b235fc953e56556a2280bab221 [Category: Orphaned Hash Cache]
[2026-09-03 13:07:54] Purged tmp_obj_7RvfeG [Category: Temporary Artifact]
[2026-09-03 13:07:54] Purged tmp_obj_hIVvnB [Category: Temporary Artifact]
[2026-09-03 13:07:54] Purged 693bc8eaccea8f16f7efadacad8189fa062628 [Category: Orphaned Hash Cache]
[2026-09-03 13:07:54] Purged 1e59cd636513e06d11ee6cee91b28002ea3bba [Category: Orphaned Hash Cache]
[2026-09-03 13:07:54] Purged 495b7923dafacff59825eaa6c3d884ba921ac2 [Category: Orphaned Hash Cache]
[2026-09-03 13:07:54] Purged 6b224d99d20f11d286937265ac8508c223698a [Category: Orphaned Hash Cache]
[2026-09-03 13:07:54] Purged 1c957c26614c4b128503c64179cf9cb6771cdb [Category: Orphaned Hash Cache]
[2026-09-03 13:07:54] Purged 603da93e27902ec2244dd381064e09a36b3c99 [Category: Orphaned Hash Cache]
[2026-09-03 13:07:54] Purged 46f85fd763201b301eca56126c5457b460477d [Category: Orphaned Hash Cache]
[2026-09-03 13:07:54] Purged dca13667d9558cecc18efcaa5673242d1210ff [Category: Orphaned Hash Cache]
[2026-09-03 13:07:54] Purged ef271450a02d2d0f4f4c7d3767fa3920d8b8a7 [Category: Orphaned Hash Cache]
[2026-09-03 13:07:54] Purged 36848277646f2b2f1c4028aa81dd3446d59c41 [Category: Orphaned Hash Cache]
[2026-09-03 13:07:54] Purged b0a3d41361900dd907cc1c3f2047b7f07c2b5e [Category: Orphaned Hash Cache]
[2026-09-03 13:07:54] Purged ceeee0fe69de9d604f57dc14574a850e39f6df [Category: Orphaned Hash Cache]
[2026-09-03 13:07:54] Purged c9daf8b752a1bc0cc83edf1293d06611026f7a [Category: Orphaned Hash Cache]
[2026-09-03 13:07:54] Purged 775322d34e217cbeec2f98e16541581f5dab60 [Category: Orphaned Hash Cache]
[2026-09-03 13:07:54] Purged 9ca91b4c9d72e245e54ccf89c401e1ed28fab3 [Category: Orphaned Hash Cache]
[2026-09-03 13:07:54] Purged 20237c00b794b663731f92d10433007da8cfea [Category: Orphaned Hash Cache]
[2026-09-03 13:07:54] Purged 40695508a2e5e68680dfbc861d94bdc4bab8d6 [Category: Orphaned Hash Cache]
[2026-09-03 13:07:54] Purged f120f824baea1210bf3d24726dbd99e3374c93 [Category: Orphaned Hash Cache]
[2026-09-03 13:07:54] Purged 852d2eaf1467c9374442d1c4e42006ce538b46 [Category: Orphaned Hash Cache]
[2026-09-03 13:07:54] Purged 3e93d22dc3160c6985593aad3973988ffe99d0 [Category: Orphaned Hash Cache]
[2026-09-03 13:07:54] Purged 743babfb17f13fb925f7310b798b6cf3e48413 [Category: Orphaned Hash Cache]
[2026-09-03 13:07:54] Purged 6b99116eabb7fd8727458a0257334bde941070 [Category: Orphaned Hash Cache]
[2026-09-03 13:07:54] Purged 3bd0e7bde39bbe9aa298e104892ca46b93eebc [Category: Orphaned Hash Cache]
[2026-09-03 13:07:54] Purged a196bf0b8f9fd173114a1dc6d021942efe73a6 [Category: Orphaned Hash Cache]
[2026-09-03 13:07:54] Purged 881a1edf0c9afb0e768dffa039c97252d5c294 [Category: Orphaned Hash Cache]
[2026-09-03 13:07:54] Purged 531961840f3f4c85f0c456a9bc3f326c4e3523 [Category: Orphaned Hash Cache]
[2026-09-03 13:07:54] Purged c25e61a2857f3c3e286c61ccbbdadb315157bb [Category: Orphaned Hash Cache]
[2026-09-03 13:07:54] Purged 4e2eb32cd42bb98c6acae6b69e21abd7ae6810 [Category: Orphaned Hash Cache]
[2026-09-03 13:07:54] Purged ecb7c373b1704c9bfb403c07e6b857e29d8804 [Category: Orphaned Hash Cache]
[2026-09-03 13:07:54] Purged 6676e50215de47531310d473962acb78c31b98 [Category: Orphaned Hash Cache]
[2026-09-03 13:07:54] Purged 604ea5b892fab1148abea389a3c7cca590a09a [Category: Orphaned Hash Cache]
[2026-09-03 13:07:54] Purged 2a7b2103c53b06f0eb8069f3411f412f333e54 [Category: Orphaned Hash Cache]
[2026-09-03 13:07:54] Purged 9e4ea7a21ad5cd22c18e001ccf849f60c94d4f [Category: Orphaned Hash Cache]
[2026-09-03 13:07:54] Purged aaec1015a5cd59f56f8d00845e1875876c0b63 [Category: Orphaned Hash Cache]
[2026-09-03 13:07:54] Purged 14a2b5495215a662a06fe037db297b5f8556fa [Category: Orphaned Hash Cache]
[2026-09-03 13:07:54] Purged 06710fcb8314843c4d5d8f57990186c257d8dc [Category: Orphaned Hash Cache]
[2026-09-03 13:07:54] Purged 46ae4d4bbacef528174729d2113bef03aa7fa3 [Category: Orphaned Hash Cache]
[2026-09-03 13:07:54] Purged 73d695d015b2b933a408d8de6f9dcb2269594e [Category: Orphaned Hash Cache]
[2026-09-03 13:07:54] Purged 84aeaf157464ead17ed633973fb4876c2848ea [Category: Orphaned Hash Cache]
[2026-09-03 13:07:54] Purged 8c300af6b99aec25ec244adab876c5a98bd5d4 [Category: Orphaned Hash Cache]
[2026-09-03 13:07:54] Purged 3374c62311f7ceed1438e114630dde531c07e4 [Category: Orphaned Hash Cache]
[2026-09-03 13:07:54] Purged 163f8ca198c2d26426b740714d773c4b0f562e [Category: Orphaned Hash Cache]
[2026-09-03 13:07:54] Purged d6b2d405f5c58a7d2b04eea8c31ac6ea7866fb [Category: Orphaned Hash Cache]
[2026-09-03 13:07:54] Purged 146ece5e811aa218f6f6128c539ba9eb5f87e4 [Category: Orphaned Hash Cache]
[2026-09-03 13:07:54] Purged 6020a09350eb4a85cf0c156111bb9ec67d5017 [Category: Orphaned Hash Cache]
[2026-09-03 13:07:54] Purged 1aeb8ac3a1b6d479fa3959051db21a2f60d72c [Category: Orphaned Hash Cache]
[2026-09-03 13:07:54] Purged c37a9891d814ab9ac73e3061717fa3ebf27c0b [Category: Orphaned Hash Cache]
[2026-09-03 13:07:54] Purged 5a16cd326bf05fa1b3af0f43a907dea0f06d03 [Category: Orphaned Hash Cache]
[2026-09-03 13:07:54] Purged c2ce7f18f5648b74600fa98896de05c23b8573 [Category: Orphaned Hash Cache]
[2026-09-03 13:07:54] Purged cd388f16579db456f0173e630f7049d574abf4 [Category: Orphaned Hash Cache]
[2026-09-03 13:07:54] Purged e36c66a4059ce887fbf9f7f4f0b93b97ac9f14 [Category: Orphaned Hash Cache]
[2026-09-03 13:07:54] Purged 3bce5bbc8694afce2cf8ff1b09c273bcf6035c [Category: Orphaned Hash Cache]
[2026-09-03 13:07:54] Purged b0d1bd3c2aa16ddcfc44dbddf46b551aa0f955 [Category: Orphaned Hash Cache]
[2026-09-03 13:07:54] Purged c13049cae64cc6598a47f13d73e335a0fd598b [Category: Orphaned Hash Cache]
[2026-09-03 13:07:54] Purged 71a99b7328a85d50d55b53e41434e9357bbf1e [Category: Orphaned Hash Cache]
[2026-09-03 13:07:54] Purged 2fdb696c17c521d789653b00d572ce9b5ce1c7 [Category: Orphaned Hash Cache]
[2026-09-03 13:07:54] Purged 62795007f89aa9de867ad7a88a4d2e81dc7fcb [Category: Orphaned Hash Cache]
[2026-09-03 13:07:54] Purged 02a173a5b75bcb24f9bb16320856a073fc2459 [Category: Orphaned Hash Cache]
[2026-09-03 13:07:54] Purged 5e3f8f8429fa8fcf4394f0c05b4599e4c90e13 [Category: Orphaned Hash Cache]
[2026-09-03 13:07:54] Purged d4708f94d4696f36eb66366c18ccf8c489bd5c [Category: Orphaned Hash Cache]
[2026-09-03 13:07:54] Purged ca47e6821df0b235fc953e56556a2280bab221 [Category: Orphaned Hash Cache]
[2026-09-03 13:07:54] Purged tmp_obj_7RvfeG [Category: Temporary Artifact]
[2026-09-03 13:07:54] Purged tmp_obj_hIVvnB [Category: Temporary Artifact]
[2026-09-03 13:07:54] Purged 693bc8eaccea8f16f7efadacad8189fa062628 [Category: Orphaned Hash Cache]
[2026-09-03 13:07:54] Purged 1e59cd636513e06d11ee6cee91b28002ea3bba [Category: Orphaned Hash Cache]
[2026-09-03 13:07:54] Purged 495b7923dafacff59825eaa6c3d884ba921ac2 [Category: Orphaned Hash Cache]
[2026-09-03 13:07:54] Purged 6b224d99d20f11d286937265ac8508c223698a [Category: Orphaned Hash Cache]
[2026-09-03 13:07:54] Purged 1c957c26614c4b128503c64179cf9cb6771cdb [Category: Orphaned Hash Cache]
[2026-09-03 13:07:54] Purged 603da93e27902ec2244dd381064e09a36b3c99 [Category: Orphaned Hash Cache]
[2026-09-03 13:07:54] Purged 46f85fd763201b301eca56126c5457b460477d [Category: Orphaned Hash Cache]
[2026-09-03 13:07:54] Purged dca13667d9558cecc18efcaa5673242d1210ff [Category: Orphaned Hash Cache]
[2026-09-03 13:07:54] Purged ef271450a02d2d0f4f4c7d3767fa3920d8b8a7 [Category: Orphaned Hash Cache]
[2026-09-03 13:07:54] Purged 36848277646f2b2f1c4028aa81dd3446d59c41 [Category: Orphaned Hash Cache]
[2026-09-03 13:07:54] Purged b0a3d41361900dd907cc1c3f2047b7f07c2b5e [Category: Orphaned Hash Cache]
[2026-09-03 13:07:54] Purged ceeee0fe69de9d604f57dc14574a850e39f6df [Category: Orphaned Hash Cache]
[2026-09-03 13:07:54] Purged c9daf8b752a1bc0cc83edf1293d06611026f7a [Category: Orphaned Hash Cache]
[2026-09-03 13:07:54] Purged 775322d34e217cbeec2f98e16541581f5dab60 [Category: Orphaned Hash Cache]
[2026-09-03 13:07:54] Purged 9ca91b4c9d72e245e54ccf89c401e1ed28fab3 [Category: Orphaned Hash Cache]
[2026-09-03 13:07:54] Purged 20237c00b794b663731f92d10433007da8cfea [Category: Orphaned Hash Cache]
[2026-09-03 13:07:54] Purged 40695508a2e5e68680dfbc861d94bdc4bab8d6 [Category: Orphaned Hash Cache]
[2026-09-03 13:07:54] Purged f120f824baea1210bf3d24726dbd99e3374c93 [Category: Orphaned Hash Cache]
[2026-09-03 13:07:54] Purged 852d2eaf1467c9374442d1c4e42006ce538b46 [Category: Orphaned Hash Cache]
[2026-09-03 13:07:54] Purged 3e93d22dc3160c6985593aad3973988ffe99d0 [Category: Orphaned Hash Cache]
[2026-09-03 13:07:54] Purged 743babfb17f13fb925f7310b798b6cf3e48413 [Category: Orphaned Hash Cache]
[2026-09-03 13:07:54] Purged 6b99116eabb7fd8727458a0257334bde941070 [Category: Orphaned Hash Cache]
[2026-09-03 13:07:54] Purged 3bd0e7bde39bbe9aa298e104892ca46b93eebc [Category: Orphaned Hash Cache]
[2026-09-03 13:07:54] Purged a196bf0b8f9fd173114a1dc6d021942efe73a6 [Category: Orphaned Hash Cache]
[2026-09-03 13:07:54] Purged en_US-amy-medium.onnx [Category: Large Binary Blob]
[2026-09-03 13:07:54] Purged 881a1edf0c9afb0e768dffa039c97252d5c294 [Category: Orphaned Hash Cache]
[2026-09-03 13:07:54] Purged 531961840f3f4c85f0c456a9bc3f326c4e3523 [Category: Orphaned Hash Cache]
[2026-09-03 13:07:54] Purged c25e61a2857f3c3e286c61ccbbdadb315157bb [Category: Orphaned Hash Cache]
[2026-09-03 13:07:54] Purged 4e2eb32cd42bb98c6acae6b69e21abd7ae6810 [Category: Orphaned Hash Cache]
[2026-09-03 13:07:54] Purged ecb7c373b1704c9bfb403c07e6b857e29d8804 [Category: Orphaned Hash Cache]
[2026-09-03 13:07:54] Purged 6676e50215de47531310d473962acb78c31b98 [Category: Orphaned Hash Cache]
[2026-09-03 13:07:54] Purged 604ea5b892fab1148abea389a3c7cca590a09a [Category: Orphaned Hash Cache]
[2026-09-03 13:07:54] Purged 2a7b2103c53b06f0eb8069f3411f412f333e54 [Category: Orphaned Hash Cache]
[2026-09-03 13:07:54] Purged 9e4ea7a21ad5cd22c18e001ccf849f60c94d4f [Category: Orphaned Hash Cache]
[2026-09-03 13:07:54] Purged aaec1015a5cd59f56f8d00845e1875876c0b63 [Category: Orphaned Hash Cache]
[2026-09-03 13:07:54] Purged 14a2b5495215a662a06fe037db297b5f8556fa [Category: Orphaned Hash Cache]
[2026-09-03 13:07:54] Purged 06710fcb8314843c4d5d8f57990186c257d8dc [Category: Orphaned Hash Cache]
[2026-09-03 13:07:54] Purged 46ae4d4bbacef528174729d2113bef03aa7fa3 [Category: Orphaned Hash Cache]
[2026-09-03 13:07:54] Purged 73d695d015b2b933a408d8de6f9dcb2269594e [Category: Orphaned Hash Cache]
[2026-09-03 13:07:54] Purged 84aeaf157464ead17ed633973fb4876c2848ea [Category: Orphaned Hash Cache]
[2026-09-03 13:07:54] Purged 8c300af6b99aec25ec244adab876c5a98bd5d4 [Category: Orphaned Hash Cache]
[2026-09-03 13:07:54] Purged 3374c62311f7ceed1438e114630dde531c07e4 [Category: Orphaned Hash Cache]
[2026-09-03 13:07:54] Purged 163f8ca198c2d26426b740714d773c4b0f562e [Category: Orphaned Hash Cache]
[2026-09-03 13:07:54] Purged d6b2d405f5c58a7d2b04eea8c31ac6ea7866fb [Category: Orphaned Hash Cache]
[2026-09-03 13:07:54] Purged 146ece5e811aa218f6f6128c539ba9eb5f87e4 [Category: Orphaned Hash Cache]
[2026-09-03 13:07:54] Purged 6020a09350eb4a85cf0c156111bb9ec67d5017 [Category: Orphaned Hash Cache]
[2026-09-03 13:07:54] Purged 1aeb8ac3a1b6d479fa3959051db21a2f60d72c [Category: Orphaned Hash Cache]
[2026-09-03 13:07:54] Purged c37a9891d814ab9ac73e3061717fa3ebf27c0b [Category: Orphaned Hash Cache]
[2026-09-03 13:07:54] Purged 5a16cd326bf05fa1b3af0f43a907dea0f06d03 [Category: Orphaned Hash Cache]
[2026-09-03 13:07:54] Purged c2ce7f18f5648b74600fa98896de05c23b8573 [Category: Orphaned Hash Cache]
[2026-09-03 13:07:54] Purged cd388f16579db456f0173e630f7049d574abf4 [Category: Orphaned Hash Cache]
[2026-09-03 13:07:54] Purged e36c66a4059ce887fbf9f7f4f0b93b97ac9f14 [Category: Orphaned Hash Cache]
[2026-09-03 13:07:54] Purged 3bce5bbc8694afce2cf8ff1b09c273bcf6035c [Category: Orphaned Hash Cache]
[2026-09-03 13:07:54] Purged b0d1bd3c2aa16ddcfc44dbddf46b551aa0f955 [Category: Orphaned Hash Cache]
[2026-09-03 13:07:54] Purged c13049cae64cc6598a47f13d73e335a0fd598b [Category: Orphaned Hash Cache]
[2026-09-03 13:07:54] Purged 71a99b7328a85d50d55b53e41434e9357bbf1e [Category: Orphaned Hash Cache]
[2026-09-03 13:07:54] Purged 2fdb696c17c521d789653b00d572ce9b5ce1c7 [Category: Orphaned Hash Cache]
[2026-09-03 13:07:54] Purged 62795007f89aa9de867ad7a88a4d2e81dc7fcb [Category: Orphaned Hash Cache]
[2026-09-03 13:07:54] Purged 02a173a5b75bcb24f9bb16320856a073fc2459 [Category: Orphaned Hash Cache]
[2026-09-03 13:07:54] Purged 5e3f8f8429fa8fcf4394f0c05b4599e4c90e13 [Category: Orphaned Hash Cache]
[2026-09-03 13:07:54] Purged d4708f94d4696f36eb66366c18ccf8c489bd5c [Category: Orphaned Hash Cache]
[2026-09-03 13:07:54] Purged ca47e6821df0b235fc953e56556a2280bab221 [Category: Orphaned Hash Cache]
[2026-09-03 13:07:54] Purged tmp_obj_7RvfeG [Category: Temporary Artifact]
[2026-09-03 13:07:54] Purged tmp_obj_hIVvnB [Category: Temporary Artifact]
[2026-09-03 13:07:54] Purged 693bc8eaccea8f16f7efadacad8189fa062628 [Category: Orphaned Hash Cache]
[2026-09-03 13:07:54] Purged 1e59cd636513e06d11ee6cee91b28002ea3bba [Category: Orphaned Hash Cache]
[2026-09-03 13:07:54] Purged 495b7923dafacff59825eaa6c3d884ba921ac2 [Category: Orphaned Hash Cache]
[2026-09-03 13:07:54] Purged 6b224d99d20f11d286937265ac8508c223698a [Category: Orphaned Hash Cache]
[2026-09-03 13:07:54] Purged 1c957c26614c4b128503c64179cf9cb6771cdb [Category: Orphaned Hash Cache]
[2026-09-03 13:07:54] Purged 603da93e27902ec2244dd381064e09a36b3c99 [Category: Orphaned Hash Cache]
[2026-09-03 13:07:54] Purged 46f85fd763201b301eca56126c5457b460477d [Category: Orphaned Hash Cache]
[2026-09-03 13:07:54] Purged dca13667d9558cecc18efcaa5673242d1210ff [Category: Orphaned Hash Cache]
[2026-09-03 13:07:54] Purged ef271450a02d2d0f4f4c7d3767fa3920d8b8a7 [Category: Orphaned Hash Cache]
[2026-09-03 13:07:54] Purged 36848277646f2b2f1c4028aa81dd3446d59c41 [Category: Orphaned Hash Cache]
[2026-09-03 13:07:54] Purged b0a3d41361900dd907cc1c3f2047b7f07c2b5e [Category: Orphaned Hash Cache]
[2026-09-03 13:07:54] Purged ceeee0fe69de9d604f57dc14574a850e39f6df [Category: Orphaned Hash Cache]
[2026-09-03 13:07:54] Purged c9daf8b752a1bc0cc83edf1293d06611026f7a [Category: Orphaned Hash Cache]
[2026-09-03 13:07:54] Purged 775322d34e217cbeec2f98e16541581f5dab60 [Category: Orphaned Hash Cache]
[2026-09-03 13:07:54] Purged 9ca91b4c9d72e245e54ccf89c401e1ed28fab3 [Category: Orphaned Hash Cache]
[2026-09-03 13:07:54] Purged 20237c00b794b663731f92d10433007da8cfea [Category: Orphaned Hash Cache]
[2026-09-03 13:07:54] Purged 40695508a2e5e68680dfbc861d94bdc4bab8d6 [Category: Orphaned Hash Cache]
[2026-09-03 13:07:54] Purged f120f824baea1210bf3d24726dbd99e3374c93 [Category: Orphaned Hash Cache]
[2026-09-03 13:07:54] Purged 852d2eaf1467c9374442d1c4e42006ce538b46 [Category: Orphaned Hash Cache]
[2026-09-03 13:07:54] Purged 3e93d22dc3160c6985593aad3973988ffe99d0 [Category: Orphaned Hash Cache]
[2026-09-03 13:07:54] Purged 743babfb17f13fb925f7310b798b6cf3e48413 [Category: Orphaned Hash Cache]
[2026-09-03 13:07:54] Purged 6b99116eabb7fd8727458a0257334bde941070 [Category: Orphaned Hash Cache]
[2026-09-03 13:07:54] Purged 3bd0e7bde39bbe9aa298e104892ca46b93eebc [Category: Orphaned Hash Cache]
[2026-09-03 13:07:54] Purged a196bf0b8f9fd173114a1dc6d021942efe73a6 [Category: Orphaned Hash Cache]
[2026-09-03 13:07:54] Purged 881a1edf0c9afb0e768dffa039c97252d5c294 [Category: Orphaned Hash Cache]
[2026-09-03 13:07:54] Purged 531961840f3f4c85f0c456a9bc3f326c4e3523 [Category: Orphaned Hash Cache]
[2026-09-03 13:07:54] Purged c25e61a2857f3c3e286c61ccbbdadb315157bb [Category: Orphaned Hash Cache]
[2026-09-03 13:07:54] Purged 4e2eb32cd42bb98c6acae6b69e21abd7ae6810 [Category: Orphaned Hash Cache]
[2026-09-03 13:07:54] Purged ecb7c373b1704c9bfb403c07e6b857e29d8804 [Category: Orphaned Hash Cache]
[2026-09-03 13:07:54] Purged 6676e50215de47531310d473962acb78c31b98 [Category: Orphaned Hash Cache]
[2026-09-03 13:07:54] Purged 604ea5b892fab1148abea389a3c7cca590a09a [Category: Orphaned Hash Cache]
[2026-09-03 13:07:54] Purged 2a7b2103c53b06f0eb8069f3411f412f333e54 [Category: Orphaned Hash Cache]
[2026-09-03 13:07:54] Purged 9e4ea7a21ad5cd22c18e001ccf849f60c94d4f [Category: Orphaned Hash Cache]
[2026-09-03 13:07:54] Purged aaec1015a5cd59f56f8d00845e1875876c0b63 [Category: Orphaned Hash Cache]
[2026-09-03 13:07:54] Purged 14a2b5495215a662a06fe037db297b5f8556fa [Category: Orphaned Hash Cache]
[2026-09-03 13:07:54] Purged 06710fcb8314843c4d5d8f57990186c257d8dc [Category: Orphaned Hash Cache]
[2026-09-03 13:07:54] Purged 46ae4d4bbacef528174729d2113bef03aa7fa3 [Category: Orphaned Hash Cache]
[2026-09-03 13:07:54] Purged 73d695d015b2b933a408d8de6f9dcb2269594e [Category: Orphaned Hash Cache]
[2026-09-03 13:07:54] Purged 84aeaf157464ead17ed633973fb4876c2848ea [Category: Orphaned Hash Cache]
[2026-09-03 13:07:54] Purged 8c300af6b99aec25ec244adab876c5a98bd5d4 [Category: Orphaned Hash Cache]
[2026-09-03 13:07:54] Purged 3374c62311f7ceed1438e114630dde531c07e4 [Category: Orphaned Hash Cache]
[2026-09-03 13:07:54] Purged 163f8ca198c2d26426b740714d773c4b0f562e [Category: Orphaned Hash Cache]
[2026-09-03 13:07:54] Purged d6b2d405f5c58a7d2b04eea8c31ac6ea7866fb [Category: Orphaned Hash Cache]
[2026-09-03 13:07:54] Purged 146ece5e811aa218f6f6128c539ba9eb5f87e4 [Category: Orphaned Hash Cache]
[2026-09-03 13:07:54] Purged 6020a09350eb4a85cf0c156111bb9ec67d5017 [Category: Orphaned Hash Cache]
[2026-09-03 13:07:54] Purged 1aeb8ac3a1b6d479fa3959051db21a2f60d72c [Category: Orphaned Hash Cache]
[2026-09-03 13:07:54] Purged c37a9891d814ab9ac73e3061717fa3ebf27c0b [Category: Orphaned Hash Cache]
[2026-09-03 13:07:54] Purged 5a16cd326bf05fa1b3af0f43a907dea0f06d03 [Category: Orphaned Hash Cache]
[2026-09-03 13:07:54] Purged c2ce7f18f5648b74600fa98896de05c23b8573 [Category: Orphaned Hash Cache]
[2026-09-03 13:07:54] Purged cd388f16579db456f0173e630f7049d574abf4 [Category: Orphaned Hash Cache]
[2026-09-03 13:07:54] Purged e36c66a4059ce887fbf9f7f4f0b93b97ac9f14 [Category: Orphaned Hash Cache]
[2026-09-03 13:07:54] Purged 3bce5bbc8694afce2cf8ff1b09c273bcf6035c [Category: Orphaned Hash Cache]
[2026-09-03 13:07:54] Purged b0d1bd3c2aa16ddcfc44dbddf46b551aa0f955 [Category: Orphaned Hash Cache]
[2026-09-03 13:07:54] Purged c13049cae64cc6598a47f13d73e335a0fd598b [Category: Orphaned Hash Cache]
[2026-09-03 13:07:54] Purged 71a99b7328a85d50d55b53e41434e9357bbf1e [Category: Orphaned Hash Cache]
[2026-09-03 13:07:54] Purged 2fdb696c17c521d789653b00d572ce9b5ce1c7 [Category: Orphaned Hash Cache]
[2026-09-03 13:07:54] Purged 62795007f89aa9de867ad7a88a4d2e81dc7fcb [Category: Orphaned Hash Cache]
[2026-09-03 13:07:54] Purged 02a173a5b75bcb24f9bb16320856a073fc2459 [Category: Orphaned Hash Cache]
[2026-09-03 13:07:54] Purged 5e3f8f8429fa8fcf4394f0c05b4599e4c90e13 [Category: Orphaned Hash Cache]
[2026-09-03 13:07:54] Purged d4708f94d4696f36eb66366c18ccf8c489bd5c [Category: Orphaned Hash Cache]
[2026-09-03 13:07:54] Purged ca47e6821df0b235fc953e56556a2280bab221 [Category: Orphaned Hash Cache]
[2026-09-03 13:07:54] Purged tmp_obj_7RvfeG [Category: Temporary Artifact]
[2026-09-03 13:07:54] Purged tmp_obj_hIVvnB [Category: Temporary Artifact]
[2026-09-03 13:07:54] Purged 693bc8eaccea8f16f7efadacad8189fa062628 [Category: Orphaned Hash Cache]
[2026-09-03 13:07:54] Purged 1e59cd636513e06d11ee6cee91b28002ea3bba [Category: Orphaned Hash Cache]
[2026-09-03 13:07:54] Purged 495b7923dafacff59825eaa6c3d884ba921ac2 [Category: Orphaned Hash Cache]
[2026-09-03 13:07:54] Purged 6b224d99d20f11d286937265ac8508c223698a [Category: Orphaned Hash Cache]
[2026-09-03 13:07:54] Purged 1c957c26614c4b128503c64179cf9cb6771cdb [Category: Orphaned Hash Cache]
[2026-09-03 13:07:54] Purged 603da93e27902ec2244dd381064e09a36b3c99 [Category: Orphaned Hash Cache]
[2026-09-03 13:07:54] Purged 46f85fd763201b301eca56126c5457b460477d [Category: Orphaned Hash Cache]
[2026-09-03 13:07:54] Purged dca13667d9558cecc18efcaa5673242d1210ff [Category: Orphaned Hash Cache]
[2026-09-03 13:07:54] Purged ef271450a02d2d0f4f4c7d3767fa3920d8b8a7 [Category: Orphaned Hash Cache]
[2026-09-03 13:07:54] Purged 36848277646f2b2f1c4028aa81dd3446d59c41 [Category: Orphaned Hash Cache]
[2026-09-03 13:07:54] Purged b0a3d41361900dd907cc1c3f2047b7f07c2b5e [Category: Orphaned Hash Cache]
[2026-09-03 13:07:54] Purged ceeee0fe69de9d604f57dc14574a850e39f6df [Category: Orphaned Hash Cache]
[2026-09-03 13:07:54] Purged c9daf8b752a1bc0cc83edf1293d06611026f7a [Category: Orphaned Hash Cache]
[2026-09-03 13:07:54] Purged 775322d34e217cbeec2f98e16541581f5dab60 [Category: Orphaned Hash Cache]
[2026-09-03 13:07:54] Purged 9ca91b4c9d72e245e54ccf89c401e1ed28fab3 [Category: Orphaned Hash Cache]
[2026-09-03 13:07:54] Purged 20237c00b794b663731f92d10433007da8cfea [Category: Orphaned Hash Cache]
[2026-09-03 13:07:54] Purged 40695508a2e5e68680dfbc861d94bdc4bab8d6 [Category: Orphaned Hash Cache]
[2026-09-03 13:07:54] Purged f120f824baea1210bf3d24726dbd99e3374c93 [Category: Orphaned Hash Cache]
[2026-09-03 13:07:54] Purged 852d2eaf1467c9374442d1c4e42006ce538b46 [Category: Orphaned Hash Cache]
[2026-09-03 13:07:54] Purged 3e93d22dc3160c6985593aad3973988ffe99d0 [Category: Orphaned Hash Cache]
[2026-09-03 13:07:54] Purged 743babfb17f13fb925f7310b798b6cf3e48413 [Category: Orphaned Hash Cache]
[2026-09-03 13:07:54] Purged 6b99116eabb7fd8727458a0257334bde941070 [Category: Orphaned Hash Cache]
[2026-09-03 13:07:54] Purged 3bd0e7bde39bbe9aa298e104892ca46b93eebc [Category: Orphaned Hash Cache]
[2026-09-03 13:07:54] Purged a196bf0b8f9fd173114a1dc6d021942efe73a6 [Category: Orphaned Hash Cache]
[2026-09-03 13:07:54] Purged 881a1edf0c9afb0e768dffa039c97252d5c294 [Category: Orphaned Hash Cache]
[2026-09-03 13:07:54] Purged 531961840f3f4c85f0c456a9bc3f326c4e3523 [Category: Orphaned Hash Cache]
[2026-09-03 13:07:54] Purged c25e61a2857f3c3e286c61ccbbdadb315157bb [Category: Orphaned Hash Cache]
[2026-09-03 13:07:54] Purged 4e2eb32cd42bb98c6acae6b69e21abd7ae6810 [Category: Orphaned Hash Cache]
[2026-09-03 13:07:54] Purged ecb7c373b1704c9bfb403c07e6b857e29d8804 [Category: Orphaned Hash Cache]
[2026-09-03 13:07:54] Purged 6676e50215de47531310d473962acb78c31b98 [Category: Orphaned Hash Cache]
[2026-09-03 13:07:54] Purged 604ea5b892fab1148abea389a3c7cca590a09a [Category: Orphaned Hash Cache]
[2026-09-03 13:07:54] Purged 2a7b2103c53b06f0eb8069f3411f412f333e54 [Category: Orphaned Hash Cache]
[2026-09-03 13:07:54] Purged 9e4ea7a21ad5cd22c18e001ccf849f60c94d4f [Category: Orphaned Hash Cache]
[2026-09-03 13:07:54] Purged aaec1015a5cd59f56f8d00845e1875876c0b63 [Category: Orphaned Hash Cache]
[2026-09-03 13:07:54] Purged 14a2b5495215a662a06fe037db297b5f8556fa [Category: Orphaned Hash Cache]
[2026-09-03 13:07:54] Purged 06710fcb8314843c4d5d8f57990186c257d8dc [Category: Orphaned Hash Cache]
[2026-09-03 13:07:54] Purged 46ae4d4bbacef528174729d2113bef03aa7fa3 [Category: Orphaned Hash Cache]
[2026-09-03 13:07:54] Purged 73d695d015b2b933a408d8de6f9dcb2269594e [Category: Orphaned Hash Cache]
[2026-09-03 13:07:54] Purged 84aeaf157464ead17ed633973fb4876c2848ea [Category: Orphaned Hash Cache]
[2026-09-03 13:07:54] Purged 8c300af6b99aec25ec244adab876c5a98bd5d4 [Category: Orphaned Hash Cache]
[2026-09-03 13:07:54] Purged 3374c62311f7ceed1438e114630dde531c07e4 [Category: Orphaned Hash Cache]
[2026-09-03 13:07:54] Purged 163f8ca198c2d26426b740714d773c4b0f562e [Category: Orphaned Hash Cache]
[2026-09-03 13:07:54] Purged d6b2d405f5c58a7d2b04eea8c31ac6ea7866fb [Category: Orphaned Hash Cache]
[2026-09-03 13:07:54] Purged 146ece5e811aa218f6f6128c539ba9eb5f87e4 [Category: Orphaned Hash Cache]
[2026-09-03 13:07:54] Purged 6020a09350eb4a85cf0c156111bb9ec67d5017 [Category: Orphaned Hash Cache]
[2026-09-03 13:07:54] Purged 1aeb8ac3a1b6d479fa3959051db21a2f60d72c [Category: Orphaned Hash Cache]
[2026-09-03 13:07:54] Purged c37a9891d814ab9ac73e3061717fa3ebf27c0b [Category: Orphaned Hash Cache]
[2026-09-03 13:07:54] Purged 5a16cd326bf05fa1b3af0f43a907dea0f06d03 [Category: Orphaned Hash Cache]
[2026-09-03 13:07:54] Purged c2ce7f18f5648b74600fa98896de05c23b8573 [Category: Orphaned Hash Cache]
[2026-09-03 13:07:54] Purged cd388f16579db456f0173e630f7049d574abf4 [Category: Orphaned Hash Cache]
[2026-09-03 13:07:54] Purged e36c66a4059ce887fbf9f7f4f0b93b97ac9f14 [Category: Orphaned Hash Cache]
[2026-09-03 13:07:54] Purged 3bce5bbc8694afce2cf8ff1b09c273bcf6035c [Category: Orphaned Hash Cache]
[2026-09-03 13:07:54] Purged b0d1bd3c2aa16ddcfc44dbddf46b551aa0f955 [Category: Orphaned Hash Cache]
[2026-09-03 13:07:54] Purged c13049cae64cc6598a47f13d73e335a0fd598b [Category: Orphaned Hash Cache]
[2026-09-03 13:07:54] Purged 71a99b7328a85d50d55b53e41434e9357bbf1e [Category: Orphaned Hash Cache]
[2026-09-03 13:07:54] Purged 2fdb696c17c521d789653b00d572ce9b5ce1c7 [Category: Orphaned Hash Cache]
[2026-09-03 13:07:54] Purged 62795007f89aa9de867ad7a88a4d2e81dc7fcb [Category: Orphaned Hash Cache]
[2026-09-03 13:07:54] Purged 02a173a5b75bcb24f9bb16320856a073fc2459 [Category: Orphaned Hash Cache]
[2026-09-03 13:07:54] Purged 5e3f8f8429fa8fcf4394f0c05b4599e4c90e13 [Category: Orphaned Hash Cache]
[2026-09-03 13:07:54] Purged d4708f94d4696f36eb66366c18ccf8c489bd5c [Category: Orphaned Hash Cache]
[2026-09-03 13:07:54] Purged ca47e6821df0b235fc953e56556a2280bab221 [Category: Orphaned Hash Cache]
[2026-09-03 13:07:54] Purged tmp_obj_7RvfeG [Category: Temporary Artifact]
[2026-09-03 13:07:54] Purged tmp_obj_hIVvnB [Category: Temporary Artifact]
[2026-09-03 13:07:54] Purged 693bc8eaccea8f16f7efadacad8189fa062628 [Category: Orphaned Hash Cache]
[2026-09-03 13:07:54] Purged 1e59cd636513e06d11ee6cee91b28002ea3bba [Category: Orphaned Hash Cache]
[2026-09-03 13:07:54] Purged 495b7923dafacff59825eaa6c3d884ba921ac2 [Category: Orphaned Hash Cache]
[2026-09-03 13:07:54] Purged 6b224d99d20f11d286937265ac8508c223698a [Category: Orphaned Hash Cache]
[2026-09-03 13:07:54] Purged 1c957c26614c4b128503c64179cf9cb6771cdb [Category: Orphaned Hash Cache]
[2026-09-03 13:07:54] Purged 603da93e27902ec2244dd381064e09a36b3c99 [Category: Orphaned Hash Cache]
[2026-09-03 13:07:54] Purged 46f85fd763201b301eca56126c5457b460477d [Category: Orphaned Hash Cache]
[2026-09-03 13:07:54] Purged dca13667d9558cecc18efcaa5673242d1210ff [Category: Orphaned Hash Cache]
[2026-09-03 13:07:54] Purged ef271450a02d2d0f4f4c7d3767fa3920d8b8a7 [Category: Orphaned Hash Cache]
[2026-09-03 13:07:54] Purged 36848277646f2b2f1c4028aa81dd3446d59c41 [Category: Orphaned Hash Cache]
[2026-09-03 13:07:54] Purged b0a3d41361900dd907cc1c3f2047b7f07c2b5e [Category: Orphaned Hash Cache]
[2026-09-03 13:07:54] Purged ceeee0fe69de9d604f57dc14574a850e39f6df [Category: Orphaned Hash Cache]
[2026-09-03 13:07:54] Purged c9daf8b752a1bc0cc83edf1293d06611026f7a [Category: Orphaned Hash Cache]
[2026-09-03 13:07:54] Purged 775322d34e217cbeec2f98e16541581f5dab60 [Category: Orphaned Hash Cache]
[2026-09-03 13:07:54] Purged 9ca91b4c9d72e245e54ccf89c401e1ed28fab3 [Category: Orphaned Hash Cache]
[2026-09-03 13:07:54] Purged 20237c00b794b663731f92d10433007da8cfea [Category: Orphaned Hash Cache]
[2026-09-03 13:07:54] Purged 40695508a2e5e68680dfbc861d94bdc4bab8d6 [Category: Orphaned Hash Cache]
[2026-09-03 13:07:54] Purged f120f824baea1210bf3d24726dbd99e3374c93 [Category: Orphaned Hash Cache]
[2026-09-03 13:07:54] Purged 852d2eaf1467c9374442d1c4e42006ce538b46 [Category: Orphaned Hash Cache]
[2026-09-03 13:07:54] Purged 3e93d22dc3160c6985593aad3973988ffe99d0 [Category: Orphaned Hash Cache]
[2026-09-03 13:07:54] Purged 743babfb17f13fb925f7310b798b6cf3e48413 [Category: Orphaned Hash Cache]
[2026-09-03 13:07:54] Purged 6b99116eabb7fd8727458a0257334bde941070 [Category: Orphaned Hash Cache]
[2026-09-03 13:07:54] Purged 3bd0e7bde39bbe9aa298e104892ca46b93eebc [Category: Orphaned Hash Cache]
[2026-09-03 13:07:54] Purged a196bf0b8f9fd173114a1dc6d021942efe73a6 [Category: Orphaned Hash Cache]
[2026-09-03 13:07:54] Purged en_US-amy-medium.onnx [Category: Large Binary Blob]
[2026-09-03 13:07:54] Purged 881a1edf0c9afb0e768dffa039c97252d5c294 [Category: Orphaned Hash Cache]
[2026-09-03 13:07:54] Purged 531961840f3f4c85f0c456a9bc3f326c4e3523 [Category: Orphaned Hash Cache]
[2026-09-03 13:07:54] Purged c25e61a2857f3c3e286c61ccbbdadb315157bb [Category: Orphaned Hash Cache]
[2026-09-03 13:07:54] Purged 4e2eb32cd42bb98c6acae6b69e21abd7ae6810 [Category: Orphaned Hash Cache]
[2026-09-03 13:07:54] Purged ecb7c373b1704c9bfb403c07e6b857e29d8804 [Category: Orphaned Hash Cache]
[2026-09-03 13:07:54] Purged 6676e50215de47531310d473962acb78c31b98 [Category: Orphaned Hash Cache]
[2026-09-03 13:07:54] Purged 604ea5b892fab1148abea389a3c7cca590a09a [Category: Orphaned Hash Cache]
[2026-09-03 13:07:54] Purged 2a7b2103c53b06f0eb8069f3411f412f333e54 [Category: Orphaned Hash Cache]
[2026-09-03 13:07:54] Purged 9e4ea7a21ad5cd22c18e001ccf849f60c94d4f [Category: Orphaned Hash Cache]
[2026-09-03 13:07:54] Purged aaec1015a5cd59f56f8d00845e1875876c0b63 [Category: Orphaned Hash Cache]
[2026-09-03 13:07:54] Purged 14a2b5495215a662a06fe037db297b5f8556fa [Category: Orphaned Hash Cache]
[2026-09-03 13:07:54] Purged 06710fcb8314843c4d5d8f57990186c257d8dc [Category: Orphaned Hash Cache]
[2026-09-03 13:07:54] Purged 46ae4d4bbacef528174729d2113bef03aa7fa3 [Category: Orphaned Hash Cache]
[2026-09-03 13:07:54] Purged 73d695d015b2b933a408d8de6f9dcb2269594e [Category: Orphaned Hash Cache]
[2026-09-03 13:07:54] Purged 84aeaf157464ead17ed633973fb4876c2848ea [Category: Orphaned Hash Cache]
[2026-09-03 13:07:54] Purged 8c300af6b99aec25ec244adab876c5a98bd5d4 [Category: Orphaned Hash Cache]
[2026-09-03 13:07:54] Purged 3374c62311f7ceed1438e114630dde531c07e4 [Category: Orphaned Hash Cache]
[2026-09-03 13:07:54] Purged 163f8ca198c2d26426b740714d773c4b0f562e [Category: Orphaned Hash Cache]
[2026-09-03 13:07:54] Purged d6b2d405f5c58a7d2b04eea8c31ac6ea7866fb [Category: Orphaned Hash Cache]
[2026-09-03 13:07:54] Purged 146ece5e811aa218f6f6128c539ba9eb5f87e4 [Category: Orphaned Hash Cache]
[2026-09-03 13:07:54] Purged 6020a09350eb4a85cf0c156111bb9ec67d5017 [Category: Orphaned Hash Cache]
[2026-09-03 13:07:54] Purged 1aeb8ac3a1b6d479fa3959051db21a2f60d72c [Category: Orphaned Hash Cache]
[2026-09-03 13:07:54] Purged c37a9891d814ab9ac73e3061717fa3ebf27c0b [Category: Orphaned Hash Cache]
[2026-09-03 13:07:54] Purged 5a16cd326bf05fa1b3af0f43a907dea0f06d03 [Category: Orphaned Hash Cache]
[2026-09-03 13:07:54] Purged c2ce7f18f5648b74600fa98896de05c23b8573 [Category: Orphaned Hash Cache]
[2026-09-03 13:07:54] Purged cd388f16579db456f0173e630f7049d574abf4 [Category: Orphaned Hash Cache]
[2026-09-03 13:07:54] Purged e36c66a4059ce887fbf9f7f4f0b93b97ac9f14 [Category: Orphaned Hash Cache]
[2026-09-03 13:07:54] Purged 3bce5bbc8694afce2cf8ff1b09c273bcf6035c [Category: Orphaned Hash Cache]
[2026-09-03 13:07:54] Purged b0d1bd3c2aa16ddcfc44dbddf46b551aa0f955 [Category: Orphaned Hash Cache]
[2026-09-03 13:07:54] Purged c13049cae64cc6598a47f13d73e335a0fd598b [Category: Orphaned Hash Cache]
[2026-09-03 13:07:54] Purged 71a99b7328a85d50d55b53e41434e9357bbf1e [Category: Orphaned Hash Cache]
[2026-09-03 13:07:54] Purged 2fdb696c17c521d789653b00d572ce9b5ce1c7 [Category: Orphaned Hash Cache]
[2026-09-03 13:07:54] Purged 62795007f89aa9de867ad7a88a4d2e81dc7fcb [Category: Orphaned Hash Cache]
[2026-09-03 13:07:54] Purged 02a173a5b75bcb24f9bb16320856a073fc2459 [Category: Orphaned Hash Cache]
[2026-09-03 13:07:54] Purged 5e3f8f8429fa8fcf4394f0c05b4599e4c90e13 [Category: Orphaned Hash Cache]
[2026-09-03 13:07:54] Purged d4708f94d4696f36eb66366c18ccf8c489bd5c [Category: Orphaned Hash Cache]
[2026-09-03 13:07:54] Purged ca47e6821df0b235fc953e56556a2280bab221 [Category: Orphaned Hash Cache]
[2026-09-03 13:07:54] Purged tmp_obj_7RvfeG [Category: Temporary Artifact]
[2026-09-03 13:07:54] Purged tmp_obj_hIVvnB [Category: Temporary Artifact]
[2026-09-03 13:07:54] Purged 693bc8eaccea8f16f7efadacad8189fa062628 [Category: Orphaned Hash Cache]
[2026-09-03 13:07:54] Purged 1e59cd636513e06d11ee6cee91b28002ea3bba [Category: Orphaned Hash Cache]
[2026-09-03 13:07:54] Purged 495b7923dafacff59825eaa6c3d884ba921ac2 [Category: Orphaned Hash Cache]
[2026-09-03 13:07:54] Purged 6b224d99d20f11d286937265ac8508c223698a [Category: Orphaned Hash Cache]
[2026-09-03 13:07:54] Purged 1c957c26614c4b128503c64179cf9cb6771cdb [Category: Orphaned Hash Cache]
[2026-09-03 13:07:54] Purged 603da93e27902ec2244dd381064e09a36b3c99 [Category: Orphaned Hash Cache]
[2026-09-03 13:07:54] Purged 46f85fd763201b301eca56126c5457b460477d [Category: Orphaned Hash Cache]
[2026-09-03 13:07:54] Purged dca13667d9558cecc18efcaa5673242d1210ff [Category: Orphaned Hash Cache]
[2026-09-03 13:07:54] Purged ef271450a02d2d0f4f4c7d3767fa3920d8b8a7 [Category: Orphaned Hash Cache]
[2026-09-03 13:07:54] Purged 36848277646f2b2f1c4028aa81dd3446d59c41 [Category: Orphaned Hash Cache]
[2026-09-03 13:07:54] Purged b0a3d41361900dd907cc1c3f2047b7f07c2b5e [Category: Orphaned Hash Cache]
[2026-09-03 13:07:54] Purged ceeee0fe69de9d604f57dc14574a850e39f6df [Category: Orphaned Hash Cache]
[2026-09-03 13:07:54] Purged c9daf8b752a1bc0cc83edf1293d06611026f7a [Category: Orphaned Hash Cache]
[2026-09-03 13:07:54] Purged 775322d34e217cbeec2f98e16541581f5dab60 [Category: Orphaned Hash Cache]
[2026-09-03 13:07:54] Purged 9ca91b4c9d72e245e54ccf89c401e1ed28fab3 [Category: Orphaned Hash Cache]
[2026-09-03 13:07:54] Purged 20237c00b794b663731f92d10433007da8cfea [Category: Orphaned Hash Cache]
[2026-09-03 13:07:54] Purged 40695508a2e5e68680dfbc861d94bdc4bab8d6 [Category: Orphaned Hash Cache]
[2026-09-03 13:07:54] Purged f120f824baea1210bf3d24726dbd99e3374c93 [Category: Orphaned Hash Cache]
[2026-09-03 13:07:54] Purged 852d2eaf1467c9374442d1c4e42006ce538b46 [Category: Orphaned Hash Cache]
[2026-09-03 13:07:54] Purged 3e93d22dc3160c6985593aad3973988ffe99d0 [Category: Orphaned Hash Cache]
[2026-09-03 13:07:54] Purged 743babfb17f13fb925f7310b798b6cf3e48413 [Category: Orphaned Hash Cache]
[2026-09-03 13:07:54] Purged 6b99116eabb7fd8727458a0257334bde941070 [Category: Orphaned Hash Cache]
[2026-09-03 13:07:54] Purged 3bd0e7bde39bbe9aa298e104892ca46b93eebc [Category: Orphaned Hash Cache]
[2026-09-03 13:07:54] Purged a196bf0b8f9fd173114a1dc6d021942efe73a6 [Category: Orphaned Hash Cache]
[2026-09-03 13:07:54] Purged 881a1edf0c9afb0e768dffa039c97252d5c294 [Category: Orphaned Hash Cache]
[2026-09-03 13:07:54] Purged 531961840f3f4c85f0c456a9bc3f326c4e3523 [Category: Orphaned Hash Cache]
[2026-09-03 13:07:54] Purged c25e61a2857f3c3e286c61ccbbdadb315157bb [Category: Orphaned Hash Cache]
[2026-09-03 13:07:54] Purged 4e2eb32cd42bb98c6acae6b69e21abd7ae6810 [Category: Orphaned Hash Cache]
[2026-09-03 13:07:54] Purged ecb7c373b1704c9bfb403c07e6b857e29d8804 [Category: Orphaned Hash Cache]
[2026-09-03 13:07:54] Purged 6676e50215de47531310d473962acb78c31b98 [Category: Orphaned Hash Cache]
[2026-09-03 13:07:54] Purged 604ea5b892fab1148abea389a3c7cca590a09a [Category: Orphaned Hash Cache]
[2026-09-03 13:07:54] Purged 2a7b2103c53b06f0eb8069f3411f412f333e54 [Category: Orphaned Hash Cache]
[2026-09-03 13:07:54] Purged 9e4ea7a21ad5cd22c18e001ccf849f60c94d4f [Category: Orphaned Hash Cache]
[2026-09-03 13:07:54] Purged aaec1015a5cd59f56f8d00845e1875876c0b63 [Category: Orphaned Hash Cache]
[2026-09-03 13:07:54] Purged 14a2b5495215a662a06fe037db297b5f8556fa [Category: Orphaned Hash Cache]
[2026-09-03 13:07:54] Purged 06710fcb8314843c4d5d8f57990186c257d8dc [Category: Orphaned Hash Cache]
[2026-09-03 13:07:54] Purged 46ae4d4bbacef528174729d2113bef03aa7fa3 [Category: Orphaned Hash Cache]
[2026-09-03 13:07:54] Purged 73d695d015b2b933a408d8de6f9dcb2269594e [Category: Orphaned Hash Cache]
[2026-09-03 13:07:54] Purged 84aeaf157464ead17ed633973fb4876c2848ea [Category: Orphaned Hash Cache]
[2026-09-03 13:07:54] Purged 8c300af6b99aec25ec244adab876c5a98bd5d4 [Category: Orphaned Hash Cache]
[2026-09-03 13:07:54] Purged 3374c62311f7ceed1438e114630dde531c07e4 [Category: Orphaned Hash Cache]
[2026-09-03 13:07:54] Purged 163f8ca198c2d26426b740714d773c4b0f562e [Category: Orphaned Hash Cache]
[2026-09-03 13:07:54] Purged d6b2d405f5c58a7d2b04eea8c31ac6ea7866fb [Category: Orphaned Hash Cache]
[2026-09-03 13:07:54] Purged 146ece5e811aa218f6f6128c539ba9eb5f87e4 [Category: Orphaned Hash Cache]
[2026-09-03 13:07:54] Purged 6020a09350eb4a85cf0c156111bb9ec67d5017 [Category: Orphaned Hash Cache]
[2026-09-03 13:07:54] Purged 1aeb8ac3a1b6d479fa3959051db21a2f60d72c [Category: Orphaned Hash Cache]
[2026-09-03 13:07:54] Purged c37a9891d814ab9ac73e3061717fa3ebf27c0b [Category: Orphaned Hash Cache]
[2026-09-03 13:07:54] Purged 5a16cd326bf05fa1b3af0f43a907dea0f06d03 [Category: Orphaned Hash Cache]
[2026-09-03 13:07:54] Purged c2ce7f18f5648b74600fa98896de05c23b8573 [Category: Orphaned Hash Cache]
[2026-09-03 13:07:54] Purged cd388f16579db456f0173e630f7049d574abf4 [Category: Orphaned Hash Cache]
[2026-09-03 13:07:54] Purged e36c66a4059ce887fbf9f7f4f0b93b97ac9f14 [Category: Orphaned Hash Cache]
[2026-09-03 13:07:54] Purged 3bce5bbc8694afce2cf8ff1b09c273bcf6035c [Category: Orphaned Hash Cache]
[2026-09-03 13:07:54] Purged b0d1bd3c2aa16ddcfc44dbddf46b551aa0f955 [Category: Orphaned Hash Cache]
[2026-09-03 13:07:54] Purged c13049cae64cc6598a47f13d73e335a0fd598b [Category: Orphaned Hash Cache]
[2026-09-03 13:07:54] Purged 71a99b7328a85d50d55b53e41434e9357bbf1e [Category: Orphaned Hash Cache]
[2026-09-03 13:07:54] Purged 2fdb696c17c521d789653b00d572ce9b5ce1c7 [Category: Orphaned Hash Cache]
[2026-09-03 13:07:54] Purged 62795007f89aa9de867ad7a88a4d2e81dc7fcb [Category: Orphaned Hash Cache]
[2026-09-03 13:07:54] Purged 02a173a5b75bcb24f9bb16320856a073fc2459 [Category: Orphaned Hash Cache]
[2026-09-03 13:07:54] Purged 5e3f8f8429fa8fcf4394f0c05b4599e4c90e13 [Category: Orphaned Hash Cache]
[2026-09-03 13:07:54] Purged d4708f94d4696f36eb66366c18ccf8c489bd5c [Category: Orphaned Hash Cache]
[2026-09-03 13:07:54] Purged ca47e6821df0b235fc953e56556a2280bab221 [Category: Orphaned Hash Cache]
[2026-09-03 13:07:54] Purged tmp_obj_7RvfeG [Category: Temporary Artifact]
[2026-09-03 13:07:54] Purged tmp_obj_hIVvnB [Category: Temporary Artifact]
[2026-09-03 13:07:54] Purged 693bc8eaccea8f16f7efadacad8189fa062628 [Category: Orphaned Hash Cache]
[2026-09-03 13:07:54] Purged 1e59cd636513e06d11ee6cee91b28002ea3bba [Category: Orphaned Hash Cache]
[2026-09-03 13:07:54] Purged 495b7923dafacff59825eaa6c3d884ba921ac2 [Category: Orphaned Hash Cache]
[2026-09-03 13:07:54] Purged 6b224d99d20f11d286937265ac8508c223698a [Category: Orphaned Hash Cache]
[2026-09-03 13:07:54] Purged 1c957c26614c4b128503c64179cf9cb6771cdb [Category: Orphaned Hash Cache]
[2026-09-03 13:07:54] Purged 603da93e27902ec2244dd381064e09a36b3c99 [Category: Orphaned Hash Cache]
[2026-09-03 13:07:54] Purged 46f85fd763201b301eca56126c5457b460477d [Category: Orphaned Hash Cache]
[2026-09-03 13:07:54] Purged dca13667d9558cecc18efcaa5673242d1210ff [Category: Orphaned Hash Cache]
[2026-09-03 13:07:54] Purged ef271450a02d2d0f4f4c7d3767fa3920d8b8a7 [Category: Orphaned Hash Cache]
[2026-09-03 13:07:54] Purged 36848277646f2b2f1c4028aa81dd3446d59c41 [Category: Orphaned Hash Cache]
[2026-09-03 13:07:54] Purged b0a3d41361900dd907cc1c3f2047b7f07c2b5e [Category: Orphaned Hash Cache]
[2026-09-03 13:07:54] Purged ceeee0fe69de9d604f57dc14574a850e39f6df [Category: Orphaned Hash Cache]
[2026-09-03 13:07:54] Purged c9daf8b752a1bc0cc83edf1293d06611026f7a [Category: Orphaned Hash Cache]
[2026-09-03 13:07:54] Purged 775322d34e217cbeec2f98e16541581f5dab60 [Category: Orphaned Hash Cache]
[2026-09-03 13:07:54] Purged 9ca91b4c9d72e245e54ccf89c401e1ed28fab3 [Category: Orphaned Hash Cache]
[2026-09-03 13:07:54] Purged 20237c00b794b663731f92d10433007da8cfea [Category: Orphaned Hash Cache]
[2026-09-03 13:07:54] Purged 40695508a2e5e68680dfbc861d94bdc4bab8d6 [Category: Orphaned Hash Cache]
[2026-09-03 13:07:54] Purged f120f824baea1210bf3d24726dbd99e3374c93 [Category: Orphaned Hash Cache]
[2026-09-03 13:07:54] Purged 852d2eaf1467c9374442d1c4e42006ce538b46 [Category: Orphaned Hash Cache]
[2026-09-03 13:07:54] Purged 3e93d22dc3160c6985593aad3973988ffe99d0 [Category: Orphaned Hash Cache]
[2026-09-03 13:07:54] Purged 743babfb17f13fb925f7310b798b6cf3e48413 [Category: Orphaned Hash Cache]
[2026-09-03 13:07:54] Purged 6b99116eabb7fd8727458a0257334bde941070 [Category: Orphaned Hash Cache]
[2026-09-03 13:07:54] Purged 3bd0e7bde39bbe9aa298e104892ca46b93eebc [Category: Orphaned Hash Cache]
[2026-09-03 13:07:54] Purged a196bf0b8f9fd173114a1dc6d021942efe73a6 [Category: Orphaned Hash Cache]
[2026-09-03 13:07:54] Purged 881a1edf0c9afb0e768dffa039c97252d5c294 [Category: Orphaned Hash Cache]
[2026-09-03 13:07:54] Purged 531961840f3f4c85f0c456a9bc3f326c4e3523 [Category: Orphaned Hash Cache]
[2026-09-03 13:07:54] Purged c25e61a2857f3c3e286c61ccbbdadb315157bb [Category: Orphaned Hash Cache]
[2026-09-03 13:07:54] Purged 4e2eb32cd42bb98c6acae6b69e21abd7ae6810 [Category: Orphaned Hash Cache]
[2026-09-03 13:07:54] Purged ecb7c373b1704c9bfb403c07e6b857e29d8804 [Category: Orphaned Hash Cache]
[2026-09-03 13:07:54] Purged 6676e50215de47531310d473962acb78c31b98 [Category: Orphaned Hash Cache]
[2026-09-03 13:07:54] Purged 604ea5b892fab1148abea389a3c7cca590a09a [Category: Orphaned Hash Cache]
[2026-09-03 13:07:54] Purged 2a7b2103c53b06f0eb8069f3411f412f333e54 [Category: Orphaned Hash Cache]
[2026-09-03 13:07:54] Purged 9e4ea7a21ad5cd22c18e001ccf849f60c94d4f [Category: Orphaned Hash Cache]
[2026-09-03 13:07:54] Purged aaec1015a5cd59f56f8d00845e1875876c0b63 [Category: Orphaned Hash Cache]
[2026-09-03 13:07:54] Purged 14a2b5495215a662a06fe037db297b5f8556fa [Category: Orphaned Hash Cache]
[2026-09-03 13:07:54] Purged 06710fcb8314843c4d5d8f57990186c257d8dc [Category: Orphaned Hash Cache]
[2026-09-03 13:07:54] Purged 46ae4d4bbacef528174729d2113bef03aa7fa3 [Category: Orphaned Hash Cache]
[2026-09-03 13:07:54] Purged 73d695d015b2b933a408d8de6f9dcb2269594e [Category: Orphaned Hash Cache]
[2026-09-03 13:07:54] Purged 84aeaf157464ead17ed633973fb4876c2848ea [Category: Orphaned Hash Cache]
[2026-09-03 13:07:54] Purged 8c300af6b99aec25ec244adab876c5a98bd5d4 [Category: Orphaned Hash Cache]
[2026-09-03 13:07:54] Purged 3374c62311f7ceed1438e114630dde531c07e4 [Category: Orphaned Hash Cache]
[2026-09-03 13:07:54] Purged 163f8ca198c2d26426b740714d773c4b0f562e [Category: Orphaned Hash Cache]
[2026-09-03 13:07:54] Purged d6b2d405f5c58a7d2b04eea8c31ac6ea7866fb [Category: Orphaned Hash Cache]
[2026-09-03 13:07:54] Purged 146ece5e811aa218f6f6128c539ba9eb5f87e4 [Category: Orphaned Hash Cache]
[2026-09-03 13:07:54] Purged 6020a09350eb4a85cf0c156111bb9ec67d5017 [Category: Orphaned Hash Cache]
[2026-09-03 13:07:54] Purged 1aeb8ac3a1b6d479fa3959051db21a2f60d72c [Category: Orphaned Hash Cache]
[2026-09-03 13:07:54] Purged c37a9891d814ab9ac73e3061717fa3ebf27c0b [Category: Orphaned Hash Cache]
[2026-09-03 13:07:54] Purged 5a16cd326bf05fa1b3af0f43a907dea0f06d03 [Category: Orphaned Hash Cache]
[2026-09-03 13:07:54] Purged c2ce7f18f5648b74600fa98896de05c23b8573 [Category: Orphaned Hash Cache]
[2026-09-03 13:07:54] Purged cd388f16579db456f0173e630f7049d574abf4 [Category: Orphaned Hash Cache]
[2026-09-03 13:07:54] Purged e36c66a4059ce887fbf9f7f4f0b93b97ac9f14 [Category: Orphaned Hash Cache]
[2026-09-03 13:07:54] Purged 3bce5bbc8694afce2cf8ff1b09c273bcf6035c [Category: Orphaned Hash Cache]
[2026-09-03 13:07:54] Purged b0d1bd3c2aa16ddcfc44dbddf46b551aa0f955 [Category: Orphaned Hash Cache]
[2026-09-03 13:07:54] Purged c13049cae64cc6598a47f13d73e335a0fd598b [Category: Orphaned Hash Cache]
[2026-09-03 13:07:54] Purged 71a99b7328a85d50d55b53e41434e9357bbf1e [Category: Orphaned Hash Cache]
[2026-09-03 13:07:54] Purged 2fdb696c17c521d789653b00d572ce9b5ce1c7 [Category: Orphaned Hash Cache]
[2026-09-03 13:07:54] Purged 62795007f89aa9de867ad7a88a4d2e81dc7fcb [Category: Orphaned Hash Cache]
[2026-09-03 13:07:54] Purged 02a173a5b75bcb24f9bb16320856a073fc2459 [Category: Orphaned Hash Cache]
[2026-09-03 13:07:54] Purged 5e3f8f8429fa8fcf4394f0c05b4599e4c90e13 [Category: Orphaned Hash Cache]
[2026-09-03 13:07:54] Purged d4708f94d4696f36eb66366c18ccf8c489bd5c [Category: Orphaned Hash Cache]
[2026-09-03 13:07:54] Purged ca47e6821df0b235fc953e56556a2280bab221 [Category: Orphaned Hash Cache]
[2026-09-03 13:07:54] Purged tmp_obj_7RvfeG [Category: Temporary Artifact]
[2026-09-03 13:07:54] Purged tmp_obj_hIVvnB [Category: Temporary Artifact]
[2026-09-03 13:07:54] Purged 693bc8eaccea8f16f7efadacad8189fa062628 [Category: Orphaned Hash Cache]
[2026-09-03 13:07:54] Purged 1e59cd636513e06d11ee6cee91b28002ea3bba [Category: Orphaned Hash Cache]
[2026-09-03 13:07:54] Purged 495b7923dafacff59825eaa6c3d884ba921ac2 [Category: Orphaned Hash Cache]
[2026-09-03 13:07:54] Purged 6b224d99d20f11d286937265ac8508c223698a [Category: Orphaned Hash Cache]
[2026-09-03 13:07:54] Purged 1c957c26614c4b128503c64179cf9cb6771cdb [Category: Orphaned Hash Cache]
[2026-09-03 13:07:54] Purged 603da93e27902ec2244dd381064e09a36b3c99 [Category: Orphaned Hash Cache]
[2026-09-03 13:07:54] Purged 46f85fd763201b301eca56126c5457b460477d [Category: Orphaned Hash Cache]
[2026-09-03 13:07:54] Purged dca13667d9558cecc18efcaa5673242d1210ff [Category: Orphaned Hash Cache]
[2026-09-03 13:07:54] Purged ef271450a02d2d0f4f4c7d3767fa3920d8b8a7 [Category: Orphaned Hash Cache]
[2026-09-03 13:07:54] Purged 36848277646f2b2f1c4028aa81dd3446d59c41 [Category: Orphaned Hash Cache]
[2026-09-03 13:07:54] Purged b0a3d41361900dd907cc1c3f2047b7f07c2b5e [Category: Orphaned Hash Cache]
[2026-09-03 13:07:54] Purged ceeee0fe69de9d604f57dc14574a850e39f6df [Category: Orphaned Hash Cache]
[2026-09-03 13:07:54] Purged c9daf8b752a1bc0cc83edf1293d06611026f7a [Category: Orphaned Hash Cache]
[2026-09-03 13:07:54] Purged 775322d34e217cbeec2f98e16541581f5dab60 [Category: Orphaned Hash Cache]
[2026-09-03 13:07:54] Purged 9ca91b4c9d72e245e54ccf89c401e1ed28fab3 [Category: Orphaned Hash Cache]
[2026-09-03 13:07:54] Purged 20237c00b794b663731f92d10433007da8cfea [Category: Orphaned Hash Cache]
[2026-09-03 13:07:54] Purged 40695508a2e5e68680dfbc861d94bdc4bab8d6 [Category: Orphaned Hash Cache]
[2026-09-03 13:07:54] Purged f120f824baea1210bf3d24726dbd99e3374c93 [Category: Orphaned Hash Cache]
[2026-09-03 13:07:54] Purged 852d2eaf1467c9374442d1c4e42006ce538b46 [Category: Orphaned Hash Cache]
[2026-09-03 13:07:54] Purged 3e93d22dc3160c6985593aad3973988ffe99d0 [Category: Orphaned Hash Cache]
[2026-09-03 13:07:54] Purged 743babfb17f13fb925f7310b798b6cf3e48413 [Category: Orphaned Hash Cache]
[2026-09-03 13:07:54] Purged 6b99116eabb7fd8727458a0257334bde941070 [Category: Orphaned Hash Cache]
[2026-09-03 13:07:54] Purged 3bd0e7bde39bbe9aa298e104892ca46b93eebc [Category: Orphaned Hash Cache]
[2026-09-03 13:07:54] Purged a196bf0b8f9fd173114a1dc6d021942efe73a6 [Category: Orphaned Hash Cache]
[2026-09-03 13:07:54] Purged en_US-amy-medium.onnx [Category: Large Binary Blob]
[2026-09-03 13:07:54] Purged 881a1edf0c9afb0e768dffa039c97252d5c294 [Category: Orphaned Hash Cache]
[2026-09-03 13:07:54] Purged 531961840f3f4c85f0c456a9bc3f326c4e3523 [Category: Orphaned Hash Cache]
[2026-09-03 13:07:54] Purged c25e61a2857f3c3e286c61ccbbdadb315157bb [Category: Orphaned Hash Cache]
[2026-09-03 13:07:54] Purged 4e2eb32cd42bb98c6acae6b69e21abd7ae6810 [Category: Orphaned Hash Cache]
[2026-09-03 13:07:54] Purged ecb7c373b1704c9bfb403c07e6b857e29d8804 [Category: Orphaned Hash Cache]
[2026-09-03 13:07:54] Purged 6676e50215de47531310d473962acb78c31b98 [Category: Orphaned Hash Cache]
[2026-09-03 13:07:54] Purged 604ea5b892fab1148abea389a3c7cca590a09a [Category: Orphaned Hash Cache]
[2026-09-03 13:07:54] Purged 2a7b2103c53b06f0eb8069f3411f412f333e54 [Category: Orphaned Hash Cache]
[2026-09-03 13:07:54] Purged 9e4ea7a21ad5cd22c18e001ccf849f60c94d4f [Category: Orphaned Hash Cache]
[2026-09-03 13:07:54] Purged aaec1015a5cd59f56f8d00845e1875876c0b63 [Category: Orphaned Hash Cache]
[2026-09-03 13:07:54] Purged 14a2b5495215a662a06fe037db297b5f8556fa [Category: Orphaned Hash Cache]
[2026-09-03 13:07:54] Purged 06710fcb8314843c4d5d8f57990186c257d8dc [Category: Orphaned Hash Cache]
[2026-09-03 13:07:54] Purged 46ae4d4bbacef528174729d2113bef03aa7fa3 [Category: Orphaned Hash Cache]
[2026-09-03 13:07:54] Purged 73d695d015b2b933a408d8de6f9dcb2269594e [Category: Orphaned Hash Cache]
[2026-09-03 13:07:54] Purged 84aeaf157464ead17ed633973fb4876c2848ea [Category: Orphaned Hash Cache]
[2026-09-03 13:07:54] Purged 8c300af6b99aec25ec244adab876c5a98bd5d4 [Category: Orphaned Hash Cache]
[2026-09-03 13:07:54] Purged 3374c62311f7ceed1438e114630dde531c07e4 [Category: Orphaned Hash Cache]
[2026-09-03 13:07:54] Purged 163f8ca198c2d26426b740714d773c4b0f562e [Category: Orphaned Hash Cache]
[2026-09-03 13:07:54] Purged d6b2d405f5c58a7d2b04eea8c31ac6ea7866fb [Category: Orphaned Hash Cache]
[2026-09-03 13:07:54] Purged 146ece5e811aa218f6f6128c539ba9eb5f87e4 [Category: Orphaned Hash Cache]
[2026-09-03 13:07:54] Purged 6020a09350eb4a85cf0c156111bb9ec67d5017 [Category: Orphaned Hash Cache]
[2026-09-03 13:07:54] Purged 1aeb8ac3a1b6d479fa3959051db21a2f60d72c [Category: Orphaned Hash Cache]
[2026-09-03 13:07:54] Purged c37a9891d814ab9ac73e3061717fa3ebf27c0b [Category: Orphaned Hash Cache]
[2026-09-03 13:07:54] Purged 5a16cd326bf05fa1b3af0f43a907dea0f06d03 [Category: Orphaned Hash Cache]
[2026-09-03 13:07:54] Purged c2ce7f18f5648b74600fa98896de05c23b8573 [Category: Orphaned Hash Cache]
[2026-09-03 13:07:54] Purged cd388f16579db456f0173e630f7049d574abf4 [Category: Orphaned Hash Cache]
[2026-09-03 13:07:54] Purged e36c66a4059ce887fbf9f7f4f0b93b97ac9f14 [Category: Orphaned Hash Cache]
[2026-09-03 13:07:54] Purged 3bce5bbc8694afce2cf8ff1b09c273bcf6035c [Category: Orphaned Hash Cache]
[2026-09-03 13:07:54] Purged b0d1bd3c2aa16ddcfc44dbddf46b551aa0f955 [Category: Orphaned Hash Cache]
[2026-09-03 13:07:54] Purged c13049cae64cc6598a47f13d73e335a0fd598b [Category: Orphaned Hash Cache]
[2026-09-03 13:07:54] Purged 71a99b7328a85d50d55b53e41434e9357bbf1e [Category: Orphaned Hash Cache]
[2026-09-03 13:07:54] Purged 2fdb696c17c521d789653b00d572ce9b5ce1c7 [Category: Orphaned Hash Cache]
[2026-09-03 13:07:54] Purged 62795007f89aa9de867ad7a88a4d2e81dc7fcb [Category: Orphaned Hash Cache]
[2026-09-03 13:07:54] Purged 02a173a5b75bcb24f9bb16320856a073fc2459 [Category: Orphaned Hash Cache]
[2026-09-03 13:07:54] Purged 5e3f8f8429fa8fcf4394f0c05b4599e4c90e13 [Category: Orphaned Hash Cache]
[2026-09-03 13:07:54] Purged d4708f94d4696f36eb66366c18ccf8c489bd5c [Category: Orphaned Hash Cache]
[2026-09-03 13:07:54] Purged ca47e6821df0b235fc953e56556a2280bab221 [Category: Orphaned Hash Cache]
[2026-09-03 13:07:54] Purged tmp_obj_7RvfeG [Category: Temporary Artifact]
[2026-09-03 13:07:54] Purged tmp_obj_hIVvnB [Category: Temporary Artifact]
[2026-09-03 13:07:54] Purged 693bc8eaccea8f16f7efadacad8189fa062628 [Category: Orphaned Hash Cache]
[2026-09-03 13:07:54] Purged 1e59cd636513e06d11ee6cee91b28002ea3bba [Category: Orphaned Hash Cache]
[2026-09-03 13:07:54] Purged 495b7923dafacff59825eaa6c3d884ba921ac2 [Category: Orphaned Hash Cache]
[2026-09-03 13:07:54] Purged 6b224d99d20f11d286937265ac8508c223698a [Category: Orphaned Hash Cache]
[2026-09-03 13:07:54] Purged 1c957c26614c4b128503c64179cf9cb6771cdb [Category: Orphaned Hash Cache]
[2026-09-03 13:07:54] Purged 603da93e27902ec2244dd381064e09a36b3c99 [Category: Orphaned Hash Cache]
[2026-09-03 13:07:54] Purged 46f85fd763201b301eca56126c5457b460477d [Category: Orphaned Hash Cache]
[2026-09-03 13:07:54] Purged dca13667d9558cecc18efcaa5673242d1210ff [Category: Orphaned Hash Cache]
[2026-09-03 13:07:54] Purged ef271450a02d2d0f4f4c7d3767fa3920d8b8a7 [Category: Orphaned Hash Cache]
[2026-09-03 13:07:54] Purged 36848277646f2b2f1c4028aa81dd3446d59c41 [Category: Orphaned Hash Cache]
[2026-09-03 13:07:54] Purged b0a3d41361900dd907cc1c3f2047b7f07c2b5e [Category: Orphaned Hash Cache]
[2026-09-03 13:07:54] Purged ceeee0fe69de9d604f57dc14574a850e39f6df [Category: Orphaned Hash Cache]
[2026-09-03 13:07:54] Purged c9daf8b752a1bc0cc83edf1293d06611026f7a [Category: Orphaned Hash Cache]
[2026-09-03 13:07:54] Purged 775322d34e217cbeec2f98e16541581f5dab60 [Category: Orphaned Hash Cache]
[2026-09-03 13:07:54] Purged 9ca91b4c9d72e245e54ccf89c401e1ed28fab3 [Category: Orphaned Hash Cache]
[2026-09-03 13:07:54] Purged 20237c00b794b663731f92d10433007da8cfea [Category: Orphaned Hash Cache]
[2026-09-03 13:07:54] Purged 40695508a2e5e68680dfbc861d94bdc4bab8d6 [Category: Orphaned Hash Cache]
[2026-09-03 13:07:54] Purged f120f824baea1210bf3d24726dbd99e3374c93 [Category: Orphaned Hash Cache]
[2026-09-03 13:07:54] Purged 852d2eaf1467c9374442d1c4e42006ce538b46 [Category: Orphaned Hash Cache]
[2026-09-03 13:07:54] Purged 3e93d22dc3160c6985593aad3973988ffe99d0 [Category: Orphaned Hash Cache]
[2026-09-03 13:07:54] Purged 743babfb17f13fb925f7310b798b6cf3e48413 [Category: Orphaned Hash Cache]
[2026-09-03 13:07:54] Purged 6b99116eabb7fd8727458a0257334bde941070 [Category: Orphaned Hash Cache]
[2026-09-03 13:07:54] Purged 3bd0e7bde39bbe9aa298e104892ca46b93eebc [Category: Orphaned Hash Cache]
[2026-09-03 13:07:54] Purged a196bf0b8f9fd173114a1dc6d021942efe73a6 [Category: Orphaned Hash Cache]
[2026-09-03 13:07:54] Purged 881a1edf0c9afb0e768dffa039c97252d5c294 [Category: Orphaned Hash Cache]
[2026-09-03 13:07:54] Purged 531961840f3f4c85f0c456a9bc3f326c4e3523 [Category: Orphaned Hash Cache]
[2026-09-03 13:07:54] Purged c25e61a2857f3c3e286c61ccbbdadb315157bb [Category: Orphaned Hash Cache]
[2026-09-03 13:07:54] Purged 4e2eb32cd42bb98c6acae6b69e21abd7ae6810 [Category: Orphaned Hash Cache]
[2026-09-03 13:07:54] Purged ecb7c373b1704c9bfb403c07e6b857e29d8804 [Category: Orphaned Hash Cache]
[2026-09-03 13:07:54] Purged 6676e50215de47531310d473962acb78c31b98 [Category: Orphaned Hash Cache]
[2026-09-03 13:07:54] Purged 604ea5b892fab1148abea389a3c7cca590a09a [Category: Orphaned Hash Cache]
[2026-09-03 13:07:54] Purged 2a7b2103c53b06f0eb8069f3411f412f333e54 [Category: Orphaned Hash Cache]
[2026-09-03 13:07:54] Purged 9e4ea7a21ad5cd22c18e001ccf849f60c94d4f [Category: Orphaned Hash Cache]
[2026-09-03 13:07:54] Purged aaec1015a5cd59f56f8d00845e1875876c0b63 [Category: Orphaned Hash Cache]
[2026-09-03 13:07:54] Purged 14a2b5495215a662a06fe037db297b5f8556fa [Category: Orphaned Hash Cache]
[2026-09-03 13:07:54] Purged 06710fcb8314843c4d5d8f57990186c257d8dc [Category: Orphaned Hash Cache]
[2026-09-03 13:07:54] Purged 46ae4d4bbacef528174729d2113bef03aa7fa3 [Category: Orphaned Hash Cache]
[2026-09-03 13:07:54] Purged 73d695d015b2b933a408d8de6f9dcb2269594e [Category: Orphaned Hash Cache]
[2026-09-03 13:07:54] Purged 84aeaf157464ead17ed633973fb4876c2848ea [Category: Orphaned Hash Cache]
[2026-09-03 13:07:54] Purged 8c300af6b99aec25ec244adab876c5a98bd5d4 [Category: Orphaned Hash Cache]
[2026-09-03 13:07:54] Purged 3374c62311f7ceed1438e114630dde531c07e4 [Category: Orphaned Hash Cache]
[2026-09-03 13:07:54] Purged 163f8ca198c2d26426b740714d773c4b0f562e [Category: Orphaned Hash Cache]
[2026-09-03 13:07:54] Purged d6b2d405f5c58a7d2b04eea8c31ac6ea7866fb [Category: Orphaned Hash Cache]
[2026-09-03 13:07:54] Purged 146ece5e811aa218f6f6128c539ba9eb5f87e4 [Category: Orphaned Hash Cache]
[2026-09-03 13:07:54] Purged 6020a09350eb4a85cf0c156111bb9ec67d5017 [Category: Orphaned Hash Cache]
[2026-09-03 13:07:54] Purged 1aeb8ac3a1b6d479fa3959051db21a2f60d72c [Category: Orphaned Hash Cache]
[2026-09-03 13:07:54] Purged c37a9891d814ab9ac73e3061717fa3ebf27c0b [Category: Orphaned Hash Cache]
[2026-09-03 13:07:54] Purged 5a16cd326bf05fa1b3af0f43a907dea0f06d03 [Category: Orphaned Hash Cache]
[2026-09-03 13:07:54] Purged c2ce7f18f5648b74600fa98896de05c23b8573 [Category: Orphaned Hash Cache]
[2026-09-03 13:07:54] Purged cd388f16579db456f0173e630f7049d574abf4 [Category: Orphaned Hash Cache]
[2026-09-03 13:07:54] Purged e36c66a4059ce887fbf9f7f4f0b93b97ac9f14 [Category: Orphaned Hash Cache]
[2026-09-03 13:07:54] Purged 3bce5bbc8694afce2cf8ff1b09c273bcf6035c [Category: Orphaned Hash Cache]
[2026-09-03 13:07:54] Purged b0d1bd3c2aa16ddcfc44dbddf46b551aa0f955 [Category: Orphaned Hash Cache]
[2026-09-03 13:07:54] Purged c13049cae64cc6598a47f13d73e335a0fd598b [Category: Orphaned Hash Cache]
[2026-09-03 13:07:54] Purged 71a99b7328a85d50d55b53e41434e9357bbf1e [Category: Orphaned Hash Cache]
[2026-09-03 13:07:54] Purged 2fdb696c17c521d789653b00d572ce9b5ce1c7 [Category: Orphaned Hash Cache]
[2026-09-03 13:07:54] Purged 62795007f89aa9de867ad7a88a4d2e81dc7fcb [Category: Orphaned Hash Cache]
[2026-09-03 13:07:54] Purged 02a173a5b75bcb24f9bb16320856a073fc2459 [Category: Orphaned Hash Cache]
[2026-09-03 13:07:54] Purged 5e3f8f8429fa8fcf4394f0c05b4599e4c90e13 [Category: Orphaned Hash Cache]
[2026-09-03 13:07:54] Purged d4708f94d4696f36eb66366c18ccf8c489bd5c [Category: Orphaned Hash Cache]
[2026-09-03 13:07:54] Purged ca47e6821df0b235fc953e56556a2280bab221 [Category: Orphaned Hash Cache]
[2026-09-03 13:07:54] Purged tmp_obj_7RvfeG [Category: Temporary Artifact]
[2026-09-03 13:07:54] Purged tmp_obj_hIVvnB [Category: Temporary Artifact]
[2026-09-03 13:07:54] Purged 693bc8eaccea8f16f7efadacad8189fa062628 [Category: Orphaned Hash Cache]
[2026-09-03 13:07:54] Purged 1e59cd636513e06d11ee6cee91b28002ea3bba [Category: Orphaned Hash Cache]
[2026-09-03 13:07:54] Purged 495b7923dafacff59825eaa6c3d884ba921ac2 [Category: Orphaned Hash Cache]
[2026-09-03 13:07:54] Purged 6b224d99d20f11d286937265ac8508c223698a [Category: Orphaned Hash Cache]
[2026-09-03 13:07:54] Purged 1c957c26614c4b128503c64179cf9cb6771cdb [Category: Orphaned Hash Cache]
[2026-09-03 13:07:54] Purged 603da93e27902ec2244dd381064e09a36b3c99 [Category: Orphaned Hash Cache]
[2026-09-03 13:07:54] Purged 46f85fd763201b301eca56126c5457b460477d [Category: Orphaned Hash Cache]
[2026-09-03 13:07:54] Purged dca13667d9558cecc18efcaa5673242d1210ff [Category: Orphaned Hash Cache]
[2026-09-03 13:07:54] Purged ef271450a02d2d0f4f4c7d3767fa3920d8b8a7 [Category: Orphaned Hash Cache]
[2026-09-03 13:07:54] Purged 36848277646f2b2f1c4028aa81dd3446d59c41 [Category: Orphaned Hash Cache]
[2026-09-03 13:07:54] Purged b0a3d41361900dd907cc1c3f2047b7f07c2b5e [Category: Orphaned Hash Cache]
[2026-09-03 13:07:54] Purged ceeee0fe69de9d604f57dc14574a850e39f6df [Category: Orphaned Hash Cache]
[2026-09-03 13:07:54] Purged c9daf8b752a1bc0cc83edf1293d06611026f7a [Category: Orphaned Hash Cache]
[2026-09-03 13:07:54] Purged 775322d34e217cbeec2f98e16541581f5dab60 [Category: Orphaned Hash Cache]
[2026-09-03 13:07:54] Purged 9ca91b4c9d72e245e54ccf89c401e1ed28fab3 [Category: Orphaned Hash Cache]
[2026-09-03 13:07:54] Purged 20237c00b794b663731f92d10433007da8cfea [Category: Orphaned Hash Cache]
[2026-09-03 13:07:54] Purged 40695508a2e5e68680dfbc861d94bdc4bab8d6 [Category: Orphaned Hash Cache]
[2026-09-03 13:07:54] Purged f120f824baea1210bf3d24726dbd99e3374c93 [Category: Orphaned Hash Cache]
[2026-09-03 13:07:54] Purged 852d2eaf1467c9374442d1c4e42006ce538b46 [Category: Orphaned Hash Cache]
[2026-09-03 13:07:54] Purged 3e93d22dc3160c6985593aad3973988ffe99d0 [Category: Orphaned Hash Cache]
[2026-09-03 13:07:54] Purged 743babfb17f13fb925f7310b798b6cf3e48413 [Category: Orphaned Hash Cache]
[2026-09-03 13:07:54] Purged 6b99116eabb7fd8727458a0257334bde941070 [Category: Orphaned Hash Cache]
[2026-09-03 13:07:54] Purged 3bd0e7bde39bbe9aa298e104892ca46b93eebc [Category: Orphaned Hash Cache]
[2026-09-03 13:07:54] Purged a196bf0b8f9fd173114a1dc6d021942efe73a6 [Category: Orphaned Hash Cache]
[2026-09-03 13:07:54] Purged 881a1edf0c9afb0e768dffa039c97252d5c294 [Category: Orphaned Hash Cache]
[2026-09-03 13:07:54] Purged 531961840f3f4c85f0c456a9bc3f326c4e3523 [Category: Orphaned Hash Cache]
[2026-09-03 13:07:54] Purged c25e61a2857f3c3e286c61ccbbdadb315157bb [Category: Orphaned Hash Cache]
[2026-09-03 13:07:54] Purged 4e2eb32cd42bb98c6acae6b69e21abd7ae6810 [Category: Orphaned Hash Cache]
[2026-09-03 13:07:54] Purged ecb7c373b1704c9bfb403c07e6b857e29d8804 [Category: Orphaned Hash Cache]
[2026-09-03 13:07:54] Purged 6676e50215de47531310d473962acb78c31b98 [Category: Orphaned Hash Cache]
[2026-09-03 13:07:54] Purged 604ea5b892fab1148abea389a3c7cca590a09a [Category: Orphaned Hash Cache]
[2026-09-03 13:07:54] Purged 2a7b2103c53b06f0eb8069f3411f412f333e54 [Category: Orphaned Hash Cache]
[2026-09-03 13:07:54] Purged 9e4ea7a21ad5cd22c18e001ccf849f60c94d4f [Category: Orphaned Hash Cache]
[2026-09-03 13:07:54] Purged aaec1015a5cd59f56f8d00845e1875876c0b63 [Category: Orphaned Hash Cache]
[2026-09-03 13:07:54] Purged 14a2b5495215a662a06fe037db297b5f8556fa [Category: Orphaned Hash Cache]
[2026-09-03 13:07:54] Purged 06710fcb8314843c4d5d8f57990186c257d8dc [Category: Orphaned Hash Cache]
[2026-09-03 13:07:54] Purged 46ae4d4bbacef528174729d2113bef03aa7fa3 [Category: Orphaned Hash Cache]
[2026-09-03 13:07:54] Purged 73d695d015b2b933a408d8de6f9dcb2269594e [Category: Orphaned Hash Cache]
[2026-09-03 13:07:54] Purged 84aeaf157464ead17ed633973fb4876c2848ea [Category: Orphaned Hash Cache]
[2026-09-03 13:07:54] Purged 8c300af6b99aec25ec244adab876c5a98bd5d4 [Category: Orphaned Hash Cache]
[2026-09-03 13:07:54] Purged 3374c62311f7ceed1438e114630dde531c07e4 [Category: Orphaned Hash Cache]
[2026-09-03 13:07:54] Purged 163f8ca198c2d26426b740714d773c4b0f562e [Category: Orphaned Hash Cache]
[2026-09-03 13:07:54] Purged d6b2d405f5c58a7d2b04eea8c31ac6ea7866fb [Category: Orphaned Hash Cache]
[2026-09-03 13:07:54] Purged 146ece5e811aa218f6f6128c539ba9eb5f87e4 [Category: Orphaned Hash Cache]
[2026-09-03 13:07:54] Purged 6020a09350eb4a85cf0c156111bb9ec67d5017 [Category: Orphaned Hash Cache]
[2026-09-03 13:07:54] Purged 1aeb8ac3a1b6d479fa3959051db21a2f60d72c [Category: Orphaned Hash Cache]
[2026-09-03 13:07:54] Purged c37a9891d814ab9ac73e3061717fa3ebf27c0b [Category: Orphaned Hash Cache]
[2026-09-03 13:07:54] Purged 5a16cd326bf05fa1b3af0f43a907dea0f06d03 [Category: Orphaned Hash Cache]
[2026-09-03 13:07:54] Purged c2ce7f18f5648b74600fa98896de05c23b8573 [Category: Orphaned Hash Cache]
[2026-09-03 13:07:54] Purged cd388f16579db456f0173e630f7049d574abf4 [Category: Orphaned Hash Cache]
[2026-09-03 13:07:54] Purged e36c66a4059ce887fbf9f7f4f0b93b97ac9f14 [Category: Orphaned Hash Cache]
[2026-09-03 13:07:54] Purged 3bce5bbc8694afce2cf8ff1b09c273bcf6035c [Category: Orphaned Hash Cache]
[2026-09-03 13:07:54] Purged b0d1bd3c2aa16ddcfc44dbddf46b551aa0f955 [Category: Orphaned Hash Cache]
[2026-09-03 13:07:54] Purged c13049cae64cc6598a47f13d73e335a0fd598b [Category: Orphaned Hash Cache]
[2026-09-03 13:07:54] Purged 71a99b7328a85d50d55b53e41434e9357bbf1e [Category: Orphaned Hash Cache]
[2026-09-03 13:07:54] Purged 2fdb696c17c521d789653b00d572ce9b5ce1c7 [Category: Orphaned Hash Cache]
[2026-09-03 13:07:54] Purged 62795007f89aa9de867ad7a88a4d2e81dc7fcb [Category: Orphaned Hash Cache]
[2026-09-03 13:07:54] Purged 02a173a5b75bcb24f9bb16320856a073fc2459 [Category: Orphaned Hash Cache]
[2026-09-03 13:07:54] Purged 5e3f8f8429fa8fcf4394f0c05b4599e4c90e13 [Category: Orphaned Hash Cache]
[2026-09-03 13:07:54] Purged d4708f94d4696f36eb66366c18ccf8c489bd5c [Category: Orphaned Hash Cache]
[2026-09-03 13:07:54] Purged ca47e6821df0b235fc953e56556a2280bab221 [Category: Orphaned Hash Cache]
[2026-09-03 13:07:54] Purged tmp_obj_7RvfeG [Category: Temporary Artifact]
[2026-09-03 13:07:54] Purged tmp_obj_hIVvnB [Category: Temporary Artifact]
[2026-09-03 13:07:54] Purged 693bc8eaccea8f16f7efadacad8189fa062628 [Category: Orphaned Hash Cache]
[2026-09-03 13:07:54] Purged 1e59cd636513e06d11ee6cee91b28002ea3bba [Category: Orphaned Hash Cache]
[2026-09-03 13:07:54] Purged 495b7923dafacff59825eaa6c3d884ba921ac2 [Category: Orphaned Hash Cache]
[2026-09-03 13:07:54] Purged 6b224d99d20f11d286937265ac8508c223698a [Category: Orphaned Hash Cache]
[2026-09-03 13:07:54] Purged 1c957c26614c4b128503c64179cf9cb6771cdb [Category: Orphaned Hash Cache]
[2026-09-03 13:07:54] Purged 603da93e27902ec2244dd381064e09a36b3c99 [Category: Orphaned Hash Cache]
[2026-09-03 13:07:54] Purged 46f85fd763201b301eca56126c5457b460477d [Category: Orphaned Hash Cache]
[2026-09-03 13:07:54] Purged dca13667d9558cecc18efcaa5673242d1210ff [Category: Orphaned Hash Cache]
[2026-09-03 13:07:54] Purged ef271450a02d2d0f4f4c7d3767fa3920d8b8a7 [Category: Orphaned Hash Cache]
[2026-09-03 13:07:54] Purged 36848277646f2b2f1c4028aa81dd3446d59c41 [Category: Orphaned Hash Cache]
[2026-09-03 13:07:54] Purged b0a3d41361900dd907cc1c3f2047b7f07c2b5e [Category: Orphaned Hash Cache]
[2026-09-03 13:07:54] Purged ceeee0fe69de9d604f57dc14574a850e39f6df [Category: Orphaned Hash Cache]
[2026-09-03 13:07:54] Purged c9daf8b752a1bc0cc83edf1293d06611026f7a [Category: Orphaned Hash Cache]
[2026-09-03 13:07:54] Purged 775322d34e217cbeec2f98e16541581f5dab60 [Category: Orphaned Hash Cache]
[2026-09-03 13:07:54] Purged 9ca91b4c9d72e245e54ccf89c401e1ed28fab3 [Category: Orphaned Hash Cache]
[2026-09-03 13:07:54] Purged 20237c00b794b663731f92d10433007da8cfea [Category: Orphaned Hash Cache]
[2026-09-03 13:07:54] Purged 40695508a2e5e68680dfbc861d94bdc4bab8d6 [Category: Orphaned Hash Cache]
[2026-09-03 13:07:54] Purged f120f824baea1210bf3d24726dbd99e3374c93 [Category: Orphaned Hash Cache]
[2026-09-03 13:07:54] Purged 852d2eaf1467c9374442d1c4e42006ce538b46 [Category: Orphaned Hash Cache]
[2026-09-03 13:07:54] Purged 3e93d22dc3160c6985593aad3973988ffe99d0 [Category: Orphaned Hash Cache]
[2026-09-03 13:07:54] Purged 743babfb17f13fb925f7310b798b6cf3e48413 [Category: Orphaned Hash Cache]
[2026-09-03 13:07:54] Purged 6b99116eabb7fd8727458a0257334bde941070 [Category: Orphaned Hash Cache]
[2026-09-03 13:07:54] Purged 3bd0e7bde39bbe9aa298e104892ca46b93eebc [Category: Orphaned Hash Cache]
[2026-09-03 13:07:54] Purged a196bf0b8f9fd173114a1dc6d021942efe73a6 [Category: Orphaned Hash Cache]
[2026-09-03 13:07:54] Purged en_US-amy-medium.onnx [Category: Large Binary Blob]
[2026-09-03 13:07:54] Purged 881a1edf0c9afb0e768dffa039c97252d5c294 [Category: Orphaned Hash Cache]
[2026-09-03 13:07:54] Purged 531961840f3f4c85f0c456a9bc3f326c4e3523 [Category: Orphaned Hash Cache]
[2026-09-03 13:07:54] Purged c25e61a2857f3c3e286c61ccbbdadb315157bb [Category: Orphaned Hash Cache]
[2026-09-03 13:07:54] Purged 4e2eb32cd42bb98c6acae6b69e21abd7ae6810 [Category: Orphaned Hash Cache]
[2026-09-03 13:07:54] Purged ecb7c373b1704c9bfb403c07e6b857e29d8804 [Category: Orphaned Hash Cache]
[2026-09-03 13:07:54] Purged 6676e50215de47531310d473962acb78c31b98 [Category: Orphaned Hash Cache]
[2026-09-03 13:07:54] Purged 604ea5b892fab1148abea389a3c7cca590a09a [Category: Orphaned Hash Cache]
[2026-09-03 13:07:54] Purged 2a7b2103c53b06f0eb8069f3411f412f333e54 [Category: Orphaned Hash Cache]
[2026-09-03 13:07:54] Purged 9e4ea7a21ad5cd22c18e001ccf849f60c94d4f [Category: Orphaned Hash Cache]
[2026-09-03 13:07:54] Purged aaec1015a5cd59f56f8d00845e1875876c0b63 [Category: Orphaned Hash Cache]
[2026-09-03 13:07:54] Purged 14a2b5495215a662a06fe037db297b5f8556fa [Category: Orphaned Hash Cache]
[2026-09-03 13:07:54] Purged 06710fcb8314843c4d5d8f57990186c257d8dc [Category: Orphaned Hash Cache]
[2026-09-03 13:07:54] Purged 46ae4d4bbacef528174729d2113bef03aa7fa3 [Category: Orphaned Hash Cache]
[2026-09-03 13:07:54] Purged 73d695d015b2b933a408d8de6f9dcb2269594e [Category: Orphaned Hash Cache]
[2026-09-03 13:07:54] Purged 84aeaf157464ead17ed633973fb4876c2848ea [Category: Orphaned Hash Cache]
[2026-09-03 13:07:54] Purged 8c300af6b99aec25ec244adab876c5a98bd5d4 [Category: Orphaned Hash Cache]
[2026-09-03 13:07:54] Purged 3374c62311f7ceed1438e114630dde531c07e4 [Category: Orphaned Hash Cache]
[2026-09-03 13:07:54] Purged 163f8ca198c2d26426b740714d773c4b0f562e [Category: Orphaned Hash Cache]
[2026-09-03 13:07:54] Purged d6b2d405f5c58a7d2b04eea8c31ac6ea7866fb [Category: Orphaned Hash Cache]
[2026-09-03 13:07:54] Purged 146ece5e811aa218f6f6128c539ba9eb5f87e4 [Category: Orphaned Hash Cache]
[2026-09-03 13:07:54] Purged 6020a09350eb4a85cf0c156111bb9ec67d5017 [Category: Orphaned Hash Cache]
[2026-09-03 13:07:54] Purged 1aeb8ac3a1b6d479fa3959051db21a2f60d72c [Category: Orphaned Hash Cache]
[2026-09-03 13:07:54] Purged c37a9891d814ab9ac73e3061717fa3ebf27c0b [Category: Orphaned Hash Cache]
[2026-09-03 13:07:54] Purged 5a16cd326bf05fa1b3af0f43a907dea0f06d03 [Category: Orphaned Hash Cache]
[2026-09-03 13:07:54] Purged c2ce7f18f5648b74600fa98896de05c23b8573 [Category: Orphaned Hash Cache]
[2026-09-03 13:07:54] Purged cd388f16579db456f0173e630f7049d574abf4 [Category: Orphaned Hash Cache]
[2026-09-03 13:07:54] Purged e36c66a4059ce887fbf9f7f4f0b93b97ac9f14 [Category: Orphaned Hash Cache]
[2026-09-03 13:07:54] Purged 3bce5bbc8694afce2cf8ff1b09c273bcf6035c [Category: Orphaned Hash Cache]
[2026-09-03 13:07:54] Purged b0d1bd3c2aa16ddcfc44dbddf46b551aa0f955 [Category: Orphaned Hash Cache]
[2026-09-03 13:07:54] Purged c13049cae64cc6598a47f13d73e335a0fd598b [Category: Orphaned Hash Cache]
[2026-09-03 13:07:54] Purged 71a99b7328a85d50d55b53e41434e9357bbf1e [Category: Orphaned Hash Cache]
[2026-09-03 13:07:54] Purged 2fdb696c17c521d789653b00d572ce9b5ce1c7 [Category: Orphaned Hash Cache]
[2026-09-03 13:07:54] Purged 62795007f89aa9de867ad7a88a4d2e81dc7fcb [Category: Orphaned Hash Cache]
[2026-09-03 13:07:54] Purged 02a173a5b75bcb24f9bb16320856a073fc2459 [Category: Orphaned Hash Cache]
[2026-09-03 13:07:54] Purged 5e3f8f8429fa8fcf4394f0c05b4599e4c90e13 [Category: Orphaned Hash Cache]
[2026-09-03 13:07:54] Purged d4708f94d4696f36eb66366c18ccf8c489bd5c [Category: Orphaned Hash Cache]
[2026-09-03 13:07:54] Purged ca47e6821df0b235fc953e56556a2280bab221 [Category: Orphaned Hash Cache]
[2026-09-03 13:07:54] Purged tmp_obj_7RvfeG [Category: Temporary Artifact]
[2026-09-03 13:07:54] Purged tmp_obj_hIVvnB [Category: Temporary Artifact]
[2026-09-03 13:07:54] Purged 693bc8eaccea8f16f7efadacad8189fa062628 [Category: Orphaned Hash Cache]
[2026-09-03 13:07:54] Purged 1e59cd636513e06d11ee6cee91b28002ea3bba [Category: Orphaned Hash Cache]
[2026-09-03 13:07:54] Purged 495b7923dafacff59825eaa6c3d884ba921ac2 [Category: Orphaned Hash Cache]
[2026-09-03 13:07:54] Purged 6b224d99d20f11d286937265ac8508c223698a [Category: Orphaned Hash Cache]
[2026-09-03 13:07:54] Purged 1c957c26614c4b128503c64179cf9cb6771cdb [Category: Orphaned Hash Cache]
[2026-09-03 13:07:54] Purged 603da93e27902ec2244dd381064e09a36b3c99 [Category: Orphaned Hash Cache]
[2026-09-03 13:07:54] Purged 46f85fd763201b301eca56126c5457b460477d [Category: Orphaned Hash Cache]
[2026-09-03 13:07:54] Purged dca13667d9558cecc18efcaa5673242d1210ff [Category: Orphaned Hash Cache]
[2026-09-03 13:07:54] Purged ef271450a02d2d0f4f4c7d3767fa3920d8b8a7 [Category: Orphaned Hash Cache]
[2026-09-03 13:07:54] Purged 36848277646f2b2f1c4028aa81dd3446d59c41 [Category: Orphaned Hash Cache]
[2026-09-03 13:07:54] Purged b0a3d41361900dd907cc1c3f2047b7f07c2b5e [Category: Orphaned Hash Cache]
[2026-09-03 13:07:54] Purged ceeee0fe69de9d604f57dc14574a850e39f6df [Category: Orphaned Hash Cache]
[2026-09-03 13:07:54] Purged c9daf8b752a1bc0cc83edf1293d06611026f7a [Category: Orphaned Hash Cache]
[2026-09-03 13:07:54] Purged 775322d34e217cbeec2f98e16541581f5dab60 [Category: Orphaned Hash Cache]
[2026-09-03 13:07:54] Purged 9ca91b4c9d72e245e54ccf89c401e1ed28fab3 [Category: Orphaned Hash Cache]
[2026-09-03 13:07:54] Purged 20237c00b794b663731f92d10433007da8cfea [Category: Orphaned Hash Cache]
[2026-09-03 13:07:54] Purged 40695508a2e5e68680dfbc861d94bdc4bab8d6 [Category: Orphaned Hash Cache]
[2026-09-03 13:07:54] Purged f120f824baea1210bf3d24726dbd99e3374c93 [Category: Orphaned Hash Cache]
[2026-09-03 13:07:54] Purged 852d2eaf1467c9374442d1c4e42006ce538b46 [Category: Orphaned Hash Cache]
[2026-09-03 13:07:54] Purged 3e93d22dc3160c6985593aad3973988ffe99d0 [Category: Orphaned Hash Cache]
[2026-09-03 13:07:54] Purged 743babfb17f13fb925f7310b798b6cf3e48413 [Category: Orphaned Hash Cache]
[2026-09-03 13:07:54] Purged 6b99116eabb7fd8727458a0257334bde941070 [Category: Orphaned Hash Cache]
[2026-09-03 13:07:54] Purged 3bd0e7bde39bbe9aa298e104892ca46b93eebc [Category: Orphaned Hash Cache]
[2026-09-03 13:07:54] Purged a196bf0b8f9fd173114a1dc6d021942efe73a6 [Category: Orphaned Hash Cache]
[2026-09-03 13:07:54] Purged 881a1edf0c9afb0e768dffa039c97252d5c294 [Category: Orphaned Hash Cache]
[2026-09-03 13:07:54] Purged 531961840f3f4c85f0c456a9bc3f326c4e3523 [Category: Orphaned Hash Cache]
[2026-09-03 13:07:54] Purged c25e61a2857f3c3e286c61ccbbdadb315157bb [Category: Orphaned Hash Cache]
[2026-09-03 13:07:54] Purged 4e2eb32cd42bb98c6acae6b69e21abd7ae6810 [Category: Orphaned Hash Cache]
[2026-09-03 13:07:54] Purged ecb7c373b1704c9bfb403c07e6b857e29d8804 [Category: Orphaned Hash Cache]
[2026-09-03 13:07:54] Purged 6676e50215de47531310d473962acb78c31b98 [Category: Orphaned Hash Cache]
[2026-09-03 13:07:54] Purged 604ea5b892fab1148abea389a3c7cca590a09a [Category: Orphaned Hash Cache]
[2026-09-03 13:07:54] Purged 2a7b2103c53b06f0eb8069f3411f412f333e54 [Category: Orphaned Hash Cache]
[2026-09-03 13:07:54] Purged 9e4ea7a21ad5cd22c18e001ccf849f60c94d4f [Category: Orphaned Hash Cache]
[2026-09-03 13:07:54] Purged aaec1015a5cd59f56f8d00845e1875876c0b63 [Category: Orphaned Hash Cache]
[2026-09-03 13:07:54] Purged 14a2b5495215a662a06fe037db297b5f8556fa [Category: Orphaned Hash Cache]
[2026-09-03 13:07:54] Purged 06710fcb8314843c4d5d8f57990186c257d8dc [Category: Orphaned Hash Cache]
[2026-09-03 13:07:54] Purged 46ae4d4bbacef528174729d2113bef03aa7fa3 [Category: Orphaned Hash Cache]
[2026-09-03 13:07:54] Purged 73d695d015b2b933a408d8de6f9dcb2269594e [Category: Orphaned Hash Cache]
[2026-09-03 13:07:54] Purged 84aeaf157464ead17ed633973fb4876c2848ea [Category: Orphaned Hash Cache]
[2026-09-03 13:07:54] Purged 8c300af6b99aec25ec244adab876c5a98bd5d4 [Category: Orphaned Hash Cache]
[2026-09-03 13:07:54] Purged 3374c62311f7ceed1438e114630dde531c07e4 [Category: Orphaned Hash Cache]
[2026-09-03 13:07:54] Purged 163f8ca198c2d26426b740714d773c4b0f562e [Category: Orphaned Hash Cache]
[2026-09-03 13:07:54] Purged d6b2d405f5c58a7d2b04eea8c31ac6ea7866fb [Category: Orphaned Hash Cache]
[2026-09-03 13:07:54] Purged 146ece5e811aa218f6f6128c539ba9eb5f87e4 [Category: Orphaned Hash Cache]
[2026-09-03 13:07:54] Purged 6020a09350eb4a85cf0c156111bb9ec67d5017 [Category: Orphaned Hash Cache]
[2026-09-03 13:07:54] Purged 1aeb8ac3a1b6d479fa3959051db21a2f60d72c [Category: Orphaned Hash Cache]
[2026-09-03 13:07:54] Purged c37a9891d814ab9ac73e3061717fa3ebf27c0b [Category: Orphaned Hash Cache]
[2026-09-03 13:07:54] Purged 5a16cd326bf05fa1b3af0f43a907dea0f06d03 [Category: Orphaned Hash Cache]
[2026-09-03 13:07:54] Purged c2ce7f18f5648b74600fa98896de05c23b8573 [Category: Orphaned Hash Cache]
[2026-09-03 13:07:54] Purged cd388f16579db456f0173e630f7049d574abf4 [Category: Orphaned Hash Cache]
[2026-09-03 13:07:54] Purged e36c66a4059ce887fbf9f7f4f0b93b97ac9f14 [Category: Orphaned Hash Cache]
[2026-09-03 13:07:54] Purged 3bce5bbc8694afce2cf8ff1b09c273bcf6035c [Category: Orphaned Hash Cache]
[2026-09-03 13:07:54] Purged b0d1bd3c2aa16ddcfc44dbddf46b551aa0f955 [Category: Orphaned Hash Cache]
[2026-09-03 13:07:54] Purged c13049cae64cc6598a47f13d73e335a0fd598b [Category: Orphaned Hash Cache]
[2026-09-03 13:07:54] Purged 71a99b7328a85d50d55b53e41434e9357bbf1e [Category: Orphaned Hash Cache]
[2026-09-03 13:07:54] Purged 2fdb696c17c521d789653b00d572ce9b5ce1c7 [Category: Orphaned Hash Cache]
[2026-09-03 13:07:54] Purged 62795007f89aa9de867ad7a88a4d2e81dc7fcb [Category: Orphaned Hash Cache]
[2026-09-03 13:07:54] Purged 02a173a5b75bcb24f9bb16320856a073fc2459 [Category: Orphaned Hash Cache]
[2026-09-03 13:07:54] Purged 5e3f8f8429fa8fcf4394f0c05b4599e4c90e13 [Category: Orphaned Hash Cache]
[2026-09-03 13:07:54] Purged d4708f94d4696f36eb66366c18ccf8c489bd5c [Category: Orphaned Hash Cache]
[2026-09-03 13:07:54] Purged ca47e6821df0b235fc953e56556a2280bab221 [Category: Orphaned Hash Cache]
[2026-09-03 13:07:54] Purged tmp_obj_7RvfeG [Category: Temporary Artifact]
[2026-09-03 13:07:54] Purged tmp_obj_hIVvnB [Category: Temporary Artifact]
[2026-09-03 13:07:54] Purged 693bc8eaccea8f16f7efadacad8189fa062628 [Category: Orphaned Hash Cache]
[2026-09-03 13:07:54] Purged 1e59cd636513e06d11ee6cee91b28002ea3bba [Category: Orphaned Hash Cache]
[2026-09-03 13:07:54] Purged 495b7923dafacff59825eaa6c3d884ba921ac2 [Category: Orphaned Hash Cache]
[2026-09-03 13:07:54] Purged 6b224d99d20f11d286937265ac8508c223698a [Category: Orphaned Hash Cache]
[2026-09-03 13:07:54] Purged 1c957c26614c4b128503c64179cf9cb6771cdb [Category: Orphaned Hash Cache]
[2026-09-03 13:07:54] Purged 603da93e27902ec2244dd381064e09a36b3c99 [Category: Orphaned Hash Cache]
[2026-09-03 13:07:54] Purged 46f85fd763201b301eca56126c5457b460477d [Category: Orphaned Hash Cache]
[2026-09-03 13:07:54] Purged dca13667d9558cecc18efcaa5673242d1210ff [Category: Orphaned Hash Cache]
[2026-09-03 13:07:54] Purged ef271450a02d2d0f4f4c7d3767fa3920d8b8a7 [Category: Orphaned Hash Cache]
[2026-09-03 13:07:54] Purged 36848277646f2b2f1c4028aa81dd3446d59c41 [Category: Orphaned Hash Cache]
[2026-09-03 13:07:54] Purged b0a3d41361900dd907cc1c3f2047b7f07c2b5e [Category: Orphaned Hash Cache]
[2026-09-03 13:07:54] Purged ceeee0fe69de9d604f57dc14574a850e39f6df [Category: Orphaned Hash Cache]
[2026-09-03 13:07:54] Purged c9daf8b752a1bc0cc83edf1293d06611026f7a [Category: Orphaned Hash Cache]
[2026-09-03 13:07:54] Purged 775322d34e217cbeec2f98e16541581f5dab60 [Category: Orphaned Hash Cache]
[2026-09-03 13:07:54] Purged 9ca91b4c9d72e245e54ccf89c401e1ed28fab3 [Category: Orphaned Hash Cache]
[2026-09-03 13:07:54] Purged 20237c00b794b663731f92d10433007da8cfea [Category: Orphaned Hash Cache]
[2026-09-03 13:07:54] Purged 40695508a2e5e68680dfbc861d94bdc4bab8d6 [Category: Orphaned Hash Cache]
[2026-09-03 13:07:54] Purged f120f824baea1210bf3d24726dbd99e3374c93 [Category: Orphaned Hash Cache]
[2026-09-03 13:07:54] Purged 852d2eaf1467c9374442d1c4e42006ce538b46 [Category: Orphaned Hash Cache]
[2026-09-03 13:07:54] Purged 3e93d22dc3160c6985593aad3973988ffe99d0 [Category: Orphaned Hash Cache]
[2026-09-03 13:07:54] Purged 743babfb17f13fb925f7310b798b6cf3e48413 [Category: Orphaned Hash Cache]
[2026-09-03 13:07:54] Purged 6b99116eabb7fd8727458a0257334bde941070 [Category: Orphaned Hash Cache]
[2026-09-03 13:07:54] Purged 3bd0e7bde39bbe9aa298e104892ca46b93eebc [Category: Orphaned Hash Cache]
[2026-09-03 13:07:54] Purged a196bf0b8f9fd173114a1dc6d021942efe73a6 [Category: Orphaned Hash Cache]
[2026-09-03 13:07:54] Purged 881a1edf0c9afb0e768dffa039c97252d5c294 [Category: Orphaned Hash Cache]
[2026-09-03 13:07:54] Purged 531961840f3f4c85f0c456a9bc3f326c4e3523 [Category: Orphaned Hash Cache]
[2026-09-03 13:07:54] Purged c25e61a2857f3c3e286c61ccbbdadb315157bb [Category: Orphaned Hash Cache]
[2026-09-03 13:07:54] Purged 4e2eb32cd42bb98c6acae6b69e21abd7ae6810 [Category: Orphaned Hash Cache]
[2026-09-03 13:07:54] Purged ecb7c373b1704c9bfb403c07e6b857e29d8804 [Category: Orphaned Hash Cache]
[2026-09-03 13:07:54] Purged 6676e50215de47531310d473962acb78c31b98 [Category: Orphaned Hash Cache]
[2026-09-03 13:07:54] Purged 604ea5b892fab1148abea389a3c7cca590a09a [Category: Orphaned Hash Cache]
[2026-09-03 13:07:54] Purged 2a7b2103c53b06f0eb8069f3411f412f333e54 [Category: Orphaned Hash Cache]
[2026-09-03 13:07:54] Purged 9e4ea7a21ad5cd22c18e001ccf849f60c94d4f [Category: Orphaned Hash Cache]
[2026-09-03 13:07:54] Purged aaec1015a5cd59f56f8d00845e1875876c0b63 [Category: Orphaned Hash Cache]
[2026-09-03 13:07:54] Purged 14a2b5495215a662a06fe037db297b5f8556fa [Category: Orphaned Hash Cache]
[2026-09-03 13:07:54] Purged 06710fcb8314843c4d5d8f57990186c257d8dc [Category: Orphaned Hash Cache]
[2026-09-03 13:07:54] Purged 46ae4d4bbacef528174729d2113bef03aa7fa3 [Category: Orphaned Hash Cache]
[2026-09-03 13:07:54] Purged 73d695d015b2b933a408d8de6f9dcb2269594e [Category: Orphaned Hash Cache]
[2026-09-03 13:07:54] Purged 84aeaf157464ead17ed633973fb4876c2848ea [Category: Orphaned Hash Cache]
[2026-09-03 13:07:54] Purged 8c300af6b99aec25ec244adab876c5a98bd5d4 [Category: Orphaned Hash Cache]
[2026-09-03 13:07:54] Purged 3374c62311f7ceed1438e114630dde531c07e4 [Category: Orphaned Hash Cache]
[2026-09-03 13:07:54] Purged 163f8ca198c2d26426b740714d773c4b0f562e [Category: Orphaned Hash Cache]
[2026-09-03 13:07:54] Purged d6b2d405f5c58a7d2b04eea8c31ac6ea7866fb [Category: Orphaned Hash Cache]
[2026-09-03 13:07:54] Purged 146ece5e811aa218f6f6128c539ba9eb5f87e4 [Category: Orphaned Hash Cache]
[2026-09-03 13:07:54] Purged 6020a09350eb4a85cf0c156111bb9ec67d5017 [Category: Orphaned Hash Cache]
[2026-09-03 13:07:54] Purged 1aeb8ac3a1b6d479fa3959051db21a2f60d72c [Category: Orphaned Hash Cache]
[2026-09-03 13:07:54] Purged c37a9891d814ab9ac73e3061717fa3ebf27c0b [Category: Orphaned Hash Cache]
[2026-09-03 13:07:54] Purged 5a16cd326bf05fa1b3af0f43a907dea0f06d03 [Category: Orphaned Hash Cache]
[2026-09-03 13:07:54] Purged c2ce7f18f5648b74600fa98896de05c23b8573 [Category: Orphaned Hash Cache]
[2026-09-03 13:07:54] Purged cd388f16579db456f0173e630f7049d574abf4 [Category: Orphaned Hash Cache]
[2026-09-03 13:07:54] Purged e36c66a4059ce887fbf9f7f4f0b93b97ac9f14 [Category: Orphaned Hash Cache]
[2026-09-03 13:07:54] Purged 3bce5bbc8694afce2cf8ff1b09c273bcf6035c [Category: Orphaned Hash Cache]
[2026-09-03 13:07:54] Purged b0d1bd3c2aa16ddcfc44dbddf46b551aa0f955 [Category: Orphaned Hash Cache]
[2026-09-03 13:07:54] Purged c13049cae64cc6598a47f13d73e335a0fd598b [Category: Orphaned Hash Cache]
[2026-09-03 13:07:54] Purged 71a99b7328a85d50d55b53e41434e9357bbf1e [Category: Orphaned Hash Cache]
[2026-09-03 13:07:54] Purged 2fdb696c17c521d789653b00d572ce9b5ce1c7 [Category: Orphaned Hash Cache]
[2026-09-03 13:07:54] Purged 62795007f89aa9de867ad7a88a4d2e81dc7fcb [Category: Orphaned Hash Cache]
[2026-09-03 13:07:54] Purged 02a173a5b75bcb24f9bb16320856a073fc2459 [Category: Orphaned Hash Cache]
[2026-09-03 13:07:54] Purged 5e3f8f8429fa8fcf4394f0c05b4599e4c90e13 [Category: Orphaned Hash Cache]
[2026-09-03 13:07:54] Purged d4708f94d4696f36eb66366c18ccf8c489bd5c [Category: Orphaned Hash Cache]
[2026-09-03 13:07:54] Purged ca47e6821df0b235fc953e56556a2280bab221 [Category: Orphaned Hash Cache]
[2026-09-03 13:07:54] Purged tmp_obj_7RvfeG [Category: Temporary Artifact]
[2026-09-03 13:07:54] Purged tmp_obj_hIVvnB [Category: Temporary Artifact]
[2026-09-03 13:07:54] Purged 693bc8eaccea8f16f7efadacad8189fa062628 [Category: Orphaned Hash Cache]
[2026-09-03 13:07:54] Purged 1e59cd636513e06d11ee6cee91b28002ea3bba [Category: Orphaned Hash Cache]
[2026-09-03 13:07:54] Purged 495b7923dafacff59825eaa6c3d884ba921ac2 [Category: Orphaned Hash Cache]
[2026-09-03 13:07:54] Purged 6b224d99d20f11d286937265ac8508c223698a [Category: Orphaned Hash Cache]
[2026-09-03 13:07:54] Purged 1c957c26614c4b128503c64179cf9cb6771cdb [Category: Orphaned Hash Cache]
[2026-09-03 13:07:54] Purged 603da93e27902ec2244dd381064e09a36b3c99 [Category: Orphaned Hash Cache]
[2026-09-03 13:07:54] Purged 46f85fd763201b301eca56126c5457b460477d [Category: Orphaned Hash Cache]
[2026-09-03 13:07:54] Purged dca13667d9558cecc18efcaa5673242d1210ff [Category: Orphaned Hash Cache]
[2026-09-03 13:07:54] Purged ef271450a02d2d0f4f4c7d3767fa3920d8b8a7 [Category: Orphaned Hash Cache]
[2026-09-03 13:07:54] Purged 36848277646f2b2f1c4028aa81dd3446d59c41 [Category: Orphaned Hash Cache]
[2026-09-03 13:07:54] Purged b0a3d41361900dd907cc1c3f2047b7f07c2b5e [Category: Orphaned Hash Cache]
[2026-09-03 13:07:54] Purged ceeee0fe69de9d604f57dc14574a850e39f6df [Category: Orphaned Hash Cache]
[2026-09-03 13:07:54] Purged c9daf8b752a1bc0cc83edf1293d06611026f7a [Category: Orphaned Hash Cache]
[2026-09-03 13:07:54] Purged 775322d34e217cbeec2f98e16541581f5dab60 [Category: Orphaned Hash Cache]
[2026-09-03 13:07:54] Purged 9ca91b4c9d72e245e54ccf89c401e1ed28fab3 [Category: Orphaned Hash Cache]
[2026-09-03 13:07:54] Purged 20237c00b794b663731f92d10433007da8cfea [Category: Orphaned Hash Cache]
[2026-09-03 13:07:54] Purged 40695508a2e5e68680dfbc861d94bdc4bab8d6 [Category: Orphaned Hash Cache]
[2026-09-03 13:07:54] Purged f120f824baea1210bf3d24726dbd99e3374c93 [Category: Orphaned Hash Cache]
[2026-09-03 13:07:54] Purged 852d2eaf1467c9374442d1c4e42006ce538b46 [Category: Orphaned Hash Cache]
[2026-09-03 13:07:54] Purged 3e93d22dc3160c6985593aad3973988ffe99d0 [Category: Orphaned Hash Cache]
[2026-09-03 13:07:54] Purged 743babfb17f13fb925f7310b798b6cf3e48413 [Category: Orphaned Hash Cache]
[2026-09-03 13:07:54] Purged 6b99116eabb7fd8727458a0257334bde941070 [Category: Orphaned Hash Cache]
[2026-09-03 13:07:54] Purged 3bd0e7bde39bbe9aa298e104892ca46b93eebc [Category: Orphaned Hash Cache]
[2026-09-03 13:07:54] Purged a196bf0b8f9fd173114a1dc6d021942efe73a6 [Category: Orphaned Hash Cache]
[2026-09-03 13:07:54] Purged en_US-amy-medium.onnx [Category: Large Binary Blob]
[2026-09-03 13:07:54] Purged 881a1edf0c9afb0e768dffa039c97252d5c294 [Category: Orphaned Hash Cache]
[2026-09-03 13:07:54] Purged 531961840f3f4c85f0c456a9bc3f326c4e3523 [Category: Orphaned Hash Cache]
[2026-09-03 13:07:54] Purged c25e61a2857f3c3e286c61ccbbdadb315157bb [Category: Orphaned Hash Cache]
[2026-09-03 13:07:54] Purged 4e2eb32cd42bb98c6acae6b69e21abd7ae6810 [Category: Orphaned Hash Cache]
[2026-09-03 13:07:54] Purged ecb7c373b1704c9bfb403c07e6b857e29d8804 [Category: Orphaned Hash Cache]
[2026-09-03 13:07:54] Purged 6676e50215de47531310d473962acb78c31b98 [Category: Orphaned Hash Cache]
[2026-09-03 13:07:54] Purged 604ea5b892fab1148abea389a3c7cca590a09a [Category: Orphaned Hash Cache]
[2026-09-03 13:07:54] Purged 2a7b2103c53b06f0eb8069f3411f412f333e54 [Category: Orphaned Hash Cache]
[2026-09-03 13:07:54] Purged 9e4ea7a21ad5cd22c18e001ccf849f60c94d4f [Category: Orphaned Hash Cache]
[2026-09-03 13:07:54] Purged aaec1015a5cd59f56f8d00845e1875876c0b63 [Category: Orphaned Hash Cache]
[2026-09-03 13:07:54] Purged 14a2b5495215a662a06fe037db297b5f8556fa [Category: Orphaned Hash Cache]
[2026-09-03 13:07:54] Purged 06710fcb8314843c4d5d8f57990186c257d8dc [Category: Orphaned Hash Cache]
[2026-09-03 13:07:54] Purged 46ae4d4bbacef528174729d2113bef03aa7fa3 [Category: Orphaned Hash Cache]
[2026-09-03 13:07:54] Purged 73d695d015b2b933a408d8de6f9dcb2269594e [Category: Orphaned Hash Cache]
[2026-09-03 13:07:54] Purged 84aeaf157464ead17ed633973fb4876c2848ea [Category: Orphaned Hash Cache]
[2026-09-03 13:07:54] Purged 8c300af6b99aec25ec244adab876c5a98bd5d4 [Category: Orphaned Hash Cache]
[2026-09-03 13:07:54] Purged 3374c62311f7ceed1438e114630dde531c07e4 [Category: Orphaned Hash Cache]
[2026-09-03 13:07:54] Purged 163f8ca198c2d26426b740714d773c4b0f562e [Category: Orphaned Hash Cache]
[2026-09-03 13:07:54] Purged d6b2d405f5c58a7d2b04eea8c31ac6ea7866fb [Category: Orphaned Hash Cache]
[2026-09-03 13:07:54] Purged 146ece5e811aa218f6f6128c539ba9eb5f87e4 [Category: Orphaned Hash Cache]
[2026-09-03 13:07:54] Purged 6020a09350eb4a85cf0c156111bb9ec67d5017 [Category: Orphaned Hash Cache]
[2026-09-03 13:07:54] Purged 1aeb8ac3a1b6d479fa3959051db21a2f60d72c [Category: Orphaned Hash Cache]
[2026-09-03 13:07:54] Purged c37a9891d814ab9ac73e3061717fa3ebf27c0b [Category: Orphaned Hash Cache]
[2026-09-03 13:07:54] Purged 5a16cd326bf05fa1b3af0f43a907dea0f06d03 [Category: Orphaned Hash Cache]
[2026-09-03 13:07:54] Purged c2ce7f18f5648b74600fa98896de05c23b8573 [Category: Orphaned Hash Cache]
[2026-09-03 13:07:54] Purged cd388f16579db456f0173e630f7049d574abf4 [Category: Orphaned Hash Cache]
[2026-09-03 13:07:54] Purged e36c66a4059ce887fbf9f7f4f0b93b97ac9f14 [Category: Orphaned Hash Cache]
[2026-09-03 13:07:54] Purged 3bce5bbc8694afce2cf8ff1b09c273bcf6035c [Category: Orphaned Hash Cache]
[2026-09-03 13:07:54] Purged b0d1bd3c2aa16ddcfc44dbddf46b551aa0f955 [Category: Orphaned Hash Cache]
[2026-09-03 13:07:54] Purged c13049cae64cc6598a47f13d73e335a0fd598b [Category: Orphaned Hash Cache]
[2026-09-03 13:07:54] Purged 71a99b7328a85d50d55b53e41434e9357bbf1e [Category: Orphaned Hash Cache]
[2026-09-03 13:07:54] Purged 2fdb696c17c521d789653b00d572ce9b5ce1c7 [Category: Orphaned Hash Cache]
[2026-09-03 13:07:54] Purged 62795007f89aa9de867ad7a88a4d2e81dc7fcb [Category: Orphaned Hash Cache]
[2026-09-03 13:07:54] Purged 02a173a5b75bcb24f9bb16320856a073fc2459 [Category: Orphaned Hash Cache]
[2026-09-03 13:07:54] Purged 5e3f8f8429fa8fcf4394f0c05b4599e4c90e13 [Category: Orphaned Hash Cache]
[2026-09-03 13:07:54] Purged d4708f94d4696f36eb66366c18ccf8c489bd5c [Category: Orphaned Hash Cache]
[2026-09-03 13:07:54] Purged ca47e6821df0b235fc953e56556a2280bab221 [Category: Orphaned Hash Cache]
[2026-09-03 13:07:54] Purged tmp_obj_7RvfeG [Category: Temporary Artifact]
[2026-09-03 13:07:54] Purged tmp_obj_hIVvnB [Category: Temporary Artifact]
[2026-09-03 13:07:54] Purged 693bc8eaccea8f16f7efadacad8189fa062628 [Category: Orphaned Hash Cache]
[2026-09-03 13:07:54] Purged 1e59cd636513e06d11ee6cee91b28002ea3bba [Category: Orphaned Hash Cache]
[2026-09-03 13:07:54] Purged 495b7923dafacff59825eaa6c3d884ba921ac2 [Category: Orphaned Hash Cache]
[2026-09-03 13:07:54] Purged 6b224d99d20f11d286937265ac8508c223698a [Category: Orphaned Hash Cache]
[2026-09-03 13:07:54] Purged 1c957c26614c4b128503c64179cf9cb6771cdb [Category: Orphaned Hash Cache]
[2026-09-03 13:07:54] Purged 603da93e27902ec2244dd381064e09a36b3c99 [Category: Orphaned Hash Cache]
[2026-09-03 13:07:54] Purged 46f85fd763201b301eca56126c5457b460477d [Category: Orphaned Hash Cache]
[2026-09-03 13:07:54] Purged dca13667d9558cecc18efcaa5673242d1210ff [Category: Orphaned Hash Cache]
[2026-09-03 13:07:54] Purged ef271450a02d2d0f4f4c7d3767fa3920d8b8a7 [Category: Orphaned Hash Cache]
[2026-09-03 13:07:54] Purged 36848277646f2b2f1c4028aa81dd3446d59c41 [Category: Orphaned Hash Cache]
[2026-09-03 13:07:54] Purged b0a3d41361900dd907cc1c3f2047b7f07c2b5e [Category: Orphaned Hash Cache]
[2026-09-03 13:07:54] Purged ceeee0fe69de9d604f57dc14574a850e39f6df [Category: Orphaned Hash Cache]
[2026-09-03 13:07:54] Purged c9daf8b752a1bc0cc83edf1293d06611026f7a [Category: Orphaned Hash Cache]
[2026-09-03 13:07:54] Purged 775322d34e217cbeec2f98e16541581f5dab60 [Category: Orphaned Hash Cache]
[2026-09-03 13:07:54] Purged 9ca91b4c9d72e245e54ccf89c401e1ed28fab3 [Category: Orphaned Hash Cache]
[2026-09-03 13:07:54] Purged 20237c00b794b663731f92d10433007da8cfea [Category: Orphaned Hash Cache]
[2026-09-03 13:07:54] Purged 40695508a2e5e68680dfbc861d94bdc4bab8d6 [Category: Orphaned Hash Cache]
[2026-09-03 13:07:54] Purged f120f824baea1210bf3d24726dbd99e3374c93 [Category: Orphaned Hash Cache]
[2026-09-03 13:07:54] Purged 852d2eaf1467c9374442d1c4e42006ce538b46 [Category: Orphaned Hash Cache]
[2026-09-03 13:07:54] Purged 3e93d22dc3160c6985593aad3973988ffe99d0 [Category: Orphaned Hash Cache]
[2026-09-03 13:07:54] Purged 743babfb17f13fb925f7310b798b6cf3e48413 [Category: Orphaned Hash Cache]
[2026-09-03 13:07:54] Purged 6b99116eabb7fd8727458a0257334bde941070 [Category: Orphaned Hash Cache]
[2026-09-03 13:07:54] Purged 3bd0e7bde39bbe9aa298e104892ca46b93eebc [Category: Orphaned Hash Cache]
[2026-09-03 13:07:54] Purged a196bf0b8f9fd173114a1dc6d021942efe73a6 [Category: Orphaned Hash Cache]
[2026-09-03 13:07:54] Purged 881a1edf0c9afb0e768dffa039c97252d5c294 [Category: Orphaned Hash Cache]
[2026-09-03 13:07:54] Purged 531961840f3f4c85f0c456a9bc3f326c4e3523 [Category: Orphaned Hash Cache]
[2026-09-03 13:07:54] Purged c25e61a2857f3c3e286c61ccbbdadb315157bb [Category: Orphaned Hash Cache]
[2026-09-03 13:07:54] Purged 4e2eb32cd42bb98c6acae6b69e21abd7ae6810 [Category: Orphaned Hash Cache]
[2026-09-03 13:07:54] Purged ecb7c373b1704c9bfb403c07e6b857e29d8804 [Category: Orphaned Hash Cache]
[2026-09-03 13:07:54] Purged 6676e50215de47531310d473962acb78c31b98 [Category: Orphaned Hash Cache]
[2026-09-03 13:07:54] Purged 604ea5b892fab1148abea389a3c7cca590a09a [Category: Orphaned Hash Cache]
[2026-09-03 13:07:54] Purged 2a7b2103c53b06f0eb8069f3411f412f333e54 [Category: Orphaned Hash Cache]
[2026-09-03 13:07:54] Purged 9e4ea7a21ad5cd22c18e001ccf849f60c94d4f [Category: Orphaned Hash Cache]
[2026-09-03 13:07:54] Purged aaec1015a5cd59f56f8d00845e1875876c0b63 [Category: Orphaned Hash Cache]
[2026-09-03 13:07:54] Purged 14a2b5495215a662a06fe037db297b5f8556fa [Category: Orphaned Hash Cache]
[2026-09-03 13:07:54] Purged 06710fcb8314843c4d5d8f57990186c257d8dc [Category: Orphaned Hash Cache]
[2026-09-03 13:07:54] Purged 46ae4d4bbacef528174729d2113bef03aa7fa3 [Category: Orphaned Hash Cache]
[2026-09-03 13:07:54] Purged 73d695d015b2b933a408d8de6f9dcb2269594e [Category: Orphaned Hash Cache]
[2026-09-03 13:07:54] Purged 84aeaf157464ead17ed633973fb4876c2848ea [Category: Orphaned Hash Cache]
[2026-09-03 13:07:54] Purged 8c300af6b99aec25ec244adab876c5a98bd5d4 [Category: Orphaned Hash Cache]
[2026-09-03 13:07:54] Purged 3374c62311f7ceed1438e114630dde531c07e4 [Category: Orphaned Hash Cache]
[2026-09-03 13:07:54] Purged 163f8ca198c2d26426b740714d773c4b0f562e [Category: Orphaned Hash Cache]
[2026-09-03 13:07:54] Purged d6b2d405f5c58a7d2b04eea8c31ac6ea7866fb [Category: Orphaned Hash Cache]
[2026-09-03 13:07:54] Purged 146ece5e811aa218f6f6128c539ba9eb5f87e4 [Category: Orphaned Hash Cache]
[2026-09-03 13:07:54] Purged 6020a09350eb4a85cf0c156111bb9ec67d5017 [Category: Orphaned Hash Cache]
[2026-09-03 13:07:54] Purged 1aeb8ac3a1b6d479fa3959051db21a2f60d72c [Category: Orphaned Hash Cache]
[2026-09-03 13:07:54] Purged c37a9891d814ab9ac73e3061717fa3ebf27c0b [Category: Orphaned Hash Cache]
[2026-09-03 13:07:54] Purged 5a16cd326bf05fa1b3af0f43a907dea0f06d03 [Category: Orphaned Hash Cache]
[2026-09-03 13:07:54] Purged c2ce7f18f5648b74600fa98896de05c23b8573 [Category: Orphaned Hash Cache]
[2026-09-03 13:07:54] Purged cd388f16579db456f0173e630f7049d574abf4 [Category: Orphaned Hash Cache]
[2026-09-03 13:07:54] Purged e36c66a4059ce887fbf9f7f4f0b93b97ac9f14 [Category: Orphaned Hash Cache]
[2026-09-03 13:07:54] Purged 3bce5bbc8694afce2cf8ff1b09c273bcf6035c [Category: Orphaned Hash Cache]
[2026-09-03 13:07:54] Purged b0d1bd3c2aa16ddcfc44dbddf46b551aa0f955 [Category: Orphaned Hash Cache]
[2026-09-03 13:07:54] Purged c13049cae64cc6598a47f13d73e335a0fd598b [Category: Orphaned Hash Cache]
[2026-09-03 13:07:54] Purged 71a99b7328a85d50d55b53e41434e9357bbf1e [Category: Orphaned Hash Cache]
[2026-09-03 13:07:54] Purged 2fdb696c17c521d789653b00d572ce9b5ce1c7 [Category: Orphaned Hash Cache]
[2026-09-03 13:07:54] Purged 62795007f89aa9de867ad7a88a4d2e81dc7fcb [Category: Orphaned Hash Cache]
[2026-09-03 13:07:54] Purged 02a173a5b75bcb24f9bb16320856a073fc2459 [Category: Orphaned Hash Cache]
[2026-09-03 13:07:54] Purged 5e3f8f8429fa8fcf4394f0c05b4599e4c90e13 [Category: Orphaned Hash Cache]
[2026-09-03 13:07:54] Purged d4708f94d4696f36eb66366c18ccf8c489bd5c [Category: Orphaned Hash Cache]
[2026-09-03 13:07:54] Purged ca47e6821df0b235fc953e56556a2280bab221 [Category: Orphaned Hash Cache]
[2026-09-03 13:07:54] Purged tmp_obj_7RvfeG [Category: Temporary Artifact]
[2026-09-03 13:07:54] Purged tmp_obj_hIVvnB [Category: Temporary Artifact]
[2026-09-03 13:07:54] Purged 693bc8eaccea8f16f7efadacad8189fa062628 [Category: Orphaned Hash Cache]
[2026-09-03 13:07:54] Purged 1e59cd636513e06d11ee6cee91b28002ea3bba [Category: Orphaned Hash Cache]
[2026-09-03 13:07:54] Purged 495b7923dafacff59825eaa6c3d884ba921ac2 [Category: Orphaned Hash Cache]
[2026-09-03 13:07:54] Purged 6b224d99d20f11d286937265ac8508c223698a [Category: Orphaned Hash Cache]
[2026-09-03 13:07:54] Purged 1c957c26614c4b128503c64179cf9cb6771cdb [Category: Orphaned Hash Cache]
[2026-09-03 13:07:54] Purged 603da93e27902ec2244dd381064e09a36b3c99 [Category: Orphaned Hash Cache]
[2026-09-03 13:07:54] Purged 46f85fd763201b301eca56126c5457b460477d [Category: Orphaned Hash Cache]
[2026-09-03 13:07:54] Purged dca13667d9558cecc18efcaa5673242d1210ff [Category: Orphaned Hash Cache]
[2026-09-03 13:07:54] Purged ef271450a02d2d0f4f4c7d3767fa3920d8b8a7 [Category: Orphaned Hash Cache]
[2026-09-03 13:07:54] Purged 36848277646f2b2f1c4028aa81dd3446d59c41 [Category: Orphaned Hash Cache]
[2026-09-03 13:07:54] Purged b0a3d41361900dd907cc1c3f2047b7f07c2b5e [Category: Orphaned Hash Cache]
[2026-09-03 13:07:54] Purged ceeee0fe69de9d604f57dc14574a850e39f6df [Category: Orphaned Hash Cache]
[2026-09-03 13:07:54] Purged c9daf8b752a1bc0cc83edf1293d06611026f7a [Category: Orphaned Hash Cache]
[2026-09-03 13:07:54] Purged 775322d34e217cbeec2f98e16541581f5dab60 [Category: Orphaned Hash Cache]
[2026-09-03 13:07:54] Purged 9ca91b4c9d72e245e54ccf89c401e1ed28fab3 [Category: Orphaned Hash Cache]
[2026-09-03 13:07:54] Purged 20237c00b794b663731f92d10433007da8cfea [Category: Orphaned Hash Cache]
[2026-09-03 13:07:54] Purged 40695508a2e5e68680dfbc861d94bdc4bab8d6 [Category: Orphaned Hash Cache]
[2026-09-03 13:07:54] Purged f120f824baea1210bf3d24726dbd99e3374c93 [Category: Orphaned Hash Cache]
[2026-09-03 13:07:54] Purged 852d2eaf1467c9374442d1c4e42006ce538b46 [Category: Orphaned Hash Cache]
[2026-09-03 13:07:54] Purged 3e93d22dc3160c6985593aad3973988ffe99d0 [Category: Orphaned Hash Cache]
[2026-09-03 13:07:54] Purged 743babfb17f13fb925f7310b798b6cf3e48413 [Category: Orphaned Hash Cache]
[2026-09-03 13:07:54] Purged 6b99116eabb7fd8727458a0257334bde941070 [Category: Orphaned Hash Cache]
[2026-09-03 13:07:54] Purged 3bd0e7bde39bbe9aa298e104892ca46b93eebc [Category: Orphaned Hash Cache]
[2026-09-03 13:07:54] Purged a196bf0b8f9fd173114a1dc6d021942efe73a6 [Category: Orphaned Hash Cache]
[2026-09-03 13:07:54] Purged 881a1edf0c9afb0e768dffa039c97252d5c294 [Category: Orphaned Hash Cache]
[2026-09-03 13:07:54] Purged 531961840f3f4c85f0c456a9bc3f326c4e3523 [Category: Orphaned Hash Cache]
[2026-09-03 13:07:54] Purged c25e61a2857f3c3e286c61ccbbdadb315157bb [Category: Orphaned Hash Cache]
[2026-09-03 13:07:54] Purged 4e2eb32cd42bb98c6acae6b69e21abd7ae6810 [Category: Orphaned Hash Cache]
[2026-09-03 13:07:54] Purged ecb7c373b1704c9bfb403c07e6b857e29d8804 [Category: Orphaned Hash Cache]
[2026-09-03 13:07:54] Purged 6676e50215de47531310d473962acb78c31b98 [Category: Orphaned Hash Cache]
[2026-09-03 13:07:54] Purged 604ea5b892fab1148abea389a3c7cca590a09a [Category: Orphaned Hash Cache]
[2026-09-03 13:07:54] Purged 2a7b2103c53b06f0eb8069f3411f412f333e54 [Category: Orphaned Hash Cache]
[2026-09-03 13:07:54] Purged 9e4ea7a21ad5cd22c18e001ccf849f60c94d4f [Category: Orphaned Hash Cache]
[2026-09-03 13:07:54] Purged aaec1015a5cd59f56f8d00845e1875876c0b63 [Category: Orphaned Hash Cache]
[2026-09-03 13:07:54] Purged 14a2b5495215a662a06fe037db297b5f8556fa [Category: Orphaned Hash Cache]
[2026-09-03 13:07:54] Purged 06710fcb8314843c4d5d8f57990186c257d8dc [Category: Orphaned Hash Cache]
[2026-09-03 13:07:54] Purged 46ae4d4bbacef528174729d2113bef03aa7fa3 [Category: Orphaned Hash Cache]
[2026-09-03 13:07:54] Purged 73d695d015b2b933a408d8de6f9dcb2269594e [Category: Orphaned Hash Cache]
[2026-09-03 13:07:54] Purged 84aeaf157464ead17ed633973fb4876c2848ea [Category: Orphaned Hash Cache]
[2026-09-03 13:07:54] Purged 8c300af6b99aec25ec244adab876c5a98bd5d4 [Category: Orphaned Hash Cache]
[2026-09-03 13:07:54] Purged 3374c62311f7ceed1438e114630dde531c07e4 [Category: Orphaned Hash Cache]
[2026-09-03 13:07:54] Purged 163f8ca198c2d26426b740714d773c4b0f562e [Category: Orphaned Hash Cache]
[2026-09-03 13:07:54] Purged d6b2d405f5c58a7d2b04eea8c31ac6ea7866fb [Category: Orphaned Hash Cache]
[2026-09-03 13:07:54] Purged 146ece5e811aa218f6f6128c539ba9eb5f87e4 [Category: Orphaned Hash Cache]
[2026-09-03 13:07:54] Purged 6020a09350eb4a85cf0c156111bb9ec67d5017 [Category: Orphaned Hash Cache]
[2026-09-03 13:07:54] Purged 1aeb8ac3a1b6d479fa3959051db21a2f60d72c [Category: Orphaned Hash Cache]
[2026-09-03 13:07:54] Purged c37a9891d814ab9ac73e3061717fa3ebf27c0b [Category: Orphaned Hash Cache]
[2026-09-03 13:07:54] Purged 5a16cd326bf05fa1b3af0f43a907dea0f06d03 [Category: Orphaned Hash Cache]
[2026-09-03 13:07:54] Purged c2ce7f18f5648b74600fa98896de05c23b8573 [Category: Orphaned Hash Cache]
[2026-09-03 13:07:54] Purged cd388f16579db456f0173e630f7049d574abf4 [Category: Orphaned Hash Cache]
[2026-09-03 13:07:54] Purged e36c66a4059ce887fbf9f7f4f0b93b97ac9f14 [Category: Orphaned Hash Cache]
[2026-09-03 13:07:54] Purged 3bce5bbc8694afce2cf8ff1b09c273bcf6035c [Category: Orphaned Hash Cache]
[2026-09-03 13:07:54] Purged b0d1bd3c2aa16ddcfc44dbddf46b551aa0f955 [Category: Orphaned Hash Cache]
[2026-09-03 13:07:54] Purged c13049cae64cc6598a47f13d73e335a0fd598b [Category: Orphaned Hash Cache]
[2026-09-03 13:07:54] Purged 71a99b7328a85d50d55b53e41434e9357bbf1e [Category: Orphaned Hash Cache]
[2026-09-03 13:07:54] Purged 2fdb696c17c521d789653b00d572ce9b5ce1c7 [Category: Orphaned Hash Cache]
[2026-09-03 13:07:54] Purged 62795007f89aa9de867ad7a88a4d2e81dc7fcb [Category: Orphaned Hash Cache]
[2026-09-03 13:07:54] Purged 02a173a5b75bcb24f9bb16320856a073fc2459 [Category: Orphaned Hash Cache]
[2026-09-03 13:07:54] Purged 5e3f8f8429fa8fcf4394f0c05b4599e4c90e13 [Category: Orphaned Hash Cache]
[2026-09-03 13:07:54] Purged d4708f94d4696f36eb66366c18ccf8c489bd5c [Category: Orphaned Hash Cache]
[2026-09-03 13:07:54] Purged ca47e6821df0b235fc953e56556a2280bab221 [Category: Orphaned Hash Cache]
[2026-09-03 13:07:54] Purged tmp_obj_7RvfeG [Category: Temporary Artifact]
[2026-09-03 13:07:54] Purged tmp_obj_hIVvnB [Category: Temporary Artifact]
[2026-09-03 13:07:54] Purged 693bc8eaccea8f16f7efadacad8189fa062628 [Category: Orphaned Hash Cache]
[2026-09-03 13:07:54] Purged 1e59cd636513e06d11ee6cee91b28002ea3bba [Category: Orphaned Hash Cache]
[2026-09-03 13:07:54] Purged 495b7923dafacff59825eaa6c3d884ba921ac2 [Category: Orphaned Hash Cache]
[2026-09-03 13:07:54] Purged 6b224d99d20f11d286937265ac8508c223698a [Category: Orphaned Hash Cache]
[2026-09-03 13:07:54] Purged 1c957c26614c4b128503c64179cf9cb6771cdb [Category: Orphaned Hash Cache]
[2026-09-03 13:07:54] Purged 603da93e27902ec2244dd381064e09a36b3c99 [Category: Orphaned Hash Cache]
[2026-09-03 13:07:54] Purged 46f85fd763201b301eca56126c5457b460477d [Category: Orphaned Hash Cache]
[2026-09-03 13:07:54] Purged dca13667d9558cecc18efcaa5673242d1210ff [Category: Orphaned Hash Cache]
[2026-09-03 13:07:54] Purged ef271450a02d2d0f4f4c7d3767fa3920d8b8a7 [Category: Orphaned Hash Cache]
[2026-09-03 13:07:54] Purged 36848277646f2b2f1c4028aa81dd3446d59c41 [Category: Orphaned Hash Cache]
[2026-09-03 13:07:54] Purged b0a3d41361900dd907cc1c3f2047b7f07c2b5e [Category: Orphaned Hash Cache]
[2026-09-03 13:07:54] Purged ceeee0fe69de9d604f57dc14574a850e39f6df [Category: Orphaned Hash Cache]
[2026-09-03 13:07:54] Purged c9daf8b752a1bc0cc83edf1293d06611026f7a [Category: Orphaned Hash Cache]
[2026-09-03 13:07:54] Purged 775322d34e217cbeec2f98e16541581f5dab60 [Category: Orphaned Hash Cache]
[2026-09-03 13:07:54] Purged 9ca91b4c9d72e245e54ccf89c401e1ed28fab3 [Category: Orphaned Hash Cache]
[2026-09-03 13:07:54] Purged 20237c00b794b663731f92d10433007da8cfea [Category: Orphaned Hash Cache]
[2026-09-03 13:07:54] Purged 40695508a2e5e68680dfbc861d94bdc4bab8d6 [Category: Orphaned Hash Cache]
[2026-09-03 13:07:54] Purged f120f824baea1210bf3d24726dbd99e3374c93 [Category: Orphaned Hash Cache]
[2026-09-03 13:07:54] Purged 852d2eaf1467c9374442d1c4e42006ce538b46 [Category: Orphaned Hash Cache]
[2026-09-03 13:07:54] Purged 3e93d22dc3160c6985593aad3973988ffe99d0 [Category: Orphaned Hash Cache]
[2026-09-03 13:07:54] Purged 743babfb17f13fb925f7310b798b6cf3e48413 [Category: Orphaned Hash Cache]
[2026-09-03 13:07:54] Purged 6b99116eabb7fd8727458a0257334bde941070 [Category: Orphaned Hash Cache]
[2026-09-03 13:07:54] Purged 3bd0e7bde39bbe9aa298e104892ca46b93eebc [Category: Orphaned Hash Cache]
[2026-09-03 13:07:54] Purged a196bf0b8f9fd173114a1dc6d021942efe73a6 [Category: Orphaned Hash Cache]
[2026-09-03 13:07:54] Purged en_US-amy-medium.onnx [Category: Large Binary Blob]
[2026-09-03 13:07:54] Purged 881a1edf0c9afb0e768dffa039c97252d5c294 [Category: Orphaned Hash Cache]
[2026-09-03 13:07:54] Purged 531961840f3f4c85f0c456a9bc3f326c4e3523 [Category: Orphaned Hash Cache]
[2026-09-03 13:07:54] Purged c25e61a2857f3c3e286c61ccbbdadb315157bb [Category: Orphaned Hash Cache]
[2026-09-03 13:07:54] Purged 4e2eb32cd42bb98c6acae6b69e21abd7ae6810 [Category: Orphaned Hash Cache]
[2026-09-03 13:07:54] Purged ecb7c373b1704c9bfb403c07e6b857e29d8804 [Category: Orphaned Hash Cache]
[2026-09-03 13:07:54] Purged 6676e50215de47531310d473962acb78c31b98 [Category: Orphaned Hash Cache]
[2026-09-03 13:07:54] Purged 604ea5b892fab1148abea389a3c7cca590a09a [Category: Orphaned Hash Cache]
[2026-09-03 13:07:54] Purged 2a7b2103c53b06f0eb8069f3411f412f333e54 [Category: Orphaned Hash Cache]
[2026-09-03 13:07:54] Purged 9e4ea7a21ad5cd22c18e001ccf849f60c94d4f [Category: Orphaned Hash Cache]
[2026-09-03 13:07:54] Purged aaec1015a5cd59f56f8d00845e1875876c0b63 [Category: Orphaned Hash Cache]
[2026-09-03 13:07:54] Purged 14a2b5495215a662a06fe037db297b5f8556fa [Category: Orphaned Hash Cache]
[2026-09-03 13:07:54] Purged 06710fcb8314843c4d5d8f57990186c257d8dc [Category: Orphaned Hash Cache]
[2026-09-03 13:07:54] Purged 46ae4d4bbacef528174729d2113bef03aa7fa3 [Category: Orphaned Hash Cache]
[2026-09-03 13:07:54] Purged 73d695d015b2b933a408d8de6f9dcb2269594e [Category: Orphaned Hash Cache]
[2026-09-03 13:07:54] Purged 84aeaf157464ead17ed633973fb4876c2848ea [Category: Orphaned Hash Cache]
[2026-09-03 13:07:54] Purged 8c300af6b99aec25ec244adab876c5a98bd5d4 [Category: Orphaned Hash Cache]
[2026-09-03 13:07:54] Purged 3374c62311f7ceed1438e114630dde531c07e4 [Category: Orphaned Hash Cache]
[2026-09-03 13:07:54] Purged 163f8ca198c2d26426b740714d773c4b0f562e [Category: Orphaned Hash Cache]
[2026-09-03 13:07:54] Purged d6b2d405f5c58a7d2b04eea8c31ac6ea7866fb [Category: Orphaned Hash Cache]
[2026-09-03 13:07:54] Purged 146ece5e811aa218f6f6128c539ba9eb5f87e4 [Category: Orphaned Hash Cache]
[2026-09-03 13:07:54] Purged 6020a09350eb4a85cf0c156111bb9ec67d5017 [Category: Orphaned Hash Cache]
[2026-09-03 13:07:54] Purged 1aeb8ac3a1b6d479fa3959051db21a2f60d72c [Category: Orphaned Hash Cache]
[2026-09-03 13:07:54] Purged c37a9891d814ab9ac73e3061717fa3ebf27c0b [Category: Orphaned Hash Cache]
[2026-09-03 13:07:54] Purged 5a16cd326bf05fa1b3af0f43a907dea0f06d03 [Category: Orphaned Hash Cache]
[2026-09-03 13:07:54] Purged c2ce7f18f5648b74600fa98896de05c23b8573 [Category: Orphaned Hash Cache]
[2026-09-03 13:07:54] Purged cd388f16579db456f0173e630f7049d574abf4 [Category: Orphaned Hash Cache]
[2026-09-03 13:07:54] Purged e36c66a4059ce887fbf9f7f4f0b93b97ac9f14 [Category: Orphaned Hash Cache]
[2026-09-03 13:07:54] Purged 3bce5bbc8694afce2cf8ff1b09c273bcf6035c [Category: Orphaned Hash Cache]
[2026-09-03 13:07:54] Purged b0d1bd3c2aa16ddcfc44dbddf46b551aa0f955 [Category: Orphaned Hash Cache]
[2026-09-03 13:07:54] Purged c13049cae64cc6598a47f13d73e335a0fd598b [Category: Orphaned Hash Cache]
[2026-09-03 13:07:54] Purged 71a99b7328a85d50d55b53e41434e9357bbf1e [Category: Orphaned Hash Cache]
[2026-09-03 13:07:54] Purged 2fdb696c17c521d789653b00d572ce9b5ce1c7 [Category: Orphaned Hash Cache]
[2026-09-03 13:07:54] Purged 62795007f89aa9de867ad7a88a4d2e81dc7fcb [Category: Orphaned Hash Cache]
[2026-09-03 13:07:54] Purged 02a173a5b75bcb24f9bb16320856a073fc2459 [Category: Orphaned Hash Cache]
[2026-09-03 13:07:54] Purged 5e3f8f8429fa8fcf4394f0c05b4599e4c90e13 [Category: Orphaned Hash Cache]
[2026-09-03 13:07:54] Purged d4708f94d4696f36eb66366c18ccf8c489bd5c [Category: Orphaned Hash Cache]
[2026-09-03 13:07:54] Purged ca47e6821df0b235fc953e56556a2280bab221 [Category: Orphaned Hash Cache]
[2026-09-03 13:07:54] Purged tmp_obj_7RvfeG [Category: Temporary Artifact]
[2026-09-03 13:07:54] Purged tmp_obj_hIVvnB [Category: Temporary Artifact]
[2026-09-03 13:07:54] Purged 693bc8eaccea8f16f7efadacad8189fa062628 [Category: Orphaned Hash Cache]
[2026-09-03 13:07:54] Purged 1e59cd636513e06d11ee6cee91b28002ea3bba [Category: Orphaned Hash Cache]
[2026-09-03 13:07:54] Purged 495b7923dafacff59825eaa6c3d884ba921ac2 [Category: Orphaned Hash Cache]
[2026-09-03 13:07:54] Purged 6b224d99d20f11d286937265ac8508c223698a [Category: Orphaned Hash Cache]
[2026-09-03 13:07:54] Purged 1c957c26614c4b128503c64179cf9cb6771cdb [Category: Orphaned Hash Cache]
[2026-09-03 13:07:54] Purged 603da93e27902ec2244dd381064e09a36b3c99 [Category: Orphaned Hash Cache]
[2026-09-03 13:07:54] Purged 46f85fd763201b301eca56126c5457b460477d [Category: Orphaned Hash Cache]
[2026-09-03 13:07:54] Purged dca13667d9558cecc18efcaa5673242d1210ff [Category: Orphaned Hash Cache]
[2026-09-03 13:07:54] Purged ef271450a02d2d0f4f4c7d3767fa3920d8b8a7 [Category: Orphaned Hash Cache]
[2026-09-03 13:07:54] Purged 36848277646f2b2f1c4028aa81dd3446d59c41 [Category: Orphaned Hash Cache]
[2026-09-03 13:07:54] Purged b0a3d41361900dd907cc1c3f2047b7f07c2b5e [Category: Orphaned Hash Cache]
[2026-09-03 13:07:54] Purged ceeee0fe69de9d604f57dc14574a850e39f6df [Category: Orphaned Hash Cache]
[2026-09-03 13:07:54] Purged c9daf8b752a1bc0cc83edf1293d06611026f7a [Category: Orphaned Hash Cache]
[2026-09-03 13:07:54] Purged 775322d34e217cbeec2f98e16541581f5dab60 [Category: Orphaned Hash Cache]
[2026-09-03 13:07:54] Purged 9ca91b4c9d72e245e54ccf89c401e1ed28fab3 [Category: Orphaned Hash Cache]
[2026-09-03 13:07:54] Purged 20237c00b794b663731f92d10433007da8cfea [Category: Orphaned Hash Cache]
[2026-09-03 13:07:54] Purged 40695508a2e5e68680dfbc861d94bdc4bab8d6 [Category: Orphaned Hash Cache]
[2026-09-03 13:07:54] Purged f120f824baea1210bf3d24726dbd99e3374c93 [Category: Orphaned Hash Cache]
[2026-09-03 13:07:54] Purged 852d2eaf1467c9374442d1c4e42006ce538b46 [Category: Orphaned Hash Cache]
[2026-09-03 13:07:54] Purged 3e93d22dc3160c6985593aad3973988ffe99d0 [Category: Orphaned Hash Cache]
[2026-09-03 13:07:54] Purged 743babfb17f13fb925f7310b798b6cf3e48413 [Category: Orphaned Hash Cache]
[2026-09-03 13:07:54] Purged 6b99116eabb7fd8727458a0257334bde941070 [Category: Orphaned Hash Cache]
[2026-09-03 13:07:54] Purged 3bd0e7bde39bbe9aa298e104892ca46b93eebc [Category: Orphaned Hash Cache]
[2026-09-03 13:07:54] Purged a196bf0b8f9fd173114a1dc6d021942efe73a6 [Category: Orphaned Hash Cache]
[2026-09-03 13:07:54] Purged 881a1edf0c9afb0e768dffa039c97252d5c294 [Category: Orphaned Hash Cache]
[2026-09-03 13:07:54] Purged 531961840f3f4c85f0c456a9bc3f326c4e3523 [Category: Orphaned Hash Cache]
[2026-09-03 13:07:54] Purged c25e61a2857f3c3e286c61ccbbdadb315157bb [Category: Orphaned Hash Cache]
[2026-09-03 13:07:54] Purged 4e2eb32cd42bb98c6acae6b69e21abd7ae6810 [Category: Orphaned Hash Cache]
[2026-09-03 13:07:54] Purged ecb7c373b1704c9bfb403c07e6b857e29d8804 [Category: Orphaned Hash Cache]
[2026-09-03 13:07:54] Purged 6676e50215de47531310d473962acb78c31b98 [Category: Orphaned Hash Cache]
[2026-09-03 13:07:54] Purged 604ea5b892fab1148abea389a3c7cca590a09a [Category: Orphaned Hash Cache]
[2026-09-03 13:07:54] Purged 2a7b2103c53b06f0eb8069f3411f412f333e54 [Category: Orphaned Hash Cache]
[2026-09-03 13:07:54] Purged 9e4ea7a21ad5cd22c18e001ccf849f60c94d4f [Category: Orphaned Hash Cache]
[2026-09-03 13:07:54] Purged aaec1015a5cd59f56f8d00845e1875876c0b63 [Category: Orphaned Hash Cache]
[2026-09-03 13:07:54] Purged 14a2b5495215a662a06fe037db297b5f8556fa [Category: Orphaned Hash Cache]
[2026-09-03 13:07:54] Purged 06710fcb8314843c4d5d8f57990186c257d8dc [Category: Orphaned Hash Cache]
[2026-09-03 13:07:54] Purged 46ae4d4bbacef528174729d2113bef03aa7fa3 [Category: Orphaned Hash Cache]
[2026-09-03 13:07:54] Purged 73d695d015b2b933a408d8de6f9dcb2269594e [Category: Orphaned Hash Cache]
[2026-09-03 13:07:54] Purged 84aeaf157464ead17ed633973fb4876c2848ea [Category: Orphaned Hash Cache]
[2026-09-03 13:07:54] Purged 8c300af6b99aec25ec244adab876c5a98bd5d4 [Category: Orphaned Hash Cache]
[2026-09-03 13:07:54] Purged 3374c62311f7ceed1438e114630dde531c07e4 [Category: Orphaned Hash Cache]
[2026-09-03 13:07:54] Purged 163f8ca198c2d26426b740714d773c4b0f562e [Category: Orphaned Hash Cache]
[2026-09-03 13:07:54] Purged d6b2d405f5c58a7d2b04eea8c31ac6ea7866fb [Category: Orphaned Hash Cache]
[2026-09-03 13:07:54] Purged 146ece5e811aa218f6f6128c539ba9eb5f87e4 [Category: Orphaned Hash Cache]
[2026-09-03 13:07:54] Purged 6020a09350eb4a85cf0c156111bb9ec67d5017 [Category: Orphaned Hash Cache]
[2026-09-03 13:07:54] Purged 1aeb8ac3a1b6d479fa3959051db21a2f60d72c [Category: Orphaned Hash Cache]
[2026-09-03 13:07:54] Purged c37a9891d814ab9ac73e3061717fa3ebf27c0b [Category: Orphaned Hash Cache]
[2026-09-03 13:07:54] Purged 5a16cd326bf05fa1b3af0f43a907dea0f06d03 [Category: Orphaned Hash Cache]
[2026-09-03 13:07:54] Purged c2ce7f18f5648b74600fa98896de05c23b8573 [Category: Orphaned Hash Cache]
[2026-09-03 13:07:54] Purged cd388f16579db456f0173e630f7049d574abf4 [Category: Orphaned Hash Cache]
[2026-09-03 13:07:54] Purged e36c66a4059ce887fbf9f7f4f0b93b97ac9f14 [Category: Orphaned Hash Cache]
[2026-09-03 13:07:54] Purged 3bce5bbc8694afce2cf8ff1b09c273bcf6035c [Category: Orphaned Hash Cache]
[2026-09-03 13:07:54] Purged b0d1bd3c2aa16ddcfc44dbddf46b551aa0f955 [Category: Orphaned Hash Cache]
[2026-09-03 13:07:54] Purged c13049cae64cc6598a47f13d73e335a0fd598b [Category: Orphaned Hash Cache]
[2026-09-03 13:07:54] Purged 71a99b7328a85d50d55b53e41434e9357bbf1e [Category: Orphaned Hash Cache]
[2026-09-03 13:07:54] Purged 2fdb696c17c521d789653b00d572ce9b5ce1c7 [Category: Orphaned Hash Cache]
[2026-09-03 13:07:54] Purged 62795007f89aa9de867ad7a88a4d2e81dc7fcb [Category: Orphaned Hash Cache]
[2026-09-03 13:07:54] Purged 02a173a5b75bcb24f9bb16320856a073fc2459 [Category: Orphaned Hash Cache]
[2026-09-03 13:07:54] Purged 5e3f8f8429fa8fcf4394f0c05b4599e4c90e13 [Category: Orphaned Hash Cache]
[2026-09-03 13:07:54] Purged d4708f94d4696f36eb66366c18ccf8c489bd5c [Category: Orphaned Hash Cache]
[2026-09-03 13:07:54] Purged ca47e6821df0b235fc953e56556a2280bab221 [Category: Orphaned Hash Cache]
[2026-09-03 13:07:54] Purged tmp_obj_7RvfeG [Category: Temporary Artifact]
[2026-09-03 13:07:54] Purged tmp_obj_hIVvnB [Category: Temporary Artifact]
[2026-09-03 13:07:54] Purged 693bc8eaccea8f16f7efadacad8189fa062628 [Category: Orphaned Hash Cache]
[2026-09-03 13:07:54] Purged 1e59cd636513e06d11ee6cee91b28002ea3bba [Category: Orphaned Hash Cache]
[2026-09-03 13:07:54] Purged 495b7923dafacff59825eaa6c3d884ba921ac2 [Category: Orphaned Hash Cache]
[2026-09-03 13:07:54] Purged 6b224d99d20f11d286937265ac8508c223698a [Category: Orphaned Hash Cache]
[2026-09-03 13:07:54] Purged 1c957c26614c4b128503c64179cf9cb6771cdb [Category: Orphaned Hash Cache]
[2026-09-03 13:07:54] Purged 603da93e27902ec2244dd381064e09a36b3c99 [Category: Orphaned Hash Cache]
[2026-09-03 13:07:54] Purged 46f85fd763201b301eca56126c5457b460477d [Category: Orphaned Hash Cache]
[2026-09-03 13:07:54] Purged dca13667d9558cecc18efcaa5673242d1210ff [Category: Orphaned Hash Cache]
[2026-09-03 13:07:54] Purged ef271450a02d2d0f4f4c7d3767fa3920d8b8a7 [Category: Orphaned Hash Cache]
[2026-09-03 13:07:54] Purged 36848277646f2b2f1c4028aa81dd3446d59c41 [Category: Orphaned Hash Cache]
[2026-09-03 13:07:54] Purged b0a3d41361900dd907cc1c3f2047b7f07c2b5e [Category: Orphaned Hash Cache]
[2026-09-03 13:07:54] Purged ceeee0fe69de9d604f57dc14574a850e39f6df [Category: Orphaned Hash Cache]
[2026-09-03 13:07:54] Purged c9daf8b752a1bc0cc83edf1293d06611026f7a [Category: Orphaned Hash Cache]
[2026-09-03 13:07:54] Purged 775322d34e217cbeec2f98e16541581f5dab60 [Category: Orphaned Hash Cache]
[2026-09-03 13:07:54] Purged 9ca91b4c9d72e245e54ccf89c401e1ed28fab3 [Category: Orphaned Hash Cache]
[2026-09-03 13:07:54] Purged 20237c00b794b663731f92d10433007da8cfea [Category: Orphaned Hash Cache]
[2026-09-03 13:07:54] Purged 40695508a2e5e68680dfbc861d94bdc4bab8d6 [Category: Orphaned Hash Cache]
[2026-09-03 13:07:54] Purged f120f824baea1210bf3d24726dbd99e3374c93 [Category: Orphaned Hash Cache]
[2026-09-03 13:07:54] Purged 852d2eaf1467c9374442d1c4e42006ce538b46 [Category: Orphaned Hash Cache]
[2026-09-03 13:07:54] Purged 3e93d22dc3160c6985593aad3973988ffe99d0 [Category: Orphaned Hash Cache]
[2026-09-03 13:07:54] Purged 743babfb17f13fb925f7310b798b6cf3e48413 [Category: Orphaned Hash Cache]
[2026-09-03 13:07:54] Purged 6b99116eabb7fd8727458a0257334bde941070 [Category: Orphaned Hash Cache]
[2026-09-03 13:07:54] Purged 3bd0e7bde39bbe9aa298e104892ca46b93eebc [Category: Orphaned Hash Cache]
[2026-09-03 13:07:54] Purged a196bf0b8f9fd173114a1dc6d021942efe73a6 [Category: Orphaned Hash Cache]
[2026-09-03 13:07:54] Purged 881a1edf0c9afb0e768dffa039c97252d5c294 [Category: Orphaned Hash Cache]
[2026-09-03 13:07:54] Purged 531961840f3f4c85f0c456a9bc3f326c4e3523 [Category: Orphaned Hash Cache]
[2026-09-03 13:07:54] Purged c25e61a2857f3c3e286c61ccbbdadb315157bb [Category: Orphaned Hash Cache]
[2026-09-03 13:07:54] Purged 4e2eb32cd42bb98c6acae6b69e21abd7ae6810 [Category: Orphaned Hash Cache]
[2026-09-03 13:07:54] Purged ecb7c373b1704c9bfb403c07e6b857e29d8804 [Category: Orphaned Hash Cache]
[2026-09-03 13:07:54] Purged 6676e50215de47531310d473962acb78c31b98 [Category: Orphaned Hash Cache]
[2026-09-03 13:07:54] Purged 604ea5b892fab1148abea389a3c7cca590a09a [Category: Orphaned Hash Cache]
[2026-09-03 13:07:54] Purged 2a7b2103c53b06f0eb8069f3411f412f333e54 [Category: Orphaned Hash Cache]
[2026-09-03 13:07:54] Purged 9e4ea7a21ad5cd22c18e001ccf849f60c94d4f [Category: Orphaned Hash Cache]
[2026-09-03 13:07:54] Purged aaec1015a5cd59f56f8d00845e1875876c0b63 [Category: Orphaned Hash Cache]
[2026-09-03 13:07:54] Purged 14a2b5495215a662a06fe037db297b5f8556fa [Category: Orphaned Hash Cache]
[2026-09-03 13:07:54] Purged 06710fcb8314843c4d5d8f57990186c257d8dc [Category: Orphaned Hash Cache]
[2026-09-03 13:07:54] Purged 46ae4d4bbacef528174729d2113bef03aa7fa3 [Category: Orphaned Hash Cache]
[2026-09-03 13:07:54] Purged 73d695d015b2b933a408d8de6f9dcb2269594e [Category: Orphaned Hash Cache]
[2026-09-03 13:07:54] Purged 84aeaf157464ead17ed633973fb4876c2848ea [Category: Orphaned Hash Cache]
[2026-09-03 13:07:54] Purged 8c300af6b99aec25ec244adab876c5a98bd5d4 [Category: Orphaned Hash Cache]
[2026-09-03 13:07:54] Purged 3374c62311f7ceed1438e114630dde531c07e4 [Category: Orphaned Hash Cache]
[2026-09-03 13:07:54] Purged 163f8ca198c2d26426b740714d773c4b0f562e [Category: Orphaned Hash Cache]
[2026-09-03 13:07:54] Purged d6b2d405f5c58a7d2b04eea8c31ac6ea7866fb [Category: Orphaned Hash Cache]
[2026-09-03 13:07:54] Purged 146ece5e811aa218f6f6128c539ba9eb5f87e4 [Category: Orphaned Hash Cache]
[2026-09-03 13:07:54] Purged 6020a09350eb4a85cf0c156111bb9ec67d5017 [Category: Orphaned Hash Cache]
[2026-09-03 13:07:54] Purged 1aeb8ac3a1b6d479fa3959051db21a2f60d72c [Category: Orphaned Hash Cache]
[2026-09-03 13:07:54] Purged c37a9891d814ab9ac73e3061717fa3ebf27c0b [Category: Orphaned Hash Cache]
[2026-09-03 13:07:54] Purged 5a16cd326bf05fa1b3af0f43a907dea0f06d03 [Category: Orphaned Hash Cache]
[2026-09-03 13:07:54] Purged c2ce7f18f5648b74600fa98896de05c23b8573 [Category: Orphaned Hash Cache]
[2026-09-03 13:07:54] Purged cd388f16579db456f0173e630f7049d574abf4 [Category: Orphaned Hash Cache]
[2026-09-03 13:07:54] Purged e36c66a4059ce887fbf9f7f4f0b93b97ac9f14 [Category: Orphaned Hash Cache]
[2026-09-03 13:07:54] Purged 3bce5bbc8694afce2cf8ff1b09c273bcf6035c [Category: Orphaned Hash Cache]
[2026-09-03 13:07:54] Purged b0d1bd3c2aa16ddcfc44dbddf46b551aa0f955 [Category: Orphaned Hash Cache]
[2026-09-03 13:07:54] Purged c13049cae64cc6598a47f13d73e335a0fd598b [Category: Orphaned Hash Cache]
[2026-09-03 13:07:54] Purged 71a99b7328a85d50d55b53e41434e9357bbf1e [Category: Orphaned Hash Cache]
[2026-09-03 13:07:54] Purged 2fdb696c17c521d789653b00d572ce9b5ce1c7 [Category: Orphaned Hash Cache]
[2026-09-03 13:07:54] Purged 62795007f89aa9de867ad7a88a4d2e81dc7fcb [Category: Orphaned Hash Cache]
[2026-09-03 13:07:54] Purged 02a173a5b75bcb24f9bb16320856a073fc2459 [Category: Orphaned Hash Cache]
[2026-09-03 13:07:54] Purged 5e3f8f8429fa8fcf4394f0c05b4599e4c90e13 [Category: Orphaned Hash Cache]
[2026-09-03 13:07:54] Purged d4708f94d4696f36eb66366c18ccf8c489bd5c [Category: Orphaned Hash Cache]
[2026-09-03 13:07:54] Purged ca47e6821df0b235fc953e56556a2280bab221 [Category: Orphaned Hash Cache]
[2026-09-03 13:07:54] Purged tmp_obj_7RvfeG [Category: Temporary Artifact]
[2026-09-03 13:07:54] Purged tmp_obj_hIVvnB [Category: Temporary Artifact]
[2026-09-03 13:07:54] Purged 693bc8eaccea8f16f7efadacad8189fa062628 [Category: Orphaned Hash Cache]
[2026-09-03 13:07:54] Purged 1e59cd636513e06d11ee6cee91b28002ea3bba [Category: Orphaned Hash Cache]
[2026-09-03 13:07:54] Purged 495b7923dafacff59825eaa6c3d884ba921ac2 [Category: Orphaned Hash Cache]
[2026-09-03 13:07:54] Purged 6b224d99d20f11d286937265ac8508c223698a [Category: Orphaned Hash Cache]
[2026-09-03 13:07:54] Purged 1c957c26614c4b128503c64179cf9cb6771cdb [Category: Orphaned Hash Cache]
[2026-09-03 13:07:54] Purged 603da93e27902ec2244dd381064e09a36b3c99 [Category: Orphaned Hash Cache]
[2026-09-03 13:07:54] Purged 46f85fd763201b301eca56126c5457b460477d [Category: Orphaned Hash Cache]
[2026-09-03 13:07:54] Purged dca13667d9558cecc18efcaa5673242d1210ff [Category: Orphaned Hash Cache]
[2026-09-03 13:07:54] Purged ef271450a02d2d0f4f4c7d3767fa3920d8b8a7 [Category: Orphaned Hash Cache]
[2026-09-03 13:07:54] Purged 36848277646f2b2f1c4028aa81dd3446d59c41 [Category: Orphaned Hash Cache]
[2026-09-03 13:07:54] Purged b0a3d41361900dd907cc1c3f2047b7f07c2b5e [Category: Orphaned Hash Cache]
[2026-09-03 13:07:54] Purged ceeee0fe69de9d604f57dc14574a850e39f6df [Category: Orphaned Hash Cache]
[2026-09-03 13:07:54] Purged c9daf8b752a1bc0cc83edf1293d06611026f7a [Category: Orphaned Hash Cache]
[2026-09-03 13:07:54] Purged 775322d34e217cbeec2f98e16541581f5dab60 [Category: Orphaned Hash Cache]
[2026-09-03 13:07:54] Purged 9ca91b4c9d72e245e54ccf89c401e1ed28fab3 [Category: Orphaned Hash Cache]
[2026-09-03 13:07:54] Purged 20237c00b794b663731f92d10433007da8cfea [Category: Orphaned Hash Cache]
[2026-09-03 13:07:54] Purged 40695508a2e5e68680dfbc861d94bdc4bab8d6 [Category: Orphaned Hash Cache]
[2026-09-03 13:07:54] Purged f120f824baea1210bf3d24726dbd99e3374c93 [Category: Orphaned Hash Cache]
[2026-09-03 13:07:54] Purged 852d2eaf1467c9374442d1c4e42006ce538b46 [Category: Orphaned Hash Cache]
[2026-09-03 13:07:54] Purged 3e93d22dc3160c6985593aad3973988ffe99d0 [Category: Orphaned Hash Cache]
[2026-09-03 13:07:54] Purged 743babfb17f13fb925f7310b798b6cf3e48413 [Category: Orphaned Hash Cache]
[2026-09-03 13:07:54] Purged 6b99116eabb7fd8727458a0257334bde941070 [Category: Orphaned Hash Cache]
[2026-09-03 13:07:54] Purged 3bd0e7bde39bbe9aa298e104892ca46b93eebc [Category: Orphaned Hash Cache]
[2026-09-03 13:07:54] Purged a196bf0b8f9fd173114a1dc6d021942efe73a6 [Category: Orphaned Hash Cache]
[2026-09-03 13:07:54] Purged en_US-amy-medium.onnx [Category: Large Binary Blob]
